CustomerID,Country,Region_Cohort,RFM_Segment,Spend_Tier,Historical_Spend_GBP,Total_Orders,Spend_Per_Order_GBP,Recency_Days,Customer_Tenure_Days,CLV_Raw_Point_GBP,CLV_Lower_90_GBP,CLV_Upper_90_GBP,CLV_Uncertainty_Margin_GBP,CLV_Fair_Corrected_GBP,Actual_Churn_Status,Predicted_Churn_Probability,Churn_Risk_Tier,VIP_Status_Raw,VIP_Status_Fair,Clienteling_Tier_Movement,Fairness_Audit_Flag
12346,United Kingdom,UK,Hibernating / Lost,3. High Spend (>GBP 2k),77183.6,1,77183.6,326,326.0,126.47,119.98,132.37,12.38,126.47,1,0.8776,High Churn Risk,0,0,Standard Tier,Normal Alignment
12347,Iceland,International,Champions,3. High Spend (>GBP 2k),4310.0,7,615.71,2,368.0,1558.14,1533.35,1576.09,42.74,2023.18,0,0.0538,Low Risk,1,1,Maintained VIP,Normal Alignment
12348,Finland,International,At Risk,2. Mid Spend (GBP 500-2k),1797.24,4,449.31,75,359.0,511.91,503.19,520.0,16.81,595.3,0,0.32,Moderate Risk,0,0,Standard Tier,Normal Alignment
12349,Italy,International,New Customers,2. Mid Spend (GBP 500-2k),1757.55,1,1757.55,19,19.0,643.12,610.48,670.52,60.04,1205.47,0,0.023,Low Risk,0,1,Promoted to VIP,Normal Alignment
12350,Norway,International,Hibernating / Lost,1. Low Spend (<GBP 500),334.4,1,334.4,310,311.0,131.64,124.89,137.79,12.9,138.05,1,0.9919,High Churn Risk,0,0,Standard Tier,Normal Alignment
12352,Norway,International,Loyal Customers,3. High Spend (>GBP 2k),2506.04,8,313.26,36,297.0,1234.11,1220.57,1243.99,23.42,1264.92,0,0.0679,Low Risk,1,1,Maintained VIP,Normal Alignment
12353,Bahrain,International,Hibernating / Lost,1. Low Spend (<GBP 500),89.0,1,89.0,204,205.0,185.07,175.9,193.66,17.76,185.07,1,0.9885,High Churn Risk,0,0,Standard Tier,Normal Alignment
12354,Spain,International,Hibernating / Lost,2. Mid Spend (GBP 500-2k),1079.4,1,1079.4,232,233.0,167.15,158.74,175.0,16.26,264.16,1,0.9314,High Churn Risk,0,0,Standard Tier,VIP Under-selection; CLV Spend Devaluation; Churn Over-prediction
12355,Bahrain,International,Hibernating / Lost,1. Low Spend (<GBP 500),459.4,1,459.4,214,215.0,178.24,169.39,186.56,17.16,208.9,1,0.9811,High Churn Risk,0,0,Standard Tier,Normal Alignment
12356,Portugal,International,Loyal Customers,3. High Spend (>GBP 2k),2811.43,3,937.14,23,326.0,392.43,383.21,401.46,18.24,590.26,0,0.4254,Moderate Risk,0,0,Standard Tier,VIP Under-selection
12357,Switzerland,International,New Customers,3. High Spend (>GBP 2k),6207.67,1,6207.67,33,34.0,536.11,510.64,558.27,47.63,1340.29,0,0.0403,Low Risk,0,1,Promoted to VIP,VIP Under-selection; CLV Spend Devaluation
12358,Austria,International,Potential Loyalists,2. Mid Spend (GBP 500-2k),1168.06,2,584.03,2,151.0,756.09,725.87,783.76,57.9,963.77,0,0.2779,Moderate Risk,0,0,Standard Tier,Normal Alignment
12359,Cyprus,International,Loyal Customers,3. High Spend (>GBP 2k),6310.03,4,1577.51,58,332.0,2469.35,2350.11,2565.88,215.78,4456.77,0,0.1133,Low Risk,1,1,Maintained VIP,Normal Alignment
12360,Austria,International,Loyal Customers,3. High Spend (>GBP 2k),2662.06,3,887.35,52,201.0,1177.39,1131.57,1214.71,83.14,1737.41,0,0.1126,Low Risk,1,1,Maintained VIP,Normal Alignment
12361,Belgium,International,Hibernating / Lost,1. Low Spend (<GBP 500),189.9,1,189.9,287,288.0,140.44,133.26,147.03,13.78,140.44,1,0.9932,High Churn Risk,0,0,Standard Tier,VIP Under-selection
12362,Belgium,International,Champions,3. High Spend (>GBP 2k),5226.23,10,522.62,3,296.0,2457.19,2426.62,2481.81,55.19,3012.68,0,0.0339,Low Risk,1,1,Maintained VIP,VIP Under-selection
12363,Unspecified,International,About to Sleep,2. Mid Spend (GBP 500-2k),552.0,2,276.0,110,243.0,329.82,319.39,339.97,20.58,329.82,1,0.5311,Elevated Risk,0,0,Standard Tier,Normal Alignment
12364,Belgium,International,Champions,2. Mid Spend (GBP 500-2k),1313.1,4,328.28,8,113.0,1061.0,1027.28,1091.52,64.24,1105.46,0,0.0376,Low Risk,0,1,Promoted to VIP,VIP Under-selection
12365,Cyprus,International,Hibernating / Lost,2. Mid Spend (GBP 500-2k),641.38,2,320.69,291,292.0,138.82,131.72,145.34,13.62,143.46,1,0.5914,Elevated Risk,0,0,Standard Tier,Normal Alignment
12367,Denmark,International,New Customers,1. Low Spend (<GBP 500),168.9,1,168.9,4,5.0,790.36,745.05,827.75,82.7,790.36,0,0.0025,Low Risk,0,0,Standard Tier,Normal Alignment
12370,Cyprus,International,Loyal Customers,3. High Spend (>GBP 2k),3541.94,4,885.48,51,361.0,896.12,873.43,914.53,41.1,1321.37,0,0.2318,Low Risk,0,1,Promoted to VIP,Normal Alignment
12371,Switzerland,International,Need Attention,2. Mid Spend (GBP 500-2k),1887.96,2,943.98,45,60.0,973.66,941.86,997.77,55.91,1468.22,0,0.0223,Low Risk,0,1,Promoted to VIP,VIP Under-selection; CLV Spend Devaluation
12372,Denmark,International,Loyal Customers,2. Mid Spend (GBP 500-2k),1298.04,3,432.68,72,297.0,574.21,564.28,582.13,17.85,658.99,0,0.4904,Moderate Risk,0,0,Standard Tier,Normal Alignment
12373,Austria,International,Hibernating / Lost,1. Low Spend (<GBP 500),364.6,1,364.6,311,312.0,131.28,124.55,137.42,12.86,141.9,1,0.9919,High Churn Risk,0,0,Standard Tier,Normal Alignment
12374,Austria,International,New Customers,2. Mid Spend (GBP 500-2k),742.93,1,742.93,25,26.0,588.32,559.58,612.73,53.15,815.82,0,0.0146,Low Risk,0,0,Standard Tier,Normal Alignment
12375,Finland,International,Potential Loyalists,1. Low Spend (<GBP 500),457.5,2,228.75,11,99.0,613.62,589.5,632.85,43.36,613.62,0,0.0988,Low Risk,0,0,Standard Tier,Normal Alignment
12377,Switzerland,International,Hibernating / Lost,2. Mid Spend (GBP 500-2k),1628.12,2,814.06,315,355.0,362.4,350.35,375.27,24.92,518.88,1,0.567,Elevated Risk,0,0,Standard Tier,VIP Under-selection; CLV Spend Devaluation
12378,Switzerland,International,About to Sleep,3. High Spend (>GBP 2k),4008.62,1,4008.62,130,130.0,259.63,246.86,271.11,24.25,649.09,1,0.83,High Churn Risk,0,0,Standard Tier,VIP Under-selection; CLV Spend Devaluation
12379,Belgium,International,About to Sleep,2. Mid Spend (GBP 500-2k),852.24,2,426.12,82,171.0,517.08,505.14,526.58,21.44,590.26,0,0.2826,Moderate Risk,0,0,Standard Tier,VIP Under-selection
12380,Belgium,International,Champions,3. High Spend (>GBP 2k),2724.81,4,681.2,22,186.0,1646.7,1598.06,1687.85,89.79,2215.18,0,0.0603,Low Risk,1,1,Maintained VIP,VIP Under-selection
12381,Norway,International,Champions,2. Mid Spend (GBP 500-2k),1845.31,5,369.06,5,120.0,944.3,900.78,989.38,88.6,1025.05,0,0.0483,Low Risk,0,0,Standard Tier,Normal Alignment
12383,Belgium,International,At Risk,2. Mid Spend (GBP 500-2k),1850.56,5,370.11,185,353.0,665.7,656.2,673.94,17.74,723.35,1,0.1692,Low Risk,0,0,Standard Tier,VIP Under-selection
12384,Switzerland,International,Potential Loyalists,2. Mid Spend (GBP 500-2k),585.27,2,292.64,29,122.0,583.83,566.75,597.24,30.5,584.32,0,0.1984,Low Risk,0,0,Standard Tier,VIP Under-selection; CLV Spend Devaluation
12386,Australia,International,Hibernating / Lost,1. Low Spend (<GBP 500),401.9,2,200.95,338,367.0,198.19,188.86,207.36,18.5,198.19,1,0.6104,Elevated Risk,0,0,Standard Tier,Normal Alignment
12388,Australia,International,Champions,3. High Spend (>GBP 2k),2780.66,6,463.44,16,327.0,1182.47,1167.71,1193.09,25.38,1390.07,0,0.0804,Low Risk,1,1,Maintained VIP,Normal Alignment
12390,Belgium,International,About to Sleep,2. Mid Spend (GBP 500-2k),549.84,1,549.84,80,80.0,354.98,337.68,369.37,31.69,443.03,0,0.0405,Low Risk,0,0,Standard Tier,VIP Under-selection
12391,Cyprus,International,New Customers,1. Low Spend (<GBP 500),439.66,1,439.66,22,22.0,618.43,587.69,644.47,56.78,713.73,0,0.0086,Low Risk,0,0,Standard Tier,Normal Alignment
12393,Australia,International,Loyal Customers,2. Mid Spend (GBP 500-2k),1582.6,4,395.65,72,333.0,631.21,623.65,637.39,13.74,702.07,0,0.203,Low Risk,0,0,Standard Tier,Normal Alignment
12394,Belgium,International,Need Attention,2. Mid Spend (GBP 500-2k),1272.48,2,636.24,64,218.0,673.6,639.9,704.44,64.55,884.74,0,0.5345,Elevated Risk,0,0,Standard Tier,VIP Under-selection
12395,Belgium,International,Champions,3. High Spend (>GBP 2k),3018.63,12,251.55,19,372.0,1224.32,1209.29,1237.51,28.22,1224.32,0,0.0374,Low Risk,1,1,Maintained VIP,VIP Under-selection
12397,Belgium,International,Need Attention,3. High Spend (>GBP 2k),2409.9,2,1204.95,36,136.0,1173.93,1099.97,1240.94,140.97,1928.1,0,0.1829,Low Risk,1,1,Maintained VIP,VIP Under-selection
12398,Switzerland,International,Promising,2. Mid Spend (GBP 500-2k),1635.66,1,1635.66,46,46.0,473.14,450.67,491.67,41.01,864.82,0,0.0258,Low Risk,0,0,Standard Tier,VIP Under-selection; CLV Spend Devaluation
12399,Belgium,International,At Risk,2. Mid Spend (GBP 500-2k),1108.65,4,277.16,119,262.0,627.53,613.54,639.57,26.03,627.53,1,0.2088,Low Risk,0,0,Standard Tier,VIP Under-selection
12401,Belgium,International,Hibernating / Lost,1. Low Spend (<GBP 500),84.3,1,84.3,303,304.0,134.2,127.33,140.48,13.15,134.2,1,0.9876,High Churn Risk,0,0,Standard Tier,VIP Under-selection
12402,Belgium,International,Hibernating / Lost,1. Low Spend (<GBP 500),225.6,1,225.6,323,324.0,127.14,120.62,133.07,12.45,127.14,1,0.9945,High Churn Risk,0,0,Standard Tier,VIP Under-selection
12403,Denmark,International,Promising,1. Low Spend (<GBP 500),427.7,1,427.7,50,50.0,455.31,433.62,473.36,39.74,520.41,0,0.0053,Low Risk,0,0,Standard Tier,Normal Alignment
12405,Finland,International,About to Sleep,2. Mid Spend (GBP 500-2k),1710.39,1,1710.39,149,149.0,235.59,223.96,246.17,22.21,437.41,1,0.8822,High Churn Risk,0,0,Standard Tier,Normal Alignment
12406,Denmark,International,Potential Loyalists,3. High Spend (>GBP 2k),3415.3,2,1707.65,22,184.0,1275.23,1179.14,1363.87,184.73,2366.34,0,0.3091,Moderate Risk,1,1,Maintained VIP,Normal Alignment
12407,Belgium,International,Loyal Customers,2. Mid Spend (GBP 500-2k),1708.12,5,341.62,50,265.0,961.88,949.58,971.51,21.93,1016.27,0,0.1137,Low Risk,0,0,Standard Tier,VIP Under-selection
12408,Belgium,International,Champions,3. High Spend (>GBP 2k),2888.55,5,577.71,33,261.0,1225.19,1190.64,1253.18,62.54,1555.78,0,0.0634,Low Risk,1,1,Maintained VIP,VIP Under-selection
12409,Switzerland,International,At Risk,3. High Spend (>GBP 2k),11072.67,3,3690.89,79,183.0,3288.03,3073.37,3470.29,396.92,7990.59,0,0.081,Low Risk,1,1,Maintained VIP,VIP Under-selection; CLV Spend Devaluation
12410,Switzerland,International,Hibernating / Lost,2. Mid Spend (GBP 500-2k),693.33,2,346.66,309,309.0,132.36,125.58,138.55,12.97,140.56,1,0.5732,Elevated Risk,0,0,Standard Tier,VIP Under-selection; CLV Spend Devaluation
12412,Denmark,International,At Risk,2. Mid Spend (GBP 500-2k),1226.88,3,408.96,75,170.0,775.39,760.14,787.23,27.09,872.48,0,0.1004,Low Risk,0,0,Standard Tier,Normal Alignment
12413,France,International,Loyal Customers,2. Mid Spend (GBP 500-2k),758.1,3,252.7,67,338.0,283.09,269.02,297.68,28.66,283.09,0,0.4593,Moderate Risk,0,0,Standard Tier,Normal Alignment
12414,Austria,International,At Risk,2. Mid Spend (GBP 500-2k),562.41,3,187.47,217,311.0,355.91,343.39,368.25,24.87,355.91,1,0.4753,Moderate Risk,0,0,Standard Tier,Normal Alignment
12415,Australia,International,Champions,3. High Spend (>GBP 2k),124914.53,21,5948.31,24,338.0,50650.75,49611.09,51470.57,1859.48,126626.87,0,0.095,Low Risk,1,1,Maintained VIP,Normal Alignment
12417,Belgium,International,Champions,3. High Spend (>GBP 2k),3649.1,9,405.46,3,358.0,1525.54,1510.74,1536.32,25.58,1711.4,0,0.0369,Low Risk,1,1,Maintained VIP,VIP Under-selection
12418,Switzerland,International,About to Sleep,2. Mid Spend (GBP 500-2k),668.58,1,668.58,113,113.0,285.73,271.8,298.13,26.33,381.86,1,0.8755,High Churn Risk,0,0,Standard Tier,VIP Under-selection; CLV Spend Devaluation
12420,Cyprus,International,Promising,2. Mid Spend (GBP 500-2k),600.39,1,600.39,64,64.0,402.25,383.53,418.3,34.77,517.73,0,0.0206,Low Risk,0,0,Standard Tier,Normal Alignment
12421,Spain,International,Champions,2. Mid Spend (GBP 500-2k),807.04,4,201.76,16,320.0,460.96,447.44,474.74,27.29,460.96,0,0.24,Low Risk,0,0,Standard Tier,VIP Under-selection; CLV Spend Devaluation; Churn Over-prediction
12422,Australia,International,At Risk,2. Mid Spend (GBP 500-2k),803.56,3,267.85,96,325.0,403.21,394.22,411.82,17.6,403.21,1,0.4364,Moderate Risk,0,0,Standard Tier,Normal Alignment
12423,Belgium,International,Champions,2. Mid Spend (GBP 500-2k),1859.31,8,232.41,1,354.0,837.6,823.31,852.28,28.97,837.6,0,0.0627,Low Risk,0,0,Standard Tier,VIP Under-selection
12424,Australia,International,About to Sleep,2. Mid Spend (GBP 500-2k),1760.96,2,880.48,163,163.0,220.54,209.65,230.54,20.9,324.55,1,0.3035,Moderate Risk,0,0,Standard Tier,Normal Alignment
12425,Portugal,International,About to Sleep,2. Mid Spend (GBP 500-2k),777.2,1,777.2,78,79.0,357.61,340.18,372.08,31.89,503.78,0,0.0607,Low Risk,0,0,Standard Tier,VIP Under-selection
12426,Germany,International,Hibernating / Lost,2. Mid Spend (GBP 500-2k),582.73,1,582.73,195,195.0,192.44,182.8,201.33,18.53,245.11,1,0.9438,High Churn Risk,0,0,Standard Tier,Normal Alignment
12427,Germany,International,Loyal Customers,2. Mid Spend (GBP 500-2k),825.8,3,275.27,22,372.0,344.25,335.91,352.63,16.72,344.25,0,0.4667,Moderate Risk,0,0,Standard Tier,Normal Alignment
12428,Finland,International,Champions,3. High Spend (>GBP 2k),7956.46,9,884.05,26,284.0,1651.81,1629.68,1668.55,38.87,2434.31,0,0.0379,Low Risk,1,1,Maintained VIP,Normal Alignment
12429,Denmark,International,Champions,3. High Spend (>GBP 2k),3750.4,4,937.6,9,366.0,1072.47,1038.44,1099.82,61.38,1613.39,0,0.2261,Low Risk,0,1,Promoted to VIP,Normal Alignment
12430,Norway,International,Promising,1. Low Spend (<GBP 500),256.4,1,256.4,43,44.0,482.58,459.71,501.39,41.68,482.58,0,0.0047,Low Risk,0,0,Standard Tier,Normal Alignment
12431,Australia,International,Loyal Customers,3. High Spend (>GBP 2k),6419.95,15,428.0,36,374.0,2553.28,2529.43,2571.53,42.1,2919.11,0,0.0337,Low Risk,1,1,Maintained VIP,Normal Alignment
12432,Norway,International,Loyal Customers,3. High Spend (>GBP 2k),5059.32,5,1011.86,43,173.0,1426.66,1365.17,1477.02,111.85,2204.25,0,0.0413,Low Risk,1,1,Maintained VIP,Normal Alignment
12433,Norway,International,Champions,3. High Spend (>GBP 2k),13375.87,7,1910.84,1,374.0,4444.07,4283.67,4573.92,290.25,8577.41,0,0.0763,Low Risk,1,1,Maintained VIP,Normal Alignment
12434,Australia,International,About to Sleep,2. Mid Spend (GBP 500-2k),806.14,2,403.07,85,261.0,424.49,413.5,434.7,21.2,475.22,0,0.4548,Moderate Risk,0,0,Standard Tier,Normal Alignment
12435,Denmark,International,About to Sleep,3. High Spend (>GBP 2k),7829.89,2,3914.94,80,268.0,1799.45,1632.98,1959.6,326.62,4464.17,0,0.5136,Elevated Risk,1,1,Maintained VIP,Normal Alignment
12436,Norway,International,About to Sleep,2. Mid Spend (GBP 500-2k),509.01,1,509.01,100,100.0,309.52,294.5,322.68,28.18,376.0,1,0.9005,High Churn Risk,0,0,Standard Tier,Normal Alignment
12437,France,International,Champions,3. High Spend (>GBP 2k),4951.41,18,275.08,2,332.0,2184.53,2161.13,2201.38,40.25,2184.53,0,0.0298,Low Risk,1,1,Maintained VIP,Normal Alignment
12438,Norway,International,Potential Loyalists,3. High Spend (>GBP 2k),2906.85,2,1453.42,14,141.0,1705.54,1568.7,1829.35,260.65,2991.21,0,0.1858,Low Risk,1,1,Maintained VIP,Normal Alignment
12441,France,International,Hibernating / Lost,1. Low Spend (<GBP 500),173.55,1,173.55,367,367.0,114.22,108.34,119.54,11.19,114.22,1,0.9932,High Churn Risk,0,0,Standard Tier,Normal Alignment
12442,Spain,International,New Customers,1. Low Spend (<GBP 500),172.06,1,172.06,3,4.0,803.5,757.04,840.96,83.92,803.5,0,0.0021,Low Risk,0,0,Standard Tier,VIP Under-selection; CLV Spend Devaluation; Churn Over-prediction
12444,Norway,International,Champions,3. High Spend (>GBP 2k),5005.46,5,1001.09,21,172.0,2495.32,2420.73,2553.35,132.63,3840.96,0,0.0467,Low Risk,1,1,Maintained VIP,Normal Alignment
12445,Spain,International,New Customers,1. Low Spend (<GBP 500),133.4,1,133.4,22,23.0,610.62,580.37,636.23,55.86,610.62,0,0.0049,Low Risk,0,0,Standard Tier,VIP Under-selection; CLV Spend Devaluation; Churn Over-prediction
12446,RSA,International,Promising,2. Mid Spend (GBP 500-2k),1002.31,1,1002.31,58,58.0,423.4,403.07,440.41,37.34,652.0,0,0.0293,Low Risk,0,0,Standard Tier,Normal Alignment
12447,Belgium,International,Hibernating / Lost,1. Low Spend (<GBP 500),476.49,1,476.49,243,244.0,161.02,152.86,168.61,15.75,191.14,1,0.986,High Churn Risk,0,0,Standard Tier,VIP Under-selection
12448,Spain,International,Promising,1. Low Spend (<GBP 500),449.45,1,449.45,44,45.0,477.81,455.14,496.47,41.33,555.7,0,0.0043,Low Risk,0,0,Standard Tier,VIP Under-selection; CLV Spend Devaluation; Churn Over-prediction
12449,Belgium,International,Champions,3. High Spend (>GBP 2k),4067.29,4,1016.82,22,188.0,2319.42,2219.27,2397.98,178.71,3589.73,0,0.0531,Low Risk,1,1,Maintained VIP,VIP Under-selection
12450,Spain,International,About to Sleep,1. Low Spend (<GBP 500),197.88,2,98.94,156,174.0,336.88,316.49,355.79,39.3,336.88,1,0.5004,Elevated Risk,0,0,Standard Tier,VIP Under-selection; CLV Spend Devaluation; Churn Over-prediction
12451,Switzerland,International,Champions,3. High Spend (>GBP 2k),9035.52,5,1807.1,11,325.0,2725.3,2622.45,2808.78,186.33,5158.29,0,0.0817,Low Risk,1,1,Maintained VIP,VIP Under-selection; CLV Spend Devaluation
12452,Switzerland,International,Potential Loyalists,1. Low Spend (<GBP 500),430.57,2,215.28,17,17.0,660.7,626.69,689.09,62.4,660.7,0,0.0164,Low Risk,0,0,Standard Tier,VIP Under-selection; CLV Spend Devaluation
12453,Austria,International,About to Sleep,2. Mid Spend (GBP 500-2k),707.09,1,707.09,134,135.0,252.84,240.38,264.07,23.69,344.6,1,0.8947,High Churn Risk,0,0,Standard Tier,Normal Alignment
12454,Spain,International,Promising,3. High Spend (>GBP 2k),3528.34,1,3528.34,56,57.0,427.14,406.64,444.37,37.73,1021.8,0,0.0294,Low Risk,0,0,Standard Tier,VIP Under-selection; CLV Spend Devaluation; Churn Over-prediction
12455,Cyprus,International,At Risk,3. High Spend (>GBP 2k),2466.86,6,411.14,73,297.0,572.57,553.21,593.6,40.39,645.47,0,0.0589,Low Risk,0,0,Standard Tier,Normal Alignment
12456,Switzerland,International,Loyal Customers,3. High Spend (>GBP 2k),3181.04,3,1060.35,44,255.0,1286.23,1224.6,1338.35,113.75,2020.1,0,0.1437,Low Risk,1,1,Maintained VIP,VIP Under-selection; CLV Spend Devaluation
12457,Switzerland,International,Loyal Customers,3. High Spend (>GBP 2k),2363.23,7,337.6,66,240.0,1189.5,1171.01,1205.71,34.7,1251.56,0,0.0471,Low Risk,1,1,Maintained VIP,VIP Under-selection; CLV Spend Devaluation
12458,Switzerland,International,Need Attention,2. Mid Spend (GBP 500-2k),947.4,2,473.7,71,285.0,388.94,378.67,398.31,19.64,460.74,0,0.5351,Elevated Risk,0,0,Standard Tier,VIP Under-selection; CLV Spend Devaluation
12461,Switzerland,International,About to Sleep,2. Mid Spend (GBP 500-2k),826.88,2,413.44,94,155.0,433.53,416.67,448.87,32.2,489.68,1,0.338,Moderate Risk,0,0,Standard Tier,VIP Under-selection; CLV Spend Devaluation
12462,Spain,International,Potential Loyalists,2. Mid Spend (GBP 500-2k),1189.59,2,594.8,19,304.0,339.25,331.12,345.97,14.84,435.2,0,0.536,Elevated Risk,0,0,Standard Tier,VIP Under-selection; CLV Spend Devaluation; Churn Over-prediction
12463,Belgium,International,Loyal Customers,2. Mid Spend (GBP 500-2k),1344.78,4,336.2,53,242.0,759.03,746.68,768.87,22.19,797.47,0,0.1295,Low Risk,0,0,Standard Tier,VIP Under-selection
12464,Belgium,International,Champions,2. Mid Spend (GBP 500-2k),1212.05,8,151.51,10,310.0,654.1,634.73,674.35,39.62,654.1,0,0.1773,Low Risk,0,0,Standard Tier,VIP Under-selection
12465,Belgium,International,Potential Loyalists,2. Mid Spend (GBP 500-2k),742.19,2,371.1,17,170.0,465.08,452.26,475.53,23.27,505.82,0,0.2882,Moderate Risk,0,0,Standard Tier,VIP Under-selection
12468,Germany,International,Hibernating / Lost,2. Mid Spend (GBP 500-2k),729.54,2,364.77,188,317.0,356.84,347.76,365.21,17.45,385.77,1,0.5299,Elevated Risk,0,0,Standard Tier,Normal Alignment
12471,Germany,International,Champions,3. High Spend (>GBP 2k),19788.65,30,659.62,2,365.0,7229.12,7134.43,7305.42,170.99,9615.81,0,0.0333,Low Risk,1,1,Maintained VIP,Normal Alignment
12472,Germany,International,Champions,3. High Spend (>GBP 2k),6572.11,7,938.87,32,370.0,2061.42,2016.04,2096.81,80.77,3102.6,0,0.0523,Low Risk,1,1,Maintained VIP,Normal Alignment
12473,Germany,International,Champions,3. High Spend (>GBP 2k),3928.05,5,785.61,29,192.0,2317.92,2216.42,2396.77,180.35,3277.69,0,0.039,Low Risk,1,1,Maintained VIP,Normal Alignment
12474,Germany,International,Champions,3. High Spend (>GBP 2k),7324.09,18,406.89,17,330.0,3305.07,3270.69,3330.06,59.36,3712.33,0,0.0294,Low Risk,1,1,Maintained VIP,Normal Alignment
12475,Germany,International,Promising,2. Mid Spend (GBP 500-2k),723.38,1,723.38,54,54.0,438.77,417.79,456.36,38.58,602.79,0,0.0189,Low Risk,0,0,Standard Tier,Normal Alignment
12476,Germany,International,Champions,3. High Spend (>GBP 2k),6816.42,11,619.67,16,362.0,2883.69,2836.34,2917.96,81.62,3752.78,0,0.0341,Low Risk,1,1,Maintained VIP,Normal Alignment
12477,Germany,International,Champions,3. High Spend (>GBP 2k),13219.74,6,2203.29,23,302.0,5072.33,4878.93,5225.89,346.96,10290.34,0,0.0578,Low Risk,1,1,Maintained VIP,Normal Alignment
12478,Greece,International,New Customers,2. Mid Spend (GBP 500-2k),680.99,1,680.99,4,4.0,803.5,757.04,840.96,83.92,1080.76,0,0.009,Low Risk,0,0,Standard Tier,Normal Alignment
12479,Germany,International,New Customers,2. Mid Spend (GBP 500-2k),527.2,1,527.2,11,12.0,709.18,671.24,740.15,68.92,872.16,0,0.0056,Low Risk,0,0,Standard Tier,Normal Alignment
12480,Germany,International,Champions,3. High Spend (>GBP 2k),3281.63,4,820.41,28,337.0,1150.2,1112.04,1179.74,67.7,1651.33,0,0.158,Low Risk,1,1,Maintained VIP,Normal Alignment
12481,Germany,International,Champions,3. High Spend (>GBP 2k),5579.82,10,557.98,23,366.0,2285.31,2241.95,2318.21,76.26,2866.88,0,0.0341,Low Risk,1,1,Maintained VIP,Normal Alignment
12483,Sweden,International,Champions,3. High Spend (>GBP 2k),2484.98,8,310.62,17,340.0,997.65,983.53,1009.72,26.19,1019.55,0,0.0443,Low Risk,0,0,Standard Tier,Normal Alignment
12484,Spain,International,Champions,3. High Spend (>GBP 2k),4527.32,6,754.55,33,337.0,1575.75,1544.16,1601.47,57.31,2196.98,0,0.0656,Low Risk,1,1,Maintained VIP,VIP Under-selection; CLV Spend Devaluation; Churn Over-prediction
12488,France,International,Loyal Customers,2. Mid Spend (GBP 500-2k),1298.66,3,432.89,10,76.0,1363.54,1325.6,1392.97,67.37,1565.12,0,0.0129,Low Risk,1,1,Maintained VIP,Normal Alignment
12489,France,International,Hibernating / Lost,1. Low Spend (<GBP 500),334.93,1,334.93,336,337.0,122.93,116.62,128.65,12.03,128.99,1,0.9946,High Churn Risk,0,0,Standard Tier,Normal Alignment
12490,France,International,Champions,3. High Spend (>GBP 2k),5417.93,10,541.79,5,330.0,2157.92,2133.82,2177.42,43.6,2679.31,0,0.0343,Low Risk,1,1,Maintained VIP,Normal Alignment
12491,France,International,Promising,1. Low Spend (<GBP 500),460.4,1,460.4,39,39.0,507.94,483.92,528.05,44.12,595.74,0,0.0055,Low Risk,0,0,Standard Tier,Normal Alignment
12492,Germany,International,Need Attention,1. Low Spend (<GBP 500),263.21,2,131.61,63,106.0,512.06,485.73,536.15,50.42,512.06,0,0.1344,Low Risk,0,0,Standard Tier,Normal Alignment
12493,France,International,About to Sleep,1. Low Spend (<GBP 500),433.74,2,216.87,166,198.0,360.84,347.52,373.46,25.94,360.84,1,0.516,Elevated Risk,0,0,Standard Tier,Normal Alignment
12494,France,International,Champions,2. Mid Spend (GBP 500-2k),1246.1,7,178.01,16,366.0,640.41,625.42,656.23,30.81,640.41,0,0.1084,Low Risk,0,0,Standard Tier,Normal Alignment
12497,Germany,International,About to Sleep,2. Mid Spend (GBP 500-2k),1043.1,1,1043.1,82,82.0,349.84,332.77,364.07,31.3,546.31,0,0.0464,Low Risk,0,0,Standard Tier,Normal Alignment
12498,Germany,International,Loyal Customers,1. Low Spend (<GBP 500),403.7,3,134.57,21,58.0,750.54,711.15,782.93,71.78,750.54,0,0.0092,Low Risk,0,0,Standard Tier,Normal Alignment
12500,Germany,International,Champions,3. High Spend (>GBP 2k),4257.82,11,387.07,23,334.0,1863.87,1844.92,1877.93,33.01,2057.27,0,0.0443,Low Risk,1,1,Maintained VIP,Normal Alignment
12501,Germany,International,Hibernating / Lost,3. High Spend (>GBP 2k),2169.39,1,2169.39,337,337.0,122.93,116.62,128.65,12.03,248.05,1,0.8837,High Churn Risk,0,0,Standard Tier,Normal Alignment
12502,Spain,International,At Risk,3. High Spend (>GBP 2k),3723.87,5,744.77,96,310.0,1542.53,1500.99,1575.3,74.31,2140.87,1,0.1148,Low Risk,1,1,Maintained VIP,VIP Under-selection; CLV Spend Devaluation; Churn Over-prediction
12504,Germany,International,Potential Loyalists,1. Low Spend (<GBP 500),482.05,2,241.02,18,31.0,791.72,726.33,850.66,124.33,791.72,0,0.0134,Low Risk,0,0,Standard Tier,Normal Alignment
12506,France,International,Hibernating / Lost,1. Low Spend (<GBP 500),73.5,1,73.5,233,233.0,167.15,158.74,175.0,16.26,167.15,1,0.9887,High Churn Risk,0,0,Standard Tier,Normal Alignment
12507,Spain,International,At Risk,2. Mid Spend (GBP 500-2k),1304.81,3,434.94,134,299.0,554.34,544.72,561.74,17.03,637.34,1,0.5533,Elevated Risk,0,0,Standard Tier,VIP Under-selection; CLV Spend Devaluation; Churn Over-prediction
12508,France,International,Potential Loyalists,1. Low Spend (<GBP 500),397.88,2,198.94,26,30.0,942.3,883.73,992.78,109.06,942.3,0,0.0059,Low Risk,0,0,Standard Tier,Normal Alignment
12509,France,International,Hibernating / Lost,1. Low Spend (<GBP 500),176.5,1,176.5,284,285.0,141.67,134.43,148.33,13.9,141.67,1,0.9843,High Churn Risk,0,0,Standard Tier,Normal Alignment
12510,Spain,International,About to Sleep,2. Mid Spend (GBP 500-2k),982.57,2,491.28,143,326.0,275.32,267.82,281.8,13.98,330.33,1,0.5671,Elevated Risk,0,0,Standard Tier,VIP Under-selection; CLV Spend Devaluation; Churn Over-prediction
12512,Israel,International,Need Attention,1. Low Spend (<GBP 500),132.18,2,66.09,66,67.0,392.46,374.07,408.21,34.14,392.46,0,0.0249,Low Risk,0,0,Standard Tier,Normal Alignment
12513,France,International,About to Sleep,2. Mid Spend (GBP 500-2k),612.29,1,612.29,113,113.0,285.73,271.8,298.13,26.33,370.28,1,0.9011,High Churn Risk,0,0,Standard Tier,Normal Alignment
12514,Italy,International,Hibernating / Lost,2. Mid Spend (GBP 500-2k),1017.68,1,1017.68,267,268.0,149.1,141.49,156.13,14.64,230.83,1,0.9368,High Churn Risk,0,0,Standard Tier,Normal Alignment
12515,Italy,International,Hibernating / Lost,1. Low Spend (<GBP 500),383.7,1,383.7,353,354.0,117.84,111.78,123.32,11.53,129.67,1,0.9954,High Churn Risk,0,0,Standard Tier,Normal Alignment
12516,Germany,International,About to Sleep,2. Mid Spend (GBP 500-2k),1312.06,2,656.03,78,181.0,686.37,657.57,713.04,55.47,911.24,0,0.3724,Moderate Risk,0,0,Standard Tier,Normal Alignment
12517,Germany,International,Champions,3. High Spend (>GBP 2k),2481.6,5,496.32,28,191.0,1373.97,1341.91,1397.97,56.06,1654.4,0,0.0425,Low Risk,1,1,Maintained VIP,Normal Alignment
12518,Germany,International,Champions,3. High Spend (>GBP 2k),2056.89,5,411.38,1,111.0,2083.86,2036.77,2119.73,82.95,2349.63,0,0.0342,Low Risk,1,1,Maintained VIP,Normal Alignment
12519,Germany,International,Promising,1. Low Spend (<GBP 500),330.84,1,330.84,64,64.0,402.25,383.53,418.3,34.77,420.26,0,0.0169,Low Risk,0,0,Standard Tier,Normal Alignment
12520,Germany,International,At Risk,3. High Spend (>GBP 2k),2634.26,5,526.85,79,274.0,1014.38,1001.45,1024.4,22.95,1247.2,0,0.0747,Low Risk,0,1,Promoted to VIP,Normal Alignment
12521,Germany,International,About to Sleep,2. Mid Spend (GBP 500-2k),599.68,1,599.68,143,143.0,242.69,230.71,253.53,22.82,312.22,1,0.9184,High Churn Risk,0,0,Standard Tier,Normal Alignment
12522,Germany,International,Need Attention,1. Low Spend (<GBP 500),192.72,2,96.36,39,52.0,726.0,680.99,764.75,83.76,726.0,0,0.0122,Low Risk,0,0,Standard Tier,Normal Alignment
12523,France,International,Champions,2. Mid Spend (GBP 500-2k),1789.77,11,162.71,19,332.0,928.18,907.25,949.95,42.69,928.18,0,0.0612,Low Risk,0,0,Standard Tier,Normal Alignment
12524,Germany,International,Champions,3. High Spend (>GBP 2k),4485.72,8,560.71,9,334.0,1939.6,1910.52,1960.36,49.84,2437.35,0,0.036,Low Risk,1,1,Maintained VIP,Normal Alignment
12526,Germany,International,Loyal Customers,2. Mid Spend (GBP 500-2k),1316.66,3,438.89,1,95.0,1241.87,1212.08,1265.56,53.48,1432.34,0,0.0485,Low Risk,1,1,Maintained VIP,Normal Alignment
12527,Germany,International,At Risk,1. Low Spend (<GBP 500),348.71,3,116.24,82,326.0,267.85,251.95,284.57,32.63,267.85,0,0.5414,Elevated Risk,0,0,Standard Tier,Normal Alignment
12528,Germany,International,Champions,2. Mid Spend (GBP 500-2k),1933.48,6,322.25,9,313.0,832.78,819.59,843.64,24.05,862.07,0,0.0874,Low Risk,0,0,Standard Tier,Normal Alignment
12530,Germany,International,Loyal Customers,2. Mid Spend (GBP 500-2k),1662.28,4,415.57,60,337.0,685.24,676.05,692.03,15.98,775.38,0,0.1984,Low Risk,0,0,Standard Tier,Normal Alignment
12531,Germany,International,New Customers,1. Low Spend (<GBP 500),125.22,1,125.22,15,15.0,679.28,643.78,708.72,64.94,679.28,0,0.0033,Low Risk,0,0,Standard Tier,Normal Alignment
12532,France,International,New Customers,1. Low Spend (<GBP 500),349.83,1,349.83,30,31.0,554.57,528.09,577.48,49.38,590.82,0,0.0035,Low Risk,0,0,Standard Tier,Normal Alignment
12534,Germany,International,About to Sleep,2. Mid Spend (GBP 500-2k),1089.18,1,1089.18,131,131.0,258.25,245.53,269.67,24.14,409.42,1,0.8779,High Churn Risk,0,0,Standard Tier,Normal Alignment
12535,France,International,About to Sleep,2. Mid Spend (GBP 500-2k),716.35,2,358.17,92,187.0,456.74,445.71,465.67,19.95,490.63,1,0.5535,Elevated Risk,0,0,Standard Tier,Normal Alignment
12536,France,International,Loyal Customers,3. High Spend (>GBP 2k),12601.83,3,4200.61,43,60.0,10206.86,9098.64,11286.14,2187.5,25517.16,0,0.0252,Low Risk,1,1,Maintained VIP,Normal Alignment
12538,Spain,International,New Customers,1. Low Spend (<GBP 500),363.95,1,363.95,29,30.0,561.01,534.08,583.89,49.8,606.01,0,0.0035,Low Risk,0,0,Standard Tier,VIP Under-selection; CLV Spend Devaluation; Churn Over-prediction
12539,Spain,International,Champions,3. High Spend (>GBP 2k),5568.35,4,1392.09,22,334.0,1704.97,1633.91,1762.58,128.67,2945.42,0,0.1148,Low Risk,1,1,Maintained VIP,VIP Under-selection; CLV Spend Devaluation; Churn Over-prediction
12540,Spain,International,Champions,3. High Spend (>GBP 2k),13400.24,17,788.25,20,362.0,5251.89,5182.69,5306.66,123.97,7435.24,0,0.0333,Low Risk,1,1,Maintained VIP,VIP Under-selection; CLV Spend Devaluation; Churn Over-prediction
12541,Spain,International,Loyal Customers,2. Mid Spend (GBP 500-2k),981.18,3,327.06,30,281.0,501.09,492.19,508.58,16.39,521.41,0,0.3475,Moderate Risk,0,0,Standard Tier,VIP Under-selection; CLV Spend Devaluation; Churn Over-prediction
12544,Spain,International,Promising,1. Low Spend (<GBP 500),372.7,1,372.7,36,37.0,518.85,494.27,539.52,45.25,565.15,0,0.0031,Low Risk,0,0,Standard Tier,VIP Under-selection; CLV Spend Devaluation; Churn Over-prediction
12545,Spain,International,About to Sleep,2. Mid Spend (GBP 500-2k),1000.39,2,500.2,75,260.0,362.93,354.25,369.81,15.56,438.19,0,0.4916,Moderate Risk,0,0,Standard Tier,VIP Under-selection; CLV Spend Devaluation; Churn Over-prediction
12546,Spain,International,Need Attention,2. Mid Spend (GBP 500-2k),1161.5,2,580.75,47,78.0,884.48,858.41,905.19,46.78,1125.21,0,0.0136,Low Risk,0,1,Promoted to VIP,VIP Under-selection; CLV Spend Devaluation; Churn Over-prediction
12547,Spain,International,Hibernating / Lost,1. Low Spend (<GBP 500),207.8,2,103.9,198,281.0,210.95,196.08,226.03,29.95,210.95,1,0.6475,Elevated Risk,0,0,Standard Tier,VIP Under-selection; CLV Spend Devaluation; Churn Over-prediction
12548,Spain,International,About to Sleep,1. Low Spend (<GBP 500),95.2,1,95.2,166,167.0,216.59,205.89,226.44,20.55,216.59,1,0.9783,High Churn Risk,0,0,Standard Tier,VIP Under-selection; CLV Spend Devaluation; Churn Over-prediction
12550,Spain,International,About to Sleep,2. Mid Spend (GBP 500-2k),964.83,1,964.83,79,80.0,354.98,337.68,369.37,31.69,539.4,0,0.0522,Low Risk,0,0,Standard Tier,VIP Under-selection; CLV Spend Devaluation; Churn Over-prediction
12551,Spain,International,Hibernating / Lost,1. Low Spend (<GBP 500),168.0,1,168.0,358,358.0,116.7,110.7,122.13,11.43,116.7,1,0.9932,High Churn Risk,0,0,Standard Tier,VIP Under-selection; CLV Spend Devaluation; Churn Over-prediction
12552,Italy,International,Need Attention,1. Low Spend (<GBP 500),437.82,2,218.91,39,40.0,839.98,787.73,882.45,94.72,839.98,0,0.0077,Low Risk,0,0,Standard Tier,Normal Alignment
12553,France,International,Champions,3. High Spend (>GBP 2k),3692.28,10,369.23,8,330.0,1488.36,1473.61,1500.34,26.72,1615.88,0,0.0362,Low Risk,1,1,Maintained VIP,Normal Alignment
12556,Spain,International,Need Attention,2. Mid Spend (GBP 500-2k),599.56,2,299.78,50,152.0,498.54,484.36,510.43,26.06,503.19,0,0.3363,Moderate Risk,0,0,Standard Tier,VIP Under-selection; CLV Spend Devaluation; Churn Over-prediction
12557,Spain,International,Champions,3. High Spend (>GBP 2k),11990.96,5,2398.19,16,372.0,4359.11,4168.01,4512.62,344.61,9109.71,0,0.1239,Low Risk,1,1,Maintained VIP,VIP Under-selection; CLV Spend Devaluation; Churn Over-prediction
12558,USA,International,New Customers,1. Low Spend (<GBP 500),269.96,1,269.96,8,8.0,753.4,711.44,787.33,75.88,753.4,0,0.0031,Low Risk,0,0,Standard Tier,Normal Alignment
12559,Germany,International,Hibernating / Lost,2. Mid Spend (GBP 500-2k),561.71,2,280.86,311,320.0,198.82,186.25,211.31,25.06,198.82,1,0.5477,Elevated Risk,0,0,Standard Tier,Normal Alignment
12560,Germany,International,Loyal Customers,3. High Spend (>GBP 2k),2134.01,3,711.34,5,144.0,971.16,950.91,986.49,35.58,1326.38,0,0.0573,Low Risk,0,1,Promoted to VIP,Normal Alignment
12561,Germany,International,Hibernating / Lost,1. Low Spend (<GBP 500),238.85,1,238.85,303,303.0,134.57,127.68,140.87,13.19,134.57,1,0.9804,High Churn Risk,0,0,Standard Tier,Normal Alignment
12562,France,International,Champions,3. High Spend (>GBP 2k),3781.74,7,540.25,8,199.0,2424.11,2379.76,2459.54,79.79,3006.83,0,0.0324,Low Risk,1,1,Maintained VIP,Normal Alignment
12564,France,International,Hibernating / Lost,1. Low Spend (<GBP 500),456.9,1,456.9,261,262.0,151.91,144.17,159.09,14.92,177.7,1,0.9903,High Churn Risk,0,0,Standard Tier,Normal Alignment
12565,Saudi Arabia,International,Hibernating / Lost,1. Low Spend (<GBP 500),145.92,1,145.92,289,289.0,140.03,132.87,146.61,13.74,140.03,1,0.9929,High Churn Risk,0,0,Standard Tier,Normal Alignment
12566,Germany,International,About to Sleep,1. Low Spend (<GBP 500),351.65,1,351.65,86,87.0,337.62,321.1,351.46,30.35,360.35,0,0.0439,Low Risk,0,0,Standard Tier,Normal Alignment
12567,France,International,Champions,3. High Spend (>GBP 2k),9401.28,10,940.13,23,370.0,3227.59,3160.42,3279.27,118.85,4860.05,0,0.0373,Low Risk,1,1,Maintained VIP,Normal Alignment
12569,Germany,International,Champions,3. High Spend (>GBP 2k),4124.69,32,128.9,2,253.0,2348.91,2304.55,2383.86,79.32,2348.91,0,0.0405,Low Risk,1,1,Maintained VIP,Normal Alignment
12571,France,International,Need Attention,2. Mid Spend (GBP 500-2k),519.61,2,259.8,40,122.0,567.71,549.84,582.63,32.79,567.71,0,0.2298,Low Risk,0,0,Standard Tier,Normal Alignment
12572,Germany,International,Potential Loyalists,2. Mid Spend (GBP 500-2k),1020.42,2,510.21,9,52.0,1204.69,1160.32,1238.53,78.21,1464.66,0,0.0079,Low Risk,1,1,Maintained VIP,Normal Alignment
12573,France,International,Hibernating / Lost,1. Low Spend (<GBP 500),160.54,1,160.54,227,228.0,170.09,161.56,178.06,16.5,170.09,1,0.9939,High Churn Risk,0,0,Standard Tier,Normal Alignment
12574,France,International,Hibernating / Lost,1. Low Spend (<GBP 500),218.45,1,218.45,316,316.0,129.87,123.21,135.94,12.72,129.87,1,0.9884,High Churn Risk,0,0,Standard Tier,Normal Alignment
12576,Poland,International,Loyal Customers,2. Mid Spend (GBP 500-2k),1315.83,5,263.17,36,305.0,666.59,653.27,678.79,25.53,666.59,0,0.1325,Low Risk,0,0,Standard Tier,Normal Alignment
12577,France,International,Loyal Customers,2. Mid Spend (GBP 500-2k),626.6,3,208.87,35,360.0,294.64,287.65,300.61,12.96,294.64,0,0.4224,Moderate Risk,0,0,Standard Tier,Normal Alignment
12578,Italy,International,Potential Loyalists,3. High Spend (>GBP 2k),2794.51,2,1397.26,21,331.0,579.43,544.39,612.92,68.54,1002.3,0,0.455,Moderate Risk,0,0,Standard Tier,Normal Alignment
12579,France,International,About to Sleep,1. Low Spend (<GBP 500),440.42,1,440.42,78,79.0,357.61,340.18,372.08,31.89,412.96,0,0.038,Low Risk,0,0,Standard Tier,Normal Alignment
12580,Germany,International,Hibernating / Lost,1. Low Spend (<GBP 500),415.7,1,415.7,247,247.0,159.43,151.33,166.95,15.62,180.42,1,0.9889,High Churn Risk,0,0,Standard Tier,Normal Alignment
12581,Germany,International,Promising,1. Low Spend (<GBP 500),197.71,1,197.71,40,40.0,502.66,478.91,522.49,43.58,502.66,0,0.0046,Low Risk,0,0,Standard Tier,Normal Alignment
12582,Finland,International,Hibernating / Lost,2. Mid Spend (GBP 500-2k),511.36,2,255.68,239,289.0,306.66,298.4,313.62,15.21,306.66,1,0.5559,Elevated Risk,0,0,Standard Tier,Normal Alignment
12583,France,International,Champions,3. High Spend (>GBP 2k),7281.38,15,485.43,3,374.0,2701.61,2676.04,2720.5,44.46,3227.85,0,0.0374,Low Risk,1,1,Maintained VIP,Normal Alignment
12584,Italy,International,Champions,3. High Spend (>GBP 2k),2338.15,9,259.79,4,281.0,1149.62,1129.41,1168.51,39.1,1149.62,0,0.0821,Low Risk,1,1,Maintained VIP,Normal Alignment
12585,Germany,International,Hibernating / Lost,3. High Spend (>GBP 2k),2040.1,2,1020.05,234,352.0,414.78,397.33,432.12,34.79,642.66,1,0.5341,Elevated Risk,0,0,Standard Tier,Normal Alignment
12586,Italy,International,New Customers,1. Low Spend (<GBP 500),196.94,1,196.94,17,18.0,651.79,618.48,679.68,61.2,651.79,0,0.0019,Low Risk,0,0,Standard Tier,Normal Alignment
12587,Finland,International,New Customers,1. Low Spend (<GBP 500),144.0,1,144.0,8,8.0,753.4,711.44,787.33,75.88,753.4,0,0.0034,Low Risk,0,0,Standard Tier,Normal Alignment
12588,Finland,International,Promising,1. Low Spend (<GBP 500),214.9,1,214.9,39,40.0,502.66,478.91,522.49,43.58,502.66,0,0.004,Low Risk,0,0,Standard Tier,Normal Alignment
12589,France,International,Potential Loyalists,2. Mid Spend (GBP 500-2k),646.68,2,323.34,29,145.0,666.13,647.3,682.89,35.59,690.38,0,0.3193,Moderate Risk,0,0,Standard Tier,Normal Alignment
12590,Germany,International,Hibernating / Lost,3. High Spend (>GBP 2k),9864.26,2,4932.13,211,212.0,180.24,171.31,188.63,17.32,450.6,1,0.4667,Moderate Risk,0,0,Standard Tier,Normal Alignment
12591,Italy,International,Hibernating / Lost,1. Low Spend (<GBP 500),452.85,1,452.85,317,318.0,129.18,122.55,135.21,12.65,150.63,1,0.988,High Churn Risk,0,0,Standard Tier,Normal Alignment
12592,Germany,International,About to Sleep,1. Low Spend (<GBP 500),437.6,2,218.8,92,214.0,341.74,329.41,353.59,24.18,341.74,1,0.5402,Elevated Risk,0,0,Standard Tier,Normal Alignment
12593,France,International,At Risk,1. Low Spend (<GBP 500),418.1,3,139.37,109,219.0,353.79,330.43,377.84,47.4,353.79,1,0.3502,Moderate Risk,0,0,Standard Tier,Normal Alignment
12594,Italy,International,Loyal Customers,3. High Spend (>GBP 2k),3338.22,10,333.82,38,323.0,1509.8,1494.21,1521.04,26.83,1582.33,0,0.0416,Low Risk,1,1,Maintained VIP,Normal Alignment
12596,Spain,International,Need Attention,2. Mid Spend (GBP 500-2k),618.27,2,309.14,51,243.0,372.78,363.83,380.31,16.48,380.32,0,0.5453,Elevated Risk,0,0,Standard Tier,VIP Under-selection; CLV Spend Devaluation; Churn Over-prediction
12597,Spain,International,Champions,3. High Spend (>GBP 2k),3811.22,4,952.8,19,269.0,1782.56,1709.97,1839.1,129.12,2696.77,0,0.0912,Low Risk,1,1,Maintained VIP,VIP Under-selection; CLV Spend Devaluation; Churn Over-prediction
12598,France,International,Champions,3. High Spend (>GBP 2k),3023.08,8,377.88,10,285.0,1321.55,1306.58,1332.92,26.34,1446.46,0,0.0412,Low Risk,1,1,Maintained VIP,Normal Alignment
12599,France,International,Champions,2. Mid Spend (GBP 500-2k),1032.58,7,147.51,29,305.0,588.02,566.62,612.21,45.59,588.02,0,0.105,Low Risk,0,0,Standard Tier,Normal Alignment
12600,Germany,International,Champions,3. High Spend (>GBP 2k),2599.04,10,259.9,29,372.0,1160.84,1146.73,1173.12,26.4,1160.84,0,0.0595,Low Risk,1,1,Maintained VIP,Normal Alignment
12601,Germany,International,At Risk,2. Mid Spend (GBP 500-2k),577.06,5,115.41,190,333.0,369.26,349.89,391.17,41.28,369.26,1,0.3938,Moderate Risk,0,0,Standard Tier,Normal Alignment
12602,France,International,Promising,1. Low Spend (<GBP 500),153.12,1,153.12,59,59.0,419.72,399.6,436.52,36.92,419.72,0,0.0184,Low Risk,0,0,Standard Tier,Normal Alignment
12603,Germany,International,New Customers,2. Mid Spend (GBP 500-2k),739.2,1,739.2,22,22.0,618.43,587.69,644.47,56.78,856.07,0,0.0097,Low Risk,0,0,Standard Tier,Normal Alignment
12604,France,International,About to Sleep,1. Low Spend (<GBP 500),254.18,2,127.09,79,262.0,235.09,220.14,249.75,29.61,235.09,0,0.5524,Elevated Risk,0,0,Standard Tier,Normal Alignment
12607,USA,International,Promising,2. Mid Spend (GBP 500-2k),1579.51,1,1579.51,60,61.0,412.56,393.24,428.94,35.7,744.92,0,0.0334,Low Risk,0,0,Standard Tier,Normal Alignment
12609,Germany,International,At Risk,2. Mid Spend (GBP 500-2k),1126.85,3,375.62,78,319.0,517.05,508.05,523.49,15.44,564.73,0,0.3929,Moderate Risk,0,0,Standard Tier,Normal Alignment
12610,Italy,International,Champions,3. High Spend (>GBP 2k),2099.54,5,419.91,23,127.0,1403.7,1373.6,1429.62,56.02,1594.14,0,0.0424,Low Risk,1,1,Maintained VIP,Normal Alignment
12611,Italy,International,Promising,2. Mid Spend (GBP 500-2k),1193.32,1,1193.32,52,53.0,442.79,421.64,460.5,38.86,724.79,0,0.028,Low Risk,0,0,Standard Tier,Normal Alignment
12612,Germany,International,About to Sleep,2. Mid Spend (GBP 500-2k),704.04,1,704.04,74,75.0,368.52,350.61,383.33,32.71,501.49,0,0.036,Low Risk,0,0,Standard Tier,Normal Alignment
12613,Germany,International,Loyal Customers,3. High Spend (>GBP 2k),3344.38,5,668.88,57,263.0,1383.91,1313.32,1443.63,130.31,1849.8,0,0.0662,Low Risk,1,1,Maintained VIP,Normal Alignment
12614,Germany,International,Hibernating / Lost,1. Low Spend (<GBP 500),315.6,1,315.6,278,278.0,144.64,137.25,151.45,14.2,148.64,1,0.9944,High Churn Risk,0,0,Standard Tier,Normal Alignment
12615,France,International,Champions,3. High Spend (>GBP 2k),2291.19,4,572.8,2,169.0,1456.77,1422.85,1481.93,59.08,1844.33,0,0.0459,Low Risk,1,1,Maintained VIP,Normal Alignment
12616,France,International,About to Sleep,2. Mid Spend (GBP 500-2k),713.3,2,356.65,95,298.0,356.49,347.19,363.97,16.78,382.36,1,0.5555,Elevated Risk,0,0,Standard Tier,Normal Alignment
12617,France,International,New Customers,1. Low Spend (<GBP 500),352.98,1,352.98,29,30.0,561.01,534.08,583.89,49.8,599.55,0,0.0043,Low Risk,0,0,Standard Tier,Normal Alignment
12618,Italy,International,New Customers,1. Low Spend (<GBP 500),177.31,1,177.31,22,22.0,618.43,587.69,644.47,56.78,618.43,0,0.0019,Low Risk,0,0,Standard Tier,Normal Alignment
12619,Germany,International,Champions,3. High Spend (>GBP 2k),3641.24,9,404.58,16,254.0,2078.23,2052.33,2097.7,45.37,2329.66,0,0.0401,Low Risk,1,1,Maintained VIP,Normal Alignment
12620,France,International,Loyal Customers,2. Mid Spend (GBP 500-2k),1339.41,3,446.47,15,205.0,708.29,696.31,717.73,21.42,821.84,0,0.1329,Low Risk,0,0,Standard Tier,Normal Alignment
12621,Germany,International,Champions,3. High Spend (>GBP 2k),13689.67,20,684.48,2,366.0,5484.6,5411.49,5541.23,129.75,7390.42,0,0.0333,Low Risk,1,1,Maintained VIP,Normal Alignment
12622,Germany,International,Hibernating / Lost,1. Low Spend (<GBP 500),180.1,1,180.1,232,233.0,167.15,158.74,175.0,16.26,167.15,1,0.9895,High Churn Risk,0,0,Standard Tier,Normal Alignment
12623,Germany,International,Hibernating / Lost,1. Low Spend (<GBP 500),305.1,1,305.1,276,277.0,145.07,137.66,151.9,14.24,147.33,1,0.9889,High Churn Risk,0,0,Standard Tier,Normal Alignment
12624,France,International,About to Sleep,2. Mid Spend (GBP 500-2k),641.13,2,320.56,106,178.0,472.16,460.83,481.4,20.57,487.88,1,0.418,Moderate Risk,0,0,Standard Tier,Normal Alignment
12625,Germany,International,Hibernating / Lost,3. High Spend (>GBP 2k),2683.82,2,1341.91,212,320.0,518.08,490.76,543.91,53.15,883.59,1,0.5306,Elevated Risk,0,0,Standard Tier,Normal Alignment
12626,Germany,International,Champions,3. High Spend (>GBP 2k),6620.48,9,735.61,23,327.0,2580.04,2536.75,2611.5,74.75,3565.33,0,0.0342,Low Risk,1,1,Maintained VIP,Normal Alignment
12627,Germany,International,Champions,3. High Spend (>GBP 2k),4478.53,7,639.79,11,141.0,3444.49,3360.38,3510.39,150.01,4533.0,0,0.0313,Low Risk,1,1,Maintained VIP,Normal Alignment
12628,Germany,International,Loyal Customers,2. Mid Spend (GBP 500-2k),786.46,3,262.15,4,65.0,1132.23,1086.09,1168.64,82.55,1132.23,0,0.0106,Low Risk,1,1,Maintained VIP,Normal Alignment
12630,Finland,International,Potential Loyalists,2. Mid Spend (GBP 500-2k),1270.88,2,635.44,10,44.0,1410.41,1348.83,1459.74,110.91,1851.7,0,0.0097,Low Risk,1,1,Maintained VIP,Normal Alignment
12631,Finland,International,Promising,2. Mid Spend (GBP 500-2k),640.5,1,640.5,57,58.0,423.4,403.07,440.41,37.34,557.41,0,0.0153,Low Risk,0,0,Standard Tier,Normal Alignment
12633,Germany,International,Loyal Customers,3. High Spend (>GBP 2k),2163.98,4,541.0,59,288.0,727.6,718.17,735.01,16.84,902.94,0,0.1232,Low Risk,0,0,Standard Tier,Normal Alignment
12635,Germany,International,About to Sleep,2. Mid Spend (GBP 500-2k),1689.18,2,844.59,90,155.0,947.39,892.78,994.58,101.8,1374.04,0,0.2272,Low Risk,0,1,Promoted to VIP,Normal Alignment
12637,France,International,Loyal Customers,3. High Spend (>GBP 2k),6002.9,8,750.36,67,324.0,2117.06,2073.78,2150.81,77.03,2945.95,0,0.0357,Low Risk,1,1,Maintained VIP,Normal Alignment
12638,Sweden,International,New Customers,2. Mid Spend (GBP 500-2k),671.69,1,671.69,33,34.0,536.11,510.64,558.27,47.63,717.65,0,0.0107,Low Risk,0,0,Standard Tier,Normal Alignment
12639,Sweden,International,Hibernating / Lost,1. Low Spend (<GBP 500),486.1,1,486.1,239,239.0,163.75,155.47,171.45,15.98,195.74,1,0.9845,High Churn Risk,0,0,Standard Tier,Normal Alignment
12640,France,International,Loyal Customers,2. Mid Spend (GBP 500-2k),1174.58,3,391.53,24,82.0,947.3,909.27,982.54,73.27,1049.79,0,0.0187,Low Risk,0,0,Standard Tier,Normal Alignment
12641,Sweden,International,About to Sleep,1. Low Spend (<GBP 500),185.9,1,185.9,115,116.0,280.75,267.04,292.97,25.94,280.75,1,0.9777,High Churn Risk,0,0,Standard Tier,Normal Alignment
12642,Germany,International,Loyal Customers,2. Mid Spend (GBP 500-2k),1013.26,3,337.75,25,108.0,1009.49,985.22,1028.07,42.84,1062.33,0,0.0566,Low Risk,0,0,Standard Tier,Normal Alignment
12643,France,International,Cannot Lose Them,3. High Spend (>GBP 2k),3344.64,6,557.44,128,333.0,1195.11,1170.19,1214.33,44.14,1498.74,1,0.1136,Low Risk,1,1,Maintained VIP,Normal Alignment
12644,Germany,International,About to Sleep,1. Low Spend (<GBP 500),477.91,1,477.91,130,130.0,259.63,246.86,271.11,24.25,308.52,1,0.9373,High Churn Risk,0,0,Standard Tier,Normal Alignment
12645,Germany,International,Loyal Customers,2. Mid Spend (GBP 500-2k),1775.18,4,443.8,34,317.0,775.87,764.2,784.94,20.74,898.36,0,0.1933,Low Risk,0,0,Standard Tier,Normal Alignment
12646,USA,International,Potential Loyalists,2. Mid Spend (GBP 500-2k),1346.97,2,673.48,5,50.0,1389.3,1328.13,1438.27,110.14,1861.48,0,0.0117,Low Risk,1,1,Maintained VIP,Normal Alignment
12647,Germany,International,Champions,3. High Spend (>GBP 2k),3722.82,12,310.23,22,370.0,1494.76,1481.48,1505.63,24.15,1526.9,0,0.0388,Low Risk,1,1,Maintained VIP,Normal Alignment
12648,Germany,International,About to Sleep,1. Low Spend (<GBP 500),318.05,1,318.05,155,155.0,228.89,217.59,239.22,21.63,235.86,1,0.9763,High Churn Risk,0,0,Standard Tier,Normal Alignment
12649,Germany,International,At Risk,2. Mid Spend (GBP 500-2k),623.51,3,207.84,107,213.0,364.38,352.78,375.8,23.02,364.38,1,0.2625,Moderate Risk,0,0,Standard Tier,Normal Alignment
12650,France,International,New Customers,1. Low Spend (<GBP 500),314.44,1,314.44,3,4.0,803.5,757.04,840.96,83.92,824.65,0,0.0036,Low Risk,0,0,Standard Tier,Normal Alignment
12651,France,International,Hibernating / Lost,1. Low Spend (<GBP 500),114.0,1,114.0,335,335.0,123.56,117.22,129.31,12.09,123.56,1,0.9923,High Churn Risk,0,0,Standard Tier,Normal Alignment
12652,France,International,Hibernating / Lost,2. Mid Spend (GBP 500-2k),919.98,1,919.98,331,332.0,124.52,118.13,130.32,12.19,186.08,1,0.9564,High Churn Risk,0,0,Standard Tier,Normal Alignment
12653,Israel,International,About to Sleep,3. High Spend (>GBP 2k),2209.85,2,1104.92,149,297.0,728.62,680.75,775.48,94.73,1160.96,1,0.553,Elevated Risk,0,1,Promoted to VIP,Normal Alignment
12654,Germany,International,Champions,2. Mid Spend (GBP 500-2k),601.98,5,120.4,11,296.0,398.97,380.83,417.7,36.86,398.97,0,0.2419,Low Risk,0,0,Standard Tier,Normal Alignment
12656,France,International,Champions,3. High Spend (>GBP 2k),4051.17,5,810.23,17,234.0,2165.5,2099.0,2218.93,119.93,3095.42,0,0.0465,Low Risk,1,1,Maintained VIP,Normal Alignment
12657,France,International,Champions,2. Mid Spend (GBP 500-2k),1643.18,4,410.8,11,79.0,1637.48,1587.51,1677.74,90.23,1845.4,0,0.0111,Low Risk,1,1,Maintained VIP,Normal Alignment
12658,Germany,International,New Customers,2. Mid Spend (GBP 500-2k),686.05,1,686.05,19,19.0,643.12,610.48,670.52,60.04,867.29,0,0.0109,Low Risk,0,0,Standard Tier,Normal Alignment
12659,France,International,New Customers,1. Low Spend (<GBP 500),91.68,1,91.68,30,30.0,561.01,534.08,583.89,49.8,561.01,0,0.0042,Low Risk,0,0,Standard Tier,Normal Alignment
12660,France,International,New Customers,1. Low Spend (<GBP 500),245.1,1,245.1,11,12.0,709.18,671.24,740.15,68.92,709.18,0,0.0018,Low Risk,0,0,Standard Tier,Normal Alignment
12662,Germany,International,Champions,3. High Spend (>GBP 2k),3849.78,11,349.98,1,374.0,1565.63,1551.41,1576.08,24.67,1668.21,0,0.0431,Low Risk,1,1,Maintained VIP,Normal Alignment
12664,Finland,International,Champions,3. High Spend (>GBP 2k),4881.88,9,542.43,8,323.0,2040.92,2014.86,2060.0,45.14,2535.1,0,0.0666,Low Risk,1,1,Maintained VIP,Normal Alignment
12665,Germany,International,Hibernating / Lost,1. Low Spend (<GBP 500),63.0,1,63.0,325,325.0,126.8,120.3,132.72,12.42,126.8,1,0.9888,High Churn Risk,0,0,Standard Tier,Normal Alignment
12667,Finland,International,Promising,2. Mid Spend (GBP 500-2k),620.13,1,620.13,58,59.0,419.72,399.6,436.52,36.92,546.36,0,0.0182,Low Risk,0,0,Standard Tier,Normal Alignment
12668,Germany,International,Champions,3. High Spend (>GBP 2k),3807.15,4,951.79,12,356.0,1422.01,1367.06,1466.73,99.68,2150.5,0,0.2036,Low Risk,1,1,Maintained VIP,Normal Alignment
12669,France,International,At Risk,3. High Spend (>GBP 2k),2744.03,3,914.68,151,257.0,980.58,942.01,1012.11,70.1,1462.43,1,0.219,Low Risk,0,1,Promoted to VIP,Normal Alignment
12670,France,International,Champions,3. High Spend (>GBP 2k),2996.05,5,599.21,10,233.0,1548.28,1515.18,1571.86,56.68,1991.36,0,0.0532,Low Risk,1,1,Maintained VIP,Normal Alignment
12672,France,International,Hibernating / Lost,1. Low Spend (<GBP 500),225.9,1,225.9,330,330.0,125.16,118.74,130.99,12.25,125.16,1,0.9945,High Churn Risk,0,0,Standard Tier,Normal Alignment
12673,Germany,International,Potential Loyalists,2. Mid Spend (GBP 500-2k),610.52,2,305.26,5,327.0,305.57,298.28,311.32,13.03,310.38,0,0.4979,Moderate Risk,0,0,Standard Tier,Normal Alignment
12674,France,International,Loyal Customers,2. Mid Spend (GBP 500-2k),1970.6,4,492.65,39,208.0,1083.23,1063.85,1096.68,32.82,1300.94,0,0.0728,Low Risk,1,1,Maintained VIP,Normal Alignment
12676,Sweden,International,Champions,2. Mid Spend (GBP 500-2k),1331.39,6,221.9,25,312.0,566.18,548.06,585.82,37.76,566.18,0,0.125,Low Risk,0,0,Standard Tier,Normal Alignment
12678,France,International,Loyal Customers,3. High Spend (>GBP 2k),17628.46,12,1469.04,42,354.0,7180.21,6971.88,7337.68,365.8,12639.97,0,0.0402,Low Risk,1,1,Maintained VIP,Normal Alignment
12679,France,International,Loyal Customers,2. Mid Spend (GBP 500-2k),1113.02,4,278.26,59,284.0,360.49,339.65,383.06,43.41,360.49,0,0.2542,Moderate Risk,0,0,Standard Tier,Normal Alignment
12680,France,International,Champions,2. Mid Spend (GBP 500-2k),862.81,4,215.7,1,114.0,930.09,893.52,965.4,71.88,930.09,0,0.0563,Low Risk,0,0,Standard Tier,Normal Alignment
12681,France,International,Champions,3. High Spend (>GBP 2k),13787.54,22,626.71,15,368.0,5293.96,5233.9,5344.05,110.14,6916.73,0,0.0333,Low Risk,1,1,Maintained VIP,Normal Alignment
12682,France,International,Champions,3. High Spend (>GBP 2k),12279.82,31,396.12,4,372.0,4954.65,4907.37,4989.97,82.6,5513.16,0,0.0327,Low Risk,1,1,Maintained VIP,Normal Alignment
12683,France,International,Champions,3. High Spend (>GBP 2k),8476.57,15,565.1,4,366.0,3109.33,3061.17,3143.79,82.62,3917.96,0,0.0333,Low Risk,1,1,Maintained VIP,Normal Alignment
12684,France,International,Champions,3. High Spend (>GBP 2k),2283.63,7,326.23,8,214.0,1364.3,1344.58,1381.86,37.28,1418.37,0,0.0397,Low Risk,1,1,Maintained VIP,Normal Alignment
12685,France,International,Champions,3. High Spend (>GBP 2k),2863.08,6,477.18,28,94.0,2979.5,2902.91,3037.47,134.56,3538.59,0,0.0354,Low Risk,1,1,Maintained VIP,Normal Alignment
12686,France,International,Hibernating / Lost,1. Low Spend (<GBP 500),89.14,1,89.14,372,372.0,112.88,107.08,118.14,11.07,112.88,1,0.9923,High Churn Risk,0,0,Standard Tier,Normal Alignment
12688,Israel,International,About to Sleep,3. High Spend (>GBP 2k),4873.81,1,4873.81,114,114.0,284.05,270.2,296.39,26.2,710.12,1,0.824,High Churn Risk,0,0,Standard Tier,Normal Alignment
12689,France,International,Potential Loyalists,2. Mid Spend (GBP 500-2k),1247.61,2,623.8,26,128.0,889.56,849.56,925.03,75.47,1160.36,0,0.1651,Low Risk,0,1,Promoted to VIP,Normal Alignment
12690,France,International,Hibernating / Lost,1. Low Spend (<GBP 500),389.01,1,389.01,206,206.0,184.36,175.24,192.93,17.69,203.85,1,0.9906,High Churn Risk,0,0,Standard Tier,Normal Alignment
12691,France,International,Champions,2. Mid Spend (GBP 500-2k),1035.8,6,172.63,28,358.0,516.4,500.99,533.43,32.44,516.4,0,0.1615,Low Risk,0,0,Standard Tier,Normal Alignment
12693,Germany,International,At Risk,2. Mid Spend (GBP 500-2k),855.91,4,213.98,127,320.0,479.03,466.27,491.85,25.58,479.03,1,0.2559,Moderate Risk,0,0,Standard Tier,Normal Alignment
12694,France,International,Need Attention,2. Mid Spend (GBP 500-2k),869.67,2,434.84,70,184.0,510.27,497.27,520.66,23.39,586.63,0,0.4212,Moderate Risk,0,0,Standard Tier,Normal Alignment
12695,France,International,Champions,2. Mid Spend (GBP 500-2k),582.1,4,145.52,7,211.0,558.94,536.63,581.43,44.8,558.94,0,0.1973,Low Risk,0,0,Standard Tier,Normal Alignment
12697,Sweden,International,Loyal Customers,2. Mid Spend (GBP 500-2k),957.59,3,319.2,29,170.0,680.88,664.0,695.18,31.18,702.49,0,0.1482,Low Risk,0,0,Standard Tier,Normal Alignment
12700,France,International,Champions,3. High Spend (>GBP 2k),4939.99,4,1235.0,8,216.0,2441.43,2326.56,2528.89,202.33,4044.59,0,0.0731,Low Risk,1,1,Maintained VIP,Normal Alignment
12701,Germany,International,About to Sleep,2. Mid Spend (GBP 500-2k),797.71,2,398.86,80,243.0,423.35,412.65,432.34,19.7,472.21,0,0.46,Moderate Risk,0,0,Standard Tier,Normal Alignment
12702,Germany,International,New Customers,1. Low Spend (<GBP 500),219.0,1,219.0,20,20.0,634.68,602.69,661.61,58.92,634.68,0,0.0019,Low Risk,0,0,Standard Tier,Normal Alignment
12703,Germany,International,Promising,1. Low Spend (<GBP 500),283.55,1,283.55,71,72.0,377.14,359.06,392.22,33.16,377.14,0,0.0209,Low Risk,0,0,Standard Tier,Normal Alignment
12704,Finland,International,Champions,3. High Spend (>GBP 2k),2340.84,8,292.6,7,170.0,1785.07,1753.5,1808.51,55.01,1786.49,0,0.0368,Low Risk,1,1,Maintained VIP,Normal Alignment
12705,Germany,International,Champions,3. High Spend (>GBP 2k),6868.29,9,763.14,15,358.0,2562.33,2509.85,2602.52,92.67,3586.7,0,0.0352,Low Risk,1,1,Maintained VIP,Normal Alignment
12707,France,International,Hibernating / Lost,2. Mid Spend (GBP 500-2k),603.42,1,603.42,292,292.0,138.82,131.72,145.34,13.62,178.99,1,0.9791,High Churn Risk,0,0,Standard Tier,Normal Alignment
12708,Germany,International,Champions,3. High Spend (>GBP 2k),2712.91,10,271.29,30,369.0,1166.67,1152.39,1179.08,26.7,1166.67,0,0.0379,Low Risk,1,1,Maintained VIP,Normal Alignment
12709,Germany,International,Champions,3. High Spend (>GBP 2k),9706.52,15,647.1,15,367.0,3843.33,3794.95,3880.38,85.44,5078.03,0,0.0346,Low Risk,1,1,Maintained VIP,Normal Alignment
12710,Germany,International,At Risk,2. Mid Spend (GBP 500-2k),1149.02,3,383.01,97,202.0,518.39,500.99,534.86,33.87,570.07,1,0.2005,Low Risk,0,0,Standard Tier,Normal Alignment
12712,Germany,International,Champions,3. High Spend (>GBP 2k),4396.13,13,338.16,29,372.0,1838.24,1821.06,1851.06,30.0,1935.28,0,0.0382,Low Risk,1,1,Maintained VIP,Normal Alignment
12713,Germany,International,New Customers,2. Mid Spend (GBP 500-2k),848.55,1,848.55,1,1.0,845.68,795.66,887.88,92.22,1228.54,0,0.0178,Low Risk,0,1,Promoted to VIP,Normal Alignment
12714,France,International,Champions,3. High Spend (>GBP 2k),4708.86,5,941.77,9,295.0,1892.74,1830.53,1939.24,108.71,2851.81,0,0.0717,Low Risk,1,1,Maintained VIP,Normal Alignment
12715,Sweden,International,About to Sleep,1. Low Spend (<GBP 500),343.36,1,343.36,106,107.0,296.24,281.85,308.99,27.14,313.54,1,0.9495,High Churn Risk,0,0,Standard Tier,Normal Alignment
12716,France,International,Potential Loyalists,2. Mid Spend (GBP 500-2k),1053.49,2,526.74,4,134.0,605.79,592.24,617.72,25.48,744.78,0,0.167,Low Risk,0,0,Standard Tier,Normal Alignment
12717,Greece,International,About to Sleep,2. Mid Spend (GBP 500-2k),1030.98,2,515.49,151,246.0,401.59,391.97,409.25,17.28,490.01,1,0.5038,Elevated Risk,0,0,Standard Tier,Normal Alignment
12718,France,International,Promising,1. Low Spend (<GBP 500),238.25,1,238.25,71,72.0,377.14,359.06,392.22,33.16,377.14,0,0.018,Low Risk,0,0,Standard Tier,Normal Alignment
12719,France,International,Potential Loyalists,2. Mid Spend (GBP 500-2k),644.95,2,322.48,5,66.0,927.32,898.71,950.61,51.9,960.18,0,0.0084,Low Risk,0,0,Standard Tier,Normal Alignment
12720,Germany,International,Champions,3. High Spend (>GBP 2k),5781.73,25,231.27,3,370.0,2307.23,2281.03,2326.73,45.7,2307.23,0,0.0259,Low Risk,1,1,Maintained VIP,Normal Alignment
12721,France,International,Champions,3. High Spend (>GBP 2k),2656.13,6,442.69,32,355.0,1109.8,1096.5,1119.56,23.05,1283.88,0,0.0738,Low Risk,1,1,Maintained VIP,Normal Alignment
12722,France,International,At Risk,2. Mid Spend (GBP 500-2k),997.63,4,249.41,85,151.0,870.47,845.12,892.98,47.85,870.47,0,0.0713,Low Risk,0,0,Standard Tier,Normal Alignment
12723,France,International,Champions,2. Mid Spend (GBP 500-2k),725.07,5,145.01,4,66.0,1090.26,1044.85,1128.02,83.17,1090.26,0,0.0165,Low Risk,1,0,Demoted from VIP,Normal Alignment
12724,France,International,Champions,2. Mid Spend (GBP 500-2k),1031.41,4,257.85,5,333.0,535.1,525.26,544.14,18.88,535.1,0,0.2131,Low Risk,0,0,Standard Tier,Normal Alignment
12725,Italy,International,Hibernating / Lost,1. Low Spend (<GBP 500),427.8,1,427.8,371,372.0,112.88,107.08,118.14,11.07,129.04,1,0.9902,High Churn Risk,0,0,Standard Tier,Normal Alignment
12726,France,International,Champions,3. High Spend (>GBP 2k),2609.1,7,372.73,28,358.0,1142.06,1130.64,1150.67,20.02,1244.01,0,0.0613,Low Risk,1,1,Maintained VIP,Normal Alignment
12727,France,International,Champions,3. High Spend (>GBP 2k),3980.7,7,568.67,11,321.0,1675.53,1640.91,1703.95,63.04,2115.93,0,0.0369,Low Risk,1,1,Maintained VIP,Normal Alignment
12728,France,International,Loyal Customers,2. Mid Spend (GBP 500-2k),836.33,4,209.08,71,333.0,419.6,405.49,433.47,27.98,419.6,0,0.2283,Low Risk,0,0,Standard Tier,Normal Alignment
12729,France,International,About to Sleep,1. Low Spend (<GBP 500),453.01,1,453.01,114,114.0,284.05,270.2,296.39,26.2,331.27,1,0.939,High Churn Risk,0,0,Standard Tier,Normal Alignment
12731,France,International,Champions,3. High Spend (>GBP 2k),18895.91,12,1574.66,24,365.0,7227.47,7060.47,7354.28,293.81,13036.13,0,0.0402,Low Risk,1,1,Maintained VIP,Normal Alignment
12732,France,International,Hibernating / Lost,1. Low Spend (<GBP 500),236.26,1,236.26,180,180.0,204.66,194.45,214.04,19.6,204.66,1,0.9863,High Churn Risk,0,0,Standard Tier,Normal Alignment
12733,USA,International,Hibernating / Lost,1. Low Spend (<GBP 500),383.95,1,383.95,234,235.0,166.0,157.63,173.8,16.16,182.71,1,0.9915,High Churn Risk,0,0,Standard Tier,Normal Alignment
12734,France,International,Hibernating / Lost,1. Low Spend (<GBP 500),110.4,1,110.4,353,353.0,118.13,112.06,123.62,11.56,118.13,1,0.9923,High Churn Risk,0,0,Standard Tier,Normal Alignment
12735,France,International,Hibernating / Lost,2. Mid Spend (GBP 500-2k),779.57,2,389.78,315,338.0,321.03,312.58,327.85,15.27,355.21,1,0.5179,Elevated Risk,0,0,Standard Tier,Normal Alignment
12736,France,International,Hibernating / Lost,1. Low Spend (<GBP 500),234.0,1,234.0,333,333.0,124.2,117.82,129.98,12.16,124.2,1,0.989,High Churn Risk,0,0,Standard Tier,Normal Alignment
12738,Germany,International,Hibernating / Lost,1. Low Spend (<GBP 500),155.35,1,155.35,372,373.0,112.62,106.83,117.87,11.04,112.62,1,0.992,High Churn Risk,0,0,Standard Tier,Normal Alignment
12739,United Arab Emirates,International,About to Sleep,2. Mid Spend (GBP 500-2k),1013.04,2,506.52,78,100.0,446.06,411.9,477.31,65.42,540.94,0,0.1203,Low Risk,0,0,Standard Tier,Normal Alignment
12740,France,International,Promising,1. Low Spend (<GBP 500),427.6,1,427.6,64,64.0,402.25,383.53,418.3,34.77,459.74,0,0.0177,Low Risk,0,0,Standard Tier,Normal Alignment
12743,Unspecified,International,About to Sleep,2. Mid Spend (GBP 500-2k),540.13,2,270.06,134,135.0,252.84,240.38,264.07,23.69,252.84,1,0.3169,Moderate Risk,0,0,Standard Tier,Normal Alignment
12744,Singapore,International,Loyal Customers,3. High Spend (>GBP 2k),21279.29,7,3039.9,52,319.0,8412.38,8079.72,8693.89,614.17,19101.47,0,0.0413,Low Risk,1,1,Maintained VIP,Normal Alignment
12747,United Kingdom,UK,Champions,3. High Spend (>GBP 2k),4196.01,11,381.46,2,370.0,1684.66,1669.92,1695.79,25.87,1684.66,0,0.0425,Low Risk,1,1,Maintained VIP,Normal Alignment
12748,United Kingdom,UK,Champions,3. High Spend (>GBP 2k),33053.19,209,158.15,1,374.0,13493.61,13370.1,13596.89,226.79,13493.61,0,0.0473,Low Risk,1,1,Maintained VIP,Normal Alignment
12749,United Kingdom,UK,Champions,3. High Spend (>GBP 2k),4090.88,5,818.18,4,214.0,2109.5,2017.64,2178.96,161.33,2109.5,0,0.0423,Low Risk,1,1,Maintained VIP,Normal Alignment
12750,Poland,International,About to Sleep,1. Low Spend (<GBP 500),275.88,1,275.88,129,129.0,261.04,248.2,272.56,24.36,261.04,1,0.9645,High Churn Risk,0,0,Standard Tier,Normal Alignment
12752,Norway,International,About to Sleep,3. High Spend (>GBP 2k),4366.78,1,4366.78,81,82.0,349.84,332.77,364.07,31.3,874.61,0,0.052,Low Risk,0,0,Standard Tier,Normal Alignment
12753,Japan,International,Champions,3. High Spend (>GBP 2k),21429.39,6,3571.56,23,363.0,6999.18,6726.72,7224.59,497.87,16814.93,0,0.0696,Low Risk,1,1,Maintained VIP,Normal Alignment
12754,Japan,International,At Risk,3. High Spend (>GBP 2k),3010.74,3,1003.58,236,309.0,1387.82,1312.83,1452.25,139.42,2138.08,1,0.499,Moderate Risk,1,1,Maintained VIP,Normal Alignment
12755,Japan,International,Hibernating / Lost,3. High Spend (>GBP 2k),3811.95,2,1905.98,281,366.0,158.63,146.22,171.94,25.72,305.89,1,0.5801,Elevated Risk,0,0,Standard Tier,Normal Alignment
12756,Japan,International,About to Sleep,1. Low Spend (<GBP 500),112.08,1,112.08,87,87.0,337.62,321.1,351.46,30.35,337.62,0,0.0366,Low Risk,0,0,Standard Tier,Normal Alignment
12757,Portugal,International,Champions,3. High Spend (>GBP 2k),7834.65,13,602.67,16,212.0,4392.39,4296.65,4466.08,169.42,5660.76,0,0.0339,Low Risk,1,1,Maintained VIP,VIP Under-selection
12758,Portugal,International,About to Sleep,3. High Spend (>GBP 2k),2791.59,2,1395.8,117,277.0,687.73,645.39,727.8,82.41,1189.19,1,0.508,Elevated Risk,0,1,Promoted to VIP,VIP Under-selection
12759,Netherlands,International,Loyal Customers,2. Mid Spend (GBP 500-2k),1531.44,3,510.48,52,276.0,693.7,677.84,706.59,28.74,843.55,0,0.3039,Moderate Risk,0,0,Standard Tier,Normal Alignment
12762,Portugal,International,Potential Loyalists,2. Mid Spend (GBP 500-2k),1898.52,2,949.26,8,26.0,3142.34,2882.67,3381.9,499.22,4747.73,0,0.0209,Low Risk,1,1,Maintained VIP,VIP Under-selection
12763,Japan,International,About to Sleep,1. Low Spend (<GBP 500),494.08,2,247.04,138,370.0,206.59,198.23,214.77,16.54,206.59,1,0.5726,Elevated Risk,0,0,Standard Tier,Normal Alignment
12764,Lebanon,International,Hibernating / Lost,2. Mid Spend (GBP 500-2k),1693.88,1,1693.88,317,317.0,129.52,122.88,135.57,12.69,239.66,1,0.9193,High Churn Risk,0,0,Standard Tier,Normal Alignment
12766,Portugal,International,Champions,3. High Spend (>GBP 2k),6989.63,7,998.52,4,367.0,2420.56,2358.04,2467.42,109.38,3722.52,0,0.0523,Low Risk,1,1,Maintained VIP,VIP Under-selection
12769,Brazil,International,Hibernating / Lost,2. Mid Spend (GBP 500-2k),1143.6,1,1143.6,239,239.0,163.75,155.47,171.45,15.98,264.07,1,0.9262,High Churn Risk,0,0,Standard Tier,Normal Alignment
12770,Japan,International,Hibernating / Lost,2. Mid Spend (GBP 500-2k),1351.45,1,1351.45,211,211.0,180.91,171.96,189.34,17.38,309.31,1,0.9308,High Churn Risk,0,0,Standard Tier,Normal Alignment
12772,Portugal,International,Promising,2. Mid Spend (GBP 500-2k),892.47,1,892.47,60,60.0,416.11,396.4,432.7,36.3,615.26,0,0.0306,Low Risk,0,0,Standard Tier,VIP Under-selection
12775,Netherlands,International,Champions,2. Mid Spend (GBP 500-2k),1386.04,5,277.21,17,312.0,706.37,694.14,716.63,22.49,706.37,0,0.1468,Low Risk,0,0,Standard Tier,Normal Alignment
12778,Netherlands,International,Champions,2. Mid Spend (GBP 500-2k),822.23,6,137.04,20,313.0,506.45,486.95,528.64,41.69,506.45,0,0.1514,Low Risk,0,0,Standard Tier,Normal Alignment
12779,Poland,International,Loyal Customers,3. High Spend (>GBP 2k),3981.36,8,497.67,38,372.0,1608.91,1588.58,1623.39,34.81,1939.14,0,0.0416,Low Risk,1,1,Maintained VIP,Normal Alignment
12781,Czech Republic,International,Need Attention,2. Mid Spend (GBP 500-2k),826.74,2,413.37,64,285.0,298.92,290.37,306.64,16.27,337.61,0,0.5508,Elevated Risk,0,0,Standard Tier,Normal Alignment
12782,Portugal,International,Champions,3. High Spend (>GBP 2k),2330.92,5,466.18,5,358.0,892.52,881.04,900.93,19.9,1051.38,0,0.1393,Low Risk,0,0,Standard Tier,VIP Under-selection
12783,Portugal,International,Champions,3. High Spend (>GBP 2k),2225.91,6,370.98,2,76.0,2820.28,2737.87,2885.17,147.3,3067.01,0,0.0195,Low Risk,1,1,Maintained VIP,VIP Under-selection
12784,Portugal,International,Potential Loyalists,2. Mid Spend (GBP 500-2k),532.82,2,266.41,9,16.0,999.91,916.8,1071.01,154.21,999.91,0,0.0086,Low Risk,0,0,Standard Tier,VIP Under-selection
12785,Portugal,International,Hibernating / Lost,1. Low Spend (<GBP 500),311.95,1,311.95,364,365.0,114.76,108.86,120.1,11.24,117.45,1,0.9954,High Churn Risk,0,0,Standard Tier,VIP Under-selection
12787,Netherlands,International,Loyal Customers,1. Low Spend (<GBP 500),463.66,3,154.55,10,193.0,463.61,441.91,484.53,42.62,463.61,0,0.2365,Low Risk,0,0,Standard Tier,Normal Alignment
12789,Netherlands,International,Promising,1. Low Spend (<GBP 500),91.85,1,91.85,65,66.0,395.67,377.2,411.52,34.32,395.67,0,0.0191,Low Risk,0,0,Standard Tier,Normal Alignment
12790,Netherlands,International,Hibernating / Lost,1. Low Spend (<GBP 500),324.92,1,324.92,192,193.0,193.98,184.25,202.94,18.69,201.39,1,0.99,High Churn Risk,0,0,Standard Tier,Normal Alignment
12791,Netherlands,International,Hibernating / Lost,1. Low Spend (<GBP 500),192.6,1,192.6,374,374.0,112.36,106.58,117.6,11.02,112.36,1,0.9931,High Churn Risk,0,0,Standard Tier,Normal Alignment
12792,Portugal,International,Hibernating / Lost,1. Low Spend (<GBP 500),400.54,1,400.54,257,257.0,154.34,146.47,161.64,15.16,172.4,1,0.9828,High Churn Risk,0,0,Standard Tier,VIP Under-selection
12793,Portugal,International,Hibernating / Lost,2. Mid Spend (GBP 500-2k),545.48,2,272.74,335,372.0,281.03,274.58,286.63,12.05,281.03,1,0.5501,Elevated Risk,0,0,Standard Tier,VIP Under-selection
12794,Portugal,International,Need Attention,2. Mid Spend (GBP 500-2k),860.41,2,430.2,53,99.0,888.14,860.16,911.37,51.21,1017.22,0,0.0935,Low Risk,0,0,Standard Tier,VIP Under-selection
12795,Portugal,International,New Customers,1. Low Spend (<GBP 500),430.48,1,430.48,19,19.0,643.12,610.48,670.52,60.04,736.76,0,0.0028,Low Risk,0,0,Standard Tier,VIP Under-selection
12797,Portugal,International,Hibernating / Lost,1. Low Spend (<GBP 500),254.03,1,254.03,366,366.0,114.49,108.6,119.82,11.22,114.49,1,0.9945,High Churn Risk,0,0,Standard Tier,VIP Under-selection
12798,Japan,International,Loyal Customers,3. High Spend (>GBP 2k),6977.04,3,2325.68,10,171.0,3788.4,3534.76,4005.37,470.61,7832.42,0,0.1497,Low Risk,1,1,Maintained VIP,Normal Alignment
12802,Netherlands,International,Hibernating / Lost,1. Low Spend (<GBP 500),427.58,1,427.58,187,187.0,198.77,188.8,207.92,19.12,227.17,1,0.951,High Churn Risk,0,0,Standard Tier,Normal Alignment
12808,Portugal,International,Loyal Customers,1. Low Spend (<GBP 500),483.65,3,161.22,37,369.0,288.53,276.73,300.24,23.52,288.53,0,0.5041,Elevated Risk,0,0,Standard Tier,VIP Under-selection
12809,Portugal,International,About to Sleep,1. Low Spend (<GBP 500),489.31,1,489.31,178,178.0,206.41,196.13,215.86,19.74,247.31,1,0.9522,High Churn Risk,0,0,Standard Tier,VIP Under-selection
12811,Portugal,International,At Risk,2. Mid Spend (GBP 500-2k),514.85,3,171.62,261,285.0,325.23,308.38,341.95,33.57,325.23,1,0.4548,Moderate Risk,0,0,Standard Tier,VIP Under-selection
12812,Japan,International,Promising,1. Low Spend (<GBP 500),229.64,1,229.64,45,45.0,477.81,455.14,496.47,41.33,477.81,0,0.0046,Low Risk,0,0,Standard Tier,Normal Alignment
12814,Poland,International,About to Sleep,1. Low Spend (<GBP 500),125.92,1,125.92,102,102.0,305.6,290.82,318.66,27.85,305.6,1,0.9524,High Churn Risk,0,0,Standard Tier,Normal Alignment
12815,Poland,International,About to Sleep,2. Mid Spend (GBP 500-2k),1063.46,2,531.73,148,199.0,489.74,477.03,500.15,23.11,604.1,1,0.5341,Elevated Risk,0,0,Standard Tier,Normal Alignment
12816,Poland,International,About to Sleep,2. Mid Spend (GBP 500-2k),572.2,2,286.1,96,177.0,423.56,410.12,436.29,26.18,423.56,1,0.4033,Moderate Risk,0,0,Standard Tier,Normal Alignment
12817,Austria,International,Hibernating / Lost,1. Low Spend (<GBP 500),166.04,1,166.04,281,282.0,142.93,135.62,149.65,14.03,142.93,1,0.9911,High Churn Risk,0,0,Standard Tier,Normal Alignment
12818,Austria,International,Hibernating / Lost,2. Mid Spend (GBP 500-2k),1542.08,1,1542.08,262,262.0,151.91,144.17,159.09,14.92,272.01,1,0.9332,High Churn Risk,0,0,Standard Tier,Normal Alignment
12820,United Kingdom,UK,Champions,2. Mid Spend (GBP 500-2k),942.34,4,235.58,3,327.0,501.54,490.36,512.63,22.27,501.54,0,0.2071,Low Risk,0,0,Standard Tier,Normal Alignment
12821,United Kingdom,UK,Hibernating / Lost,1. Low Spend (<GBP 500),92.72,1,92.72,214,215.0,178.24,169.39,186.56,17.16,178.24,1,0.9919,High Churn Risk,0,0,Standard Tier,Normal Alignment
12822,United Kingdom,UK,Need Attention,2. Mid Spend (GBP 500-2k),948.88,2,474.44,71,88.0,689.21,664.49,707.87,43.38,689.21,0,0.0114,Low Risk,0,0,Standard Tier,Normal Alignment
12823,United Kingdom,UK,At Risk,2. Mid Spend (GBP 500-2k),1759.5,5,351.9,75,297.0,862.09,850.95,869.99,19.04,862.09,0,0.2133,Low Risk,0,0,Standard Tier,Normal Alignment
12824,United Kingdom,UK,Promising,1. Low Spend (<GBP 500),397.12,1,397.12,60,60.0,416.11,396.4,432.7,36.3,416.11,0,0.0108,Low Risk,0,0,Standard Tier,Normal Alignment
12826,United Kingdom,UK,Champions,2. Mid Spend (GBP 500-2k),1474.72,7,210.67,3,366.0,690.78,677.08,705.16,28.09,690.78,0,0.1087,Low Risk,0,0,Standard Tier,Normal Alignment
12827,United Kingdom,UK,Loyal Customers,1. Low Spend (<GBP 500),430.15,3,143.38,6,45.0,1006.45,934.75,1071.67,136.91,1006.45,0,0.0084,Low Risk,0,0,Standard Tier,Normal Alignment
12828,United Kingdom,UK,Champions,2. Mid Spend (GBP 500-2k),1018.71,6,169.78,3,131.0,1087.92,1043.5,1129.73,86.22,1087.92,0,0.0535,Low Risk,1,0,Demoted from VIP,Normal Alignment
12829,United Kingdom,UK,Hibernating / Lost,1. Low Spend (<GBP 500),293.0,2,146.5,337,361.0,221.78,213.83,229.67,15.84,221.78,1,0.6106,Elevated Risk,0,0,Standard Tier,Normal Alignment
12830,United Kingdom,UK,Loyal Customers,3. High Spend (>GBP 2k),6814.64,6,1135.77,38,172.0,3501.45,3368.27,3608.14,239.87,3501.45,0,0.0558,Low Risk,1,1,Maintained VIP,Normal Alignment
12831,United Kingdom,UK,Hibernating / Lost,1. Low Spend (<GBP 500),215.05,1,215.05,262,263.0,151.44,143.71,158.59,14.87,151.44,1,0.9961,High Churn Risk,0,0,Standard Tier,Normal Alignment
12832,United Kingdom,UK,Potential Loyalists,1. Low Spend (<GBP 500),383.03,2,191.52,32,99.0,516.42,487.54,542.87,55.33,516.42,0,0.1003,Low Risk,0,0,Standard Tier,Normal Alignment
12833,United Kingdom,UK,About to Sleep,1. Low Spend (<GBP 500),417.38,1,417.38,145,146.0,239.08,227.29,249.8,22.51,239.08,1,0.9537,High Churn Risk,0,0,Standard Tier,Normal Alignment
12834,United Kingdom,UK,Hibernating / Lost,1. Low Spend (<GBP 500),312.38,1,312.38,283,283.0,142.51,135.22,149.21,13.98,142.51,1,0.9946,High Churn Risk,0,0,Standard Tier,Normal Alignment
12836,United Kingdom,UK,Loyal Customers,3. High Spend (>GBP 2k),2610.36,4,652.59,59,312.0,935.64,914.61,952.42,37.81,935.64,0,0.1361,Low Risk,0,0,Standard Tier,Normal Alignment
12837,United Kingdom,UK,About to Sleep,1. Low Spend (<GBP 500),134.1,1,134.1,173,174.0,210.0,199.57,219.59,20.02,210.0,1,0.9816,High Churn Risk,0,0,Standard Tier,Normal Alignment
12838,United Kingdom,UK,Need Attention,2. Mid Spend (GBP 500-2k),671.95,2,335.98,34,374.0,238.22,231.37,244.58,13.21,238.22,0,0.4697,Moderate Risk,0,0,Standard Tier,Normal Alignment
12839,United Kingdom,UK,Champions,3. High Spend (>GBP 2k),5591.42,14,399.39,3,368.0,2243.87,2223.74,2258.52,34.78,2243.87,0,0.0307,Low Risk,1,1,Maintained VIP,Normal Alignment
12840,United Kingdom,UK,At Risk,3. High Spend (>GBP 2k),2726.77,4,681.69,144,227.0,1275.64,1244.26,1301.66,57.4,1275.64,1,0.104,Low Risk,1,1,Maintained VIP,Normal Alignment
12841,United Kingdom,UK,Champions,3. High Spend (>GBP 2k),3991.58,25,159.66,5,372.0,1662.09,1636.15,1684.96,48.82,1662.09,0,0.0307,Low Risk,1,1,Maintained VIP,Normal Alignment
12842,United Kingdom,UK,Need Attention,2. Mid Spend (GBP 500-2k),1118.99,2,559.5,70,309.0,475.06,453.92,495.21,41.28,475.06,0,0.5619,Elevated Risk,0,0,Standard Tier,Normal Alignment
12843,United Kingdom,UK,Loyal Customers,2. Mid Spend (GBP 500-2k),1702.26,8,212.78,66,265.0,1063.35,1042.45,1083.14,40.69,1063.35,0,0.0593,Low Risk,0,0,Standard Tier,Normal Alignment
12844,United Kingdom,UK,Potential Loyalists,1. Low Spend (<GBP 500),325.96,2,162.98,29,131.0,453.92,431.65,474.24,42.6,453.92,0,0.2148,Low Risk,0,0,Standard Tier,Normal Alignment
12845,United Kingdom,UK,At Risk,1. Low Spend (<GBP 500),354.09,4,88.52,267,291.0,339.97,318.83,362.94,44.1,339.97,1,0.444,Moderate Risk,0,0,Standard Tier,Normal Alignment
12847,United Kingdom,UK,New Customers,2. Mid Spend (GBP 500-2k),843.64,1,843.64,22,23.0,610.62,580.37,636.23,55.86,610.62,0,0.0184,Low Risk,0,0,Standard Tier,Normal Alignment
12849,United Kingdom,UK,Potential Loyalists,2. Mid Spend (GBP 500-2k),1010.29,2,505.14,31,269.0,340.12,331.33,346.94,15.61,340.12,0,0.4819,Moderate Risk,0,0,Standard Tier,Normal Alignment
12851,United Kingdom,UK,About to Sleep,1. Low Spend (<GBP 500),131.81,1,131.81,97,97.0,315.58,300.2,328.78,28.58,315.58,1,0.8648,High Churn Risk,0,0,Standard Tier,Normal Alignment
12852,United Kingdom,UK,Hibernating / Lost,1. Low Spend (<GBP 500),311.55,1,311.55,295,295.0,137.64,130.59,144.09,13.5,137.64,1,0.9936,High Churn Risk,0,0,Standard Tier,Normal Alignment
12853,United Kingdom,UK,Cannot Lose Them,2. Mid Spend (GBP 500-2k),1957.1,6,326.18,135,316.0,794.28,765.65,818.71,53.06,794.28,1,0.1281,Low Risk,0,0,Standard Tier,Normal Alignment
12854,United Kingdom,UK,At Risk,2. Mid Spend (GBP 500-2k),1316.25,3,438.75,79,319.0,551.33,541.59,559.53,17.94,551.33,0,0.3968,Moderate Risk,0,0,Standard Tier,Normal Alignment
12855,United Kingdom,UK,Hibernating / Lost,1. Low Spend (<GBP 500),38.1,1,38.1,373,373.0,112.62,106.83,117.87,11.04,112.62,1,0.9877,High Churn Risk,0,0,Standard Tier,Normal Alignment
12856,United Kingdom,UK,Champions,3. High Spend (>GBP 2k),2170.78,6,361.8,8,64.0,3009.6,2912.79,3085.93,173.13,3009.6,0,0.0145,Low Risk,1,1,Maintained VIP,Normal Alignment
12857,United Kingdom,UK,Hibernating / Lost,2. Mid Spend (GBP 500-2k),1106.4,2,553.2,211,303.0,294.18,286.23,300.93,14.7,294.18,1,0.5544,Elevated Risk,0,0,Standard Tier,Normal Alignment
12863,United Kingdom,UK,Promising,2. Mid Spend (GBP 500-2k),521.2,1,521.2,52,53.0,442.79,421.64,460.5,38.86,442.79,0,0.0062,Low Risk,0,0,Standard Tier,Normal Alignment
12864,United Kingdom,UK,About to Sleep,1. Low Spend (<GBP 500),147.12,1,147.12,138,139.0,247.66,235.45,258.69,23.25,247.66,1,0.9568,High Churn Risk,0,0,Standard Tier,Normal Alignment
12865,Austria,International,Potential Loyalists,2. Mid Spend (GBP 500-2k),1568.23,2,784.12,26,124.0,797.37,770.98,820.46,49.48,1126.78,0,0.1483,Low Risk,0,1,Promoted to VIP,Normal Alignment
12866,Belgium,International,Hibernating / Lost,2. Mid Spend (GBP 500-2k),559.12,1,559.12,283,284.0,142.09,134.83,148.77,13.94,178.37,1,0.9783,High Churn Risk,0,0,Standard Tier,VIP Under-selection
12867,United Kingdom,UK,Champions,3. High Spend (>GBP 2k),4009.34,7,572.76,26,361.0,1603.06,1577.19,1622.07,44.87,1603.06,0,0.0528,Low Risk,1,1,Maintained VIP,Normal Alignment
12868,United Kingdom,UK,Cannot Lose Them,2. Mid Spend (GBP 500-2k),1607.06,6,267.84,186,374.0,701.21,689.76,710.92,21.16,701.21,1,0.2664,Moderate Risk,0,0,Standard Tier,Normal Alignment
12871,United Kingdom,UK,About to Sleep,1. Low Spend (<GBP 500),380.64,2,190.32,84,208.0,371.35,359.53,382.96,23.43,371.35,0,0.5113,Elevated Risk,0,0,Standard Tier,Normal Alignment
12872,United Kingdom,UK,Hibernating / Lost,2. Mid Spend (GBP 500-2k),599.97,2,299.98,327,366.0,223.68,216.36,231.21,14.84,223.68,1,0.5087,Elevated Risk,0,0,Standard Tier,Normal Alignment
12873,United Kingdom,UK,Hibernating / Lost,1. Low Spend (<GBP 500),374.0,1,374.0,282,283.0,142.51,135.22,149.21,13.98,142.51,1,0.9955,High Churn Risk,0,0,Standard Tier,Normal Alignment
12875,United Kingdom,UK,About to Sleep,1. Low Spend (<GBP 500),343.23,2,171.62,143,363.0,170.02,158.26,182.24,23.98,170.02,1,0.6228,Elevated Risk,0,0,Standard Tier,Normal Alignment
12876,Belgium,International,Need Attention,3. High Spend (>GBP 2k),2218.02,2,1109.01,58,197.0,1048.82,976.59,1116.13,139.54,1673.3,0,0.4619,Moderate Risk,0,1,Promoted to VIP,VIP Under-selection
12877,United Kingdom,UK,Champions,2. Mid Spend (GBP 500-2k),1535.77,12,127.98,4,359.0,750.0,727.99,775.25,47.26,750.0,0,0.0864,Low Risk,0,0,Standard Tier,Normal Alignment
12878,United Kingdom,UK,Hibernating / Lost,2. Mid Spend (GBP 500-2k),854.99,2,427.5,236,267.0,424.91,413.2,435.56,22.37,424.91,1,0.5087,Elevated Risk,0,0,Standard Tier,Normal Alignment
12879,United Kingdom,UK,Loyal Customers,2. Mid Spend (GBP 500-2k),573.22,3,191.07,45,92.0,905.93,871.36,934.88,63.52,905.93,0,0.0167,Low Risk,0,0,Standard Tier,Normal Alignment
12881,United Kingdom,UK,Hibernating / Lost,1. Low Spend (<GBP 500),298.0,1,298.0,276,276.0,145.51,138.08,152.36,14.28,145.51,1,0.9893,High Churn Risk,0,0,Standard Tier,Normal Alignment
12882,United Kingdom,UK,Potential Loyalists,2. Mid Spend (GBP 500-2k),1463.04,2,731.52,9,34.0,2197.53,2050.68,2323.66,272.98,2197.53,0,0.0126,Low Risk,1,1,Maintained VIP,Normal Alignment
12883,United Kingdom,UK,Champions,2. Mid Spend (GBP 500-2k),703.47,4,175.87,25,90.0,821.57,798.84,839.76,40.92,821.57,0,0.0176,Low Risk,0,0,Standard Tier,Normal Alignment
12884,United Kingdom,UK,About to Sleep,1. Low Spend (<GBP 500),309.05,1,309.05,88,89.0,332.97,316.66,346.65,29.99,332.97,0,0.0276,Low Risk,0,0,Standard Tier,Normal Alignment
12885,United Kingdom,UK,Loyal Customers,2. Mid Spend (GBP 500-2k),1175.22,3,391.74,63,124.0,754.77,732.75,773.84,41.08,754.77,0,0.0534,Low Risk,0,0,Standard Tier,Normal Alignment
12886,United Kingdom,UK,Need Attention,2. Mid Spend (GBP 500-2k),1378.4,2,689.2,68,220.0,528.25,510.81,545.08,34.27,528.25,0,0.4919,Moderate Risk,0,0,Standard Tier,Normal Alignment
12888,United Kingdom,UK,Hibernating / Lost,1. Low Spend (<GBP 500),354.12,2,177.06,214,256.0,242.06,226.97,256.7,29.74,242.06,1,0.6742,Elevated Risk,0,0,Standard Tier,Normal Alignment
12890,United Kingdom,UK,New Customers,1. Low Spend (<GBP 500),376.72,1,376.72,24,25.0,595.57,566.3,620.37,54.07,595.57,0,0.0069,Low Risk,0,0,Standard Tier,Normal Alignment
12891,United Kingdom,UK,At Risk,1. Low Spend (<GBP 500),331.0,3,110.33,186,293.0,323.85,307.79,339.88,32.09,323.85,1,0.56,Elevated Risk,0,0,Standard Tier,Normal Alignment
12893,United Kingdom,UK,New Customers,1. Low Spend (<GBP 500),176.55,1,176.55,31,31.0,554.57,528.09,577.48,49.38,554.57,0,0.0043,Low Risk,0,0,Standard Tier,Normal Alignment
12895,United Kingdom,UK,Need Attention,1. Low Spend (<GBP 500),372.8,2,186.4,42,87.0,550.08,517.38,579.38,62.0,550.08,0,0.0131,Low Risk,0,0,Standard Tier,Normal Alignment
12897,United Kingdom,UK,Hibernating / Lost,1. Low Spend (<GBP 500),216.5,2,108.25,205,302.0,213.36,200.6,225.94,25.33,213.36,1,0.6352,Elevated Risk,0,0,Standard Tier,Normal Alignment
12901,United Kingdom,UK,Champions,3. High Spend (>GBP 2k),17654.54,28,630.52,9,271.0,9253.34,9124.22,9359.08,234.86,9253.34,0,0.0499,Low Risk,1,1,Maintained VIP,Normal Alignment
12902,United Kingdom,UK,Hibernating / Lost,1. Low Spend (<GBP 500),138.68,1,138.68,265,265.0,150.49,142.82,157.6,14.78,150.49,1,0.9921,High Churn Risk,0,0,Standard Tier,Normal Alignment
12904,United Kingdom,UK,Potential Loyalists,1. Low Spend (<GBP 500),496.06,2,248.03,18,173.0,429.67,415.94,442.5,26.56,429.67,0,0.2877,Moderate Risk,0,0,Standard Tier,Normal Alignment
12906,United Kingdom,UK,Champions,3. High Spend (>GBP 2k),2919.81,5,583.96,12,79.0,1457.89,1371.88,1534.85,162.97,1457.89,0,0.0196,Low Risk,1,1,Maintained VIP,Normal Alignment
12908,United Kingdom,UK,About to Sleep,2. Mid Spend (GBP 500-2k),750.0,2,375.0,176,313.0,332.63,324.58,339.32,14.74,332.63,1,0.6308,Elevated Risk,0,0,Standard Tier,Normal Alignment
12909,United Kingdom,UK,Loyal Customers,3. High Spend (>GBP 2k),2178.67,5,435.73,40,254.0,868.79,855.85,878.24,22.39,868.79,0,0.0654,Low Risk,0,0,Standard Tier,Normal Alignment
12910,United Kingdom,UK,Champions,3. High Spend (>GBP 2k),3075.04,8,384.38,23,242.0,1522.51,1500.31,1538.9,38.6,1522.51,0,0.0421,Low Risk,1,1,Maintained VIP,Normal Alignment
12912,United Kingdom,UK,Champions,2. Mid Spend (GBP 500-2k),1662.3,5,332.46,3,41.0,2956.64,2837.31,3052.59,215.29,2956.64,0,0.0126,Low Risk,1,1,Maintained VIP,Normal Alignment
12913,United Kingdom,UK,Champions,3. High Spend (>GBP 2k),2483.63,5,496.73,5,369.0,942.99,929.13,953.59,24.46,942.99,0,0.1433,Low Risk,0,0,Standard Tier,Normal Alignment
12915,United Kingdom,UK,About to Sleep,1. Low Spend (<GBP 500),363.65,2,181.82,149,373.0,202.01,193.41,210.42,17.01,202.01,1,0.6815,Elevated Risk,0,0,Standard Tier,Normal Alignment
12916,United Kingdom,UK,At Risk,3. High Spend (>GBP 2k),2944.95,4,736.24,139,321.0,1065.67,1035.09,1089.79,54.7,1065.67,1,0.1838,Low Risk,0,0,Standard Tier,Normal Alignment
12917,United Kingdom,UK,About to Sleep,2. Mid Spend (GBP 500-2k),594.0,1,594.0,128,129.0,261.04,248.2,272.56,24.36,261.04,1,0.9529,High Churn Risk,0,0,Standard Tier,Normal Alignment
12919,United Kingdom,UK,Champions,2. Mid Spend (GBP 500-2k),1335.19,6,222.53,8,170.0,1139.15,1110.27,1166.24,55.97,1139.15,0,0.0574,Low Risk,1,1,Maintained VIP,Normal Alignment
12920,United Kingdom,UK,New Customers,1. Low Spend (<GBP 500),162.78,1,162.78,17,18.0,651.79,618.48,679.68,61.2,651.79,0,0.0023,Low Risk,0,0,Standard Tier,Normal Alignment
12921,United Kingdom,UK,Champions,3. High Spend (>GBP 2k),16587.09,37,448.3,9,374.0,6626.05,6553.31,6687.44,134.13,6626.05,0,0.0371,Low Risk,1,1,Maintained VIP,Normal Alignment
12922,United Kingdom,UK,About to Sleep,1. Low Spend (<GBP 500),405.38,1,405.38,161,162.0,221.55,210.61,231.59,20.98,221.55,1,0.9327,High Churn Risk,0,0,Standard Tier,Normal Alignment
12923,United Kingdom,UK,Promising,1. Low Spend (<GBP 500),172.82,1,172.82,64,65.0,398.93,380.34,414.88,34.54,398.93,0,0.0228,Low Risk,0,0,Standard Tier,Normal Alignment
12924,United Kingdom,UK,At Risk,2. Mid Spend (GBP 500-2k),933.7,4,233.42,88,328.0,541.66,531.63,550.81,19.18,541.66,0,0.2503,Moderate Risk,0,0,Standard Tier,Normal Alignment
12925,United Kingdom,UK,Potential Loyalists,2. Mid Spend (GBP 500-2k),694.05,2,347.02,5,75.0,827.11,800.05,846.85,46.8,827.11,0,0.0099,Low Risk,0,0,Standard Tier,Normal Alignment
12928,United Kingdom,UK,Loyal Customers,3. High Spend (>GBP 2k),2062.7,5,412.54,35,360.0,813.65,804.29,820.76,16.46,813.65,0,0.1551,Low Risk,0,0,Standard Tier,Normal Alignment
12929,United Kingdom,UK,Hibernating / Lost,1. Low Spend (<GBP 500),117.85,1,117.85,312,312.0,131.28,124.55,137.42,12.86,131.28,1,0.9896,High Churn Risk,0,0,Standard Tier,Normal Alignment
12930,United Kingdom,UK,About to Sleep,1. Low Spend (<GBP 500),415.8,2,207.9,78,172.0,397.83,382.54,411.97,29.43,397.83,0,0.3096,Moderate Risk,0,0,Standard Tier,Normal Alignment
12931,United Kingdom,UK,Champions,3. High Spend (>GBP 2k),42055.96,15,2803.73,22,358.0,17072.31,16653.64,17392.42,738.78,17072.31,0,0.0504,Low Risk,1,1,Maintained VIP,Normal Alignment
12933,United Kingdom,UK,Loyal Customers,2. Mid Spend (GBP 500-2k),607.53,3,202.51,24,284.0,422.28,410.83,433.45,22.62,422.28,0,0.3484,Moderate Risk,0,0,Standard Tier,Normal Alignment
12935,United Kingdom,UK,Champions,3. High Spend (>GBP 2k),2160.7,7,308.67,2,320.0,940.38,929.22,948.87,19.65,940.38,0,0.0451,Low Risk,0,0,Standard Tier,Normal Alignment
12936,United Kingdom,UK,Champions,2. Mid Spend (GBP 500-2k),1063.9,4,265.98,17,79.0,810.99,765.74,854.88,89.14,810.99,0,0.0149,Low Risk,0,0,Standard Tier,Normal Alignment
12937,United Kingdom,UK,Champions,2. Mid Spend (GBP 500-2k),1504.27,4,376.07,15,268.0,836.77,824.46,845.34,20.88,836.77,0,0.1661,Low Risk,0,0,Standard Tier,Normal Alignment
12938,United Kingdom,UK,New Customers,1. Low Spend (<GBP 500),114.14,1,114.14,26,26.0,588.32,559.58,612.73,53.15,588.32,0,0.0046,Low Risk,0,0,Standard Tier,Normal Alignment
12939,United Kingdom,UK,Loyal Customers,3. High Spend (>GBP 2k),11581.8,8,1447.72,64,335.0,4146.85,3998.72,4265.47,266.74,4146.85,0,0.0555,Low Risk,1,1,Maintained VIP,Normal Alignment
12940,United Kingdom,UK,Need Attention,2. Mid Spend (GBP 500-2k),899.69,2,449.84,55,88.0,951.25,920.39,976.39,56.01,951.25,0,0.0111,Low Risk,0,0,Standard Tier,Normal Alignment
12942,United Kingdom,UK,At Risk,2. Mid Spend (GBP 500-2k),675.6,3,225.2,131,366.0,312.4,301.63,322.93,21.3,312.4,1,0.4232,Moderate Risk,0,0,Standard Tier,Normal Alignment
12944,United Kingdom,UK,Need Attention,2. Mid Spend (GBP 500-2k),604.51,2,302.26,36,355.0,261.16,254.39,266.82,12.44,261.16,0,0.5462,Elevated Risk,0,0,Standard Tier,Normal Alignment
12945,United Kingdom,UK,Hibernating / Lost,1. Low Spend (<GBP 500),462.95,1,462.95,288,289.0,140.03,132.87,146.61,13.74,140.03,1,0.9789,High Churn Risk,0,0,Standard Tier,Normal Alignment
12947,United Kingdom,UK,Cannot Lose Them,2. Mid Spend (GBP 500-2k),1603.99,6,267.33,144,374.0,662.56,651.14,673.82,22.67,662.56,1,0.2523,Moderate Risk,0,0,Standard Tier,Normal Alignment
12948,United Kingdom,UK,Champions,3. High Spend (>GBP 2k),2064.95,7,294.99,16,265.0,1096.48,1078.93,1111.49,32.56,1096.48,0,0.0407,Low Risk,1,1,Maintained VIP,Normal Alignment
12949,United Kingdom,UK,Champions,3. High Spend (>GBP 2k),4167.22,8,520.9,31,253.0,1585.62,1549.01,1615.3,66.29,1585.62,0,0.0347,Low Risk,1,1,Maintained VIP,Normal Alignment
12950,United Kingdom,UK,Loyal Customers,2. Mid Spend (GBP 500-2k),1843.0,3,614.33,2,25.0,3645.57,3427.61,3829.04,401.43,3645.57,0,0.0177,Low Risk,1,1,Maintained VIP,Normal Alignment
12951,United Kingdom,UK,Champions,2. Mid Spend (GBP 500-2k),1064.07,6,177.35,9,331.0,560.52,543.84,578.56,34.71,560.52,0,0.1413,Low Risk,0,0,Standard Tier,Normal Alignment
12952,United Kingdom,UK,Champions,2. Mid Spend (GBP 500-2k),1387.79,4,346.95,6,79.0,1236.38,1201.84,1264.12,62.28,1236.38,0,0.0184,Low Risk,1,1,Maintained VIP,Normal Alignment
12953,United Kingdom,UK,New Customers,1. Low Spend (<GBP 500),329.85,1,329.85,10,10.0,730.62,690.88,763.04,72.16,730.62,0,0.0022,Low Risk,0,0,Standard Tier,Normal Alignment
12955,United Kingdom,UK,Champions,3. High Spend (>GBP 2k),4757.16,11,432.47,1,268.0,2443.52,2414.57,2464.69,50.12,2443.52,0,0.0346,Low Risk,1,1,Maintained VIP,Normal Alignment
12956,United Kingdom,UK,Hibernating / Lost,1. Low Spend (<GBP 500),108.07,1,108.07,306,307.0,133.09,126.27,139.32,13.04,133.09,1,0.9891,High Churn Risk,0,0,Standard Tier,Normal Alignment
12957,United Kingdom,UK,Champions,3. High Spend (>GBP 2k),4017.54,8,502.19,10,340.0,1670.58,1643.7,1690.03,46.33,1670.58,0,0.036,Low Risk,1,1,Maintained VIP,Normal Alignment
12962,United Kingdom,UK,Potential Loyalists,1. Low Spend (<GBP 500),266.39,2,133.2,7,114.0,455.55,427.7,480.79,53.09,455.55,0,0.2046,Low Risk,0,0,Standard Tier,Normal Alignment
12963,United Kingdom,UK,Champions,2. Mid Spend (GBP 500-2k),1856.63,8,232.08,8,366.0,756.47,743.66,769.31,25.64,756.47,0,0.0692,Low Risk,0,0,Standard Tier,Normal Alignment
12965,United Kingdom,UK,About to Sleep,2. Mid Spend (GBP 500-2k),769.81,1,769.81,89,90.0,330.69,314.49,344.3,29.81,330.69,0,0.0972,Low Risk,0,0,Standard Tier,Normal Alignment
12966,United Kingdom,UK,New Customers,1. Low Spend (<GBP 500),160.18,1,160.18,10,10.0,730.62,690.88,763.04,72.16,730.62,0,0.0018,Low Risk,0,0,Standard Tier,Normal Alignment
12967,United Kingdom,UK,Hibernating / Lost,2. Mid Spend (GBP 500-2k),1660.9,2,830.45,358,372.0,242.9,236.13,248.99,12.86,242.9,1,0.6074,Elevated Risk,0,0,Standard Tier,Normal Alignment
12968,United Kingdom,UK,About to Sleep,1. Low Spend (<GBP 500),135.95,1,135.95,112,113.0,285.73,271.8,298.13,26.33,285.73,1,0.9812,High Churn Risk,0,0,Standard Tier,Normal Alignment
12970,United Kingdom,UK,Champions,1. Low Spend (<GBP 500),405.47,4,101.37,7,323.0,305.97,298.61,311.92,13.3,305.97,0,0.349,Moderate Risk,0,0,Standard Tier,Normal Alignment
12971,United Kingdom,UK,Champions,3. High Spend (>GBP 2k),11189.91,86,130.12,4,373.0,4677.33,4625.8,4717.81,92.01,4677.33,0,0.0289,Low Risk,1,1,Maintained VIP,Normal Alignment
12974,United Kingdom,UK,Hibernating / Lost,1. Low Spend (<GBP 500),144.8,1,144.8,198,198.0,190.17,180.68,198.97,18.29,190.17,1,0.989,High Churn Risk,0,0,Standard Tier,Normal Alignment
12976,United Kingdom,UK,Hibernating / Lost,2. Mid Spend (GBP 500-2k),738.6,1,738.6,212,212.0,180.24,171.31,188.63,17.32,180.24,1,0.936,High Churn Risk,0,0,Standard Tier,Normal Alignment
12977,United Kingdom,UK,About to Sleep,1. Low Spend (<GBP 500),39.24,1,39.24,156,157.0,226.75,215.55,236.99,21.44,226.75,1,0.9737,High Churn Risk,0,0,Standard Tier,Normal Alignment
12980,United Kingdom,UK,Cannot Lose Them,3. High Spend (>GBP 2k),7374.9,9,819.43,158,359.0,2762.33,2712.41,2800.9,88.49,2762.33,1,0.1479,Low Risk,1,1,Maintained VIP,Normal Alignment
12981,United Kingdom,UK,Potential Loyalists,1. Low Spend (<GBP 500),372.22,2,186.11,30,134.0,470.81,451.43,488.78,37.35,470.81,0,0.2246,Low Risk,0,0,Standard Tier,Normal Alignment
12982,United Kingdom,UK,Hibernating / Lost,1. Low Spend (<GBP 500),390.54,1,390.54,243,243.0,161.56,153.37,169.17,15.8,161.56,1,0.9867,High Churn Risk,0,0,Standard Tier,Normal Alignment
12984,United Kingdom,UK,New Customers,1. Low Spend (<GBP 500),97.5,1,97.5,19,19.0,643.12,610.48,670.52,60.04,643.12,0,0.005,Low Risk,0,0,Standard Tier,Normal Alignment
12985,United Kingdom,UK,Potential Loyalists,2. Mid Spend (GBP 500-2k),1239.38,2,619.69,1,29.0,1525.85,1459.33,1578.52,119.19,1525.85,0,0.0129,Low Risk,1,1,Maintained VIP,Normal Alignment
12987,United Kingdom,UK,About to Sleep,2. Mid Spend (GBP 500-2k),558.7,2,279.35,74,198.0,389.01,376.74,400.78,24.04,389.01,0,0.5365,Elevated Risk,0,0,Standard Tier,Normal Alignment
12988,United Kingdom,UK,Hibernating / Lost,2. Mid Spend (GBP 500-2k),505.82,1,505.82,292,293.0,138.43,131.34,144.92,13.58,138.43,1,0.9759,High Churn Risk,0,0,Standard Tier,Normal Alignment
12989,United Kingdom,UK,Champions,3. High Spend (>GBP 2k),6924.11,15,461.61,3,365.0,2863.19,2831.01,2887.28,56.27,2863.19,0,0.0405,Low Risk,1,1,Maintained VIP,Normal Alignment
12990,United Kingdom,UK,Loyal Customers,1. Low Spend (<GBP 500),409.5,3,136.5,31,311.0,317.19,302.58,332.05,29.48,317.19,0,0.5208,Elevated Risk,0,0,Standard Tier,Normal Alignment
12991,United Kingdom,UK,Potential Loyalists,2. Mid Spend (GBP 500-2k),503.76,2,251.88,23,113.0,541.33,519.07,560.49,41.42,541.33,0,0.1674,Low Risk,0,0,Standard Tier,Normal Alignment
12993,United Kingdom,UK,Champions,1. Low Spend (<GBP 500),414.76,4,103.69,23,299.0,342.2,322.05,364.08,42.03,342.2,0,0.3688,Moderate Risk,0,0,Standard Tier,Normal Alignment
12994,United Kingdom,UK,Loyal Customers,2. Mid Spend (GBP 500-2k),974.42,3,324.81,4,269.0,498.33,488.43,507.44,19.01,498.33,0,0.2793,Moderate Risk,0,0,Standard Tier,Normal Alignment
12995,United Kingdom,UK,About to Sleep,1. Low Spend (<GBP 500),211.32,1,211.32,85,86.0,340.0,323.37,353.91,30.54,340.0,0,0.0287,Low Risk,0,0,Standard Tier,Normal Alignment
12997,United Kingdom,UK,Champions,2. Mid Spend (GBP 500-2k),1226.89,4,306.72,22,318.0,574.95,565.0,583.52,18.53,574.95,0,0.2112,Low Risk,0,0,Standard Tier,Normal Alignment
12999,United Kingdom,UK,At Risk,1. Low Spend (<GBP 500),455.88,3,151.96,196,246.0,299.54,276.99,323.44,46.45,299.54,1,0.379,Moderate Risk,0,0,Standard Tier,Normal Alignment
13000,United Kingdom,UK,At Risk,2. Mid Spend (GBP 500-2k),534.85,3,178.28,107,365.0,283.89,271.72,296.22,24.5,283.89,1,0.5065,Elevated Risk,0,0,Standard Tier,Normal Alignment
13001,United Kingdom,UK,Champions,3. High Spend (>GBP 2k),9785.97,13,752.77,4,327.0,4134.36,4072.95,4181.81,108.86,4134.36,0,0.0335,Low Risk,1,1,Maintained VIP,Normal Alignment
13002,United Kingdom,UK,Hibernating / Lost,1. Low Spend (<GBP 500),120.95,1,120.95,318,319.0,128.83,122.23,134.85,12.62,128.83,1,0.9918,High Churn Risk,0,0,Standard Tier,Normal Alignment
13003,United Kingdom,UK,At Risk,1. Low Spend (<GBP 500),149.05,3,49.68,106,215.0,309.04,282.0,337.38,55.38,309.04,1,0.5311,Elevated Risk,0,0,Standard Tier,Normal Alignment
13004,United Kingdom,UK,Champions,3. High Spend (>GBP 2k),5655.91,18,314.22,12,358.0,2357.23,2333.52,2374.34,40.82,2357.23,0,0.0268,Low Risk,1,1,Maintained VIP,Normal Alignment
13005,United Kingdom,UK,About to Sleep,2. Mid Spend (GBP 500-2k),513.7,2,256.85,174,247.0,298.43,287.16,309.71,22.55,298.43,1,0.5766,Elevated Risk,0,0,Standard Tier,Normal Alignment
13006,United Kingdom,UK,Promising,1. Low Spend (<GBP 500),81.57,1,81.57,56,57.0,427.14,406.64,444.37,37.73,427.14,0,0.0141,Low Risk,0,0,Standard Tier,Normal Alignment
13008,United Kingdom,UK,Hibernating / Lost,1. Low Spend (<GBP 500),229.47,1,229.47,323,324.0,127.14,120.62,133.07,12.45,127.14,1,0.9891,High Churn Risk,0,0,Standard Tier,Normal Alignment
13011,United Kingdom,UK,Hibernating / Lost,1. Low Spend (<GBP 500),50.55,1,50.55,372,373.0,112.62,106.83,117.87,11.04,112.62,1,0.9873,High Churn Risk,0,0,Standard Tier,Normal Alignment
13012,United Kingdom,UK,Champions,2. Mid Spend (GBP 500-2k),1646.84,8,205.86,9,295.0,814.51,794.36,834.86,40.5,814.51,0,0.0688,Low Risk,0,0,Standard Tier,Normal Alignment
13013,United Kingdom,UK,Champions,3. High Spend (>GBP 2k),4810.94,13,370.07,1,372.0,1466.75,1452.51,1478.74,26.23,1466.75,0,0.0334,Low Risk,1,1,Maintained VIP,Normal Alignment
13014,United Kingdom,UK,Champions,3. High Spend (>GBP 2k),3466.28,10,346.63,11,282.0,1679.52,1659.46,1695.23,35.77,1679.52,0,0.0383,Low Risk,1,1,Maintained VIP,Normal Alignment
13015,United Kingdom,UK,Loyal Customers,3. High Spend (>GBP 2k),3339.64,5,667.93,53,250.0,1582.13,1523.57,1626.62,103.05,1582.13,0,0.062,Low Risk,1,1,Maintained VIP,Normal Alignment
13016,United Kingdom,UK,At Risk,2. Mid Spend (GBP 500-2k),789.89,3,263.3,73,124.0,631.23,616.56,644.07,27.51,631.23,0,0.0751,Low Risk,0,0,Standard Tier,Normal Alignment
13017,United Kingdom,UK,New Customers,1. Low Spend (<GBP 500),204.0,1,204.0,7,8.0,753.4,711.44,787.33,75.88,753.4,0,0.0048,Low Risk,0,0,Standard Tier,Normal Alignment
13018,United Kingdom,UK,Champions,3. High Spend (>GBP 2k),7277.7,28,259.92,16,296.0,3578.12,3538.43,3608.3,69.86,3578.12,0,0.0265,Low Risk,1,1,Maintained VIP,Normal Alignment
13021,United Kingdom,UK,Champions,3. High Spend (>GBP 2k),2616.38,9,290.71,4,359.0,1157.44,1146.65,1166.06,19.41,1157.44,0,0.0381,Low Risk,1,1,Maintained VIP,Normal Alignment
13023,United Kingdom,UK,Need Attention,2. Mid Spend (GBP 500-2k),689.9,2,344.95,64,130.0,602.82,588.7,615.05,26.35,602.82,0,0.2311,Low Risk,0,0,Standard Tier,Normal Alignment
13026,United Kingdom,UK,Champions,2. Mid Spend (GBP 500-2k),975.36,5,195.07,1,276.0,649.88,633.58,666.66,33.08,649.88,0,0.1472,Low Risk,0,0,Standard Tier,Normal Alignment
13027,United Kingdom,UK,Cannot Lose Them,3. High Spend (>GBP 2k),6912.0,6,1152.0,114,355.0,2318.27,2244.66,2371.26,126.6,2318.27,1,0.2327,Low Risk,1,1,Maintained VIP,Normal Alignment
13028,United Kingdom,UK,Potential Loyalists,2. Mid Spend (GBP 500-2k),661.32,2,330.66,23,46.0,1035.08,999.02,1063.54,64.52,1035.08,0,0.0076,Low Risk,0,0,Standard Tier,Normal Alignment
13029,United Kingdom,UK,Loyal Customers,2. Mid Spend (GBP 500-2k),1247.5,3,415.83,31,354.0,482.28,473.88,488.72,14.83,482.28,0,0.5195,Elevated Risk,0,0,Standard Tier,Normal Alignment
13030,United Kingdom,UK,Potential Loyalists,2. Mid Spend (GBP 500-2k),752.44,2,376.22,11,369.0,262.86,256.08,268.32,12.24,262.86,0,0.4779,Moderate Risk,0,0,Standard Tier,Normal Alignment
13032,United Kingdom,UK,Need Attention,2. Mid Spend (GBP 500-2k),1010.18,2,505.09,52,88.0,928.32,898.83,951.49,52.65,928.32,0,0.0103,Low Risk,0,0,Standard Tier,Normal Alignment
13033,United Kingdom,UK,Hibernating / Lost,1. Low Spend (<GBP 500),190.55,1,190.55,357,358.0,116.7,110.7,122.13,11.43,116.7,1,0.9932,High Churn Risk,0,0,Standard Tier,Normal Alignment
13034,United Kingdom,UK,Need Attention,2. Mid Spend (GBP 500-2k),642.77,2,321.38,55,370.0,302.33,294.68,308.97,14.3,302.33,0,0.5175,Elevated Risk,0,0,Standard Tier,Normal Alignment
13035,United Kingdom,UK,About to Sleep,2. Mid Spend (GBP 500-2k),921.88,2,460.94,74,261.0,453.79,439.53,467.87,28.34,453.79,0,0.5484,Elevated Risk,0,0,Standard Tier,Normal Alignment
13037,United Kingdom,UK,At Risk,2. Mid Spend (GBP 500-2k),881.07,3,293.69,138,257.0,521.58,511.53,530.66,19.13,521.58,1,0.2771,Moderate Risk,0,0,Standard Tier,Normal Alignment
13038,United Kingdom,UK,At Risk,2. Mid Spend (GBP 500-2k),908.46,3,302.82,80,291.0,420.79,409.69,431.12,21.43,420.79,0,0.4512,Moderate Risk,0,0,Standard Tier,Normal Alignment
13040,United Kingdom,UK,Potential Loyalists,2. Mid Spend (GBP 500-2k),676.99,2,338.5,9,34.0,1274.99,1225.2,1313.9,88.7,1274.99,0,0.0068,Low Risk,1,1,Maintained VIP,Normal Alignment
13043,United Kingdom,UK,Hibernating / Lost,2. Mid Spend (GBP 500-2k),516.42,1,516.42,273,274.0,146.39,138.92,153.29,14.37,146.39,1,0.9842,High Churn Risk,0,0,Standard Tier,Normal Alignment
13044,United Kingdom,UK,Hibernating / Lost,2. Mid Spend (GBP 500-2k),560.47,1,560.47,291,292.0,138.82,131.72,145.34,13.62,138.82,1,0.9763,High Churn Risk,0,0,Standard Tier,Normal Alignment
13045,United Kingdom,UK,About to Sleep,1. Low Spend (<GBP 500),305.28,1,305.28,99,100.0,309.52,294.5,322.68,28.18,309.52,1,0.927,High Churn Risk,0,0,Standard Tier,Normal Alignment
13046,United Kingdom,UK,Potential Loyalists,2. Mid Spend (GBP 500-2k),629.31,2,314.65,31,267.0,379.8,370.45,387.29,16.83,379.8,0,0.5355,Elevated Risk,0,0,Standard Tier,Normal Alignment
13047,United Kingdom,UK,Champions,3. High Spend (>GBP 2k),3237.54,10,323.75,32,374.0,1273.64,1261.94,1282.57,20.63,1273.64,0,0.0458,Low Risk,1,1,Maintained VIP,Normal Alignment
13048,United Kingdom,UK,Champions,2. Mid Spend (GBP 500-2k),1819.41,4,454.85,14,328.0,728.04,717.76,735.42,17.67,728.04,0,0.1868,Low Risk,0,0,Standard Tier,Normal Alignment
13049,United Kingdom,UK,Need Attention,2. Mid Spend (GBP 500-2k),656.68,2,328.34,64,319.0,352.76,343.91,361.11,17.2,352.76,0,0.5624,Elevated Risk,0,0,Standard Tier,Normal Alignment
13050,United Kingdom,UK,Champions,3. High Spend (>GBP 2k),5836.86,17,343.34,15,367.0,2390.91,2368.26,2407.73,39.48,2390.91,0,0.0279,Low Risk,1,1,Maintained VIP,Normal Alignment
13052,United Kingdom,UK,Hibernating / Lost,1. Low Spend (<GBP 500),348.15,1,348.15,212,213.0,179.57,170.67,187.94,17.27,179.57,1,0.9913,High Churn Risk,0,0,Standard Tier,Normal Alignment
13055,United Kingdom,UK,At Risk,2. Mid Spend (GBP 500-2k),1214.41,3,404.8,78,214.0,672.68,639.92,703.13,63.21,672.68,0,0.2025,Low Risk,0,0,Standard Tier,Normal Alignment
13058,United Kingdom,UK,Loyal Customers,1. Low Spend (<GBP 500),271.4,3,90.47,25,152.0,497.18,469.17,525.78,56.61,497.18,0,0.3069,Moderate Risk,0,0,Standard Tier,Normal Alignment
13059,United Kingdom,UK,Hibernating / Lost,1. Low Spend (<GBP 500),183.4,1,183.4,250,250.0,157.87,149.83,165.32,15.49,157.87,1,0.9848,High Churn Risk,0,0,Standard Tier,Normal Alignment
13060,United Kingdom,UK,Hibernating / Lost,1. Low Spend (<GBP 500),307.53,1,307.53,254,254.0,155.83,147.89,163.19,15.3,155.83,1,0.9954,High Churn Risk,0,0,Standard Tier,Normal Alignment
13061,United Kingdom,UK,Promising,1. Low Spend (<GBP 500),248.61,1,248.61,72,73.0,374.22,356.2,389.21,33.01,374.22,0,0.0146,Low Risk,0,0,Standard Tier,Normal Alignment
13062,United Kingdom,UK,Hibernating / Lost,1. Low Spend (<GBP 500),346.98,1,346.98,191,192.0,194.77,184.98,203.75,18.77,194.77,1,0.9828,High Churn Risk,0,0,Standard Tier,Normal Alignment
13064,United Kingdom,UK,Champions,2. Mid Spend (GBP 500-2k),1105.59,4,276.4,13,328.0,552.37,542.68,561.05,18.37,552.37,0,0.2174,Low Risk,0,0,Standard Tier,Normal Alignment
13065,United Kingdom,UK,Hibernating / Lost,1. Low Spend (<GBP 500),205.86,1,205.86,373,374.0,112.36,106.58,117.6,11.02,112.36,1,0.9935,High Churn Risk,0,0,Standard Tier,Normal Alignment
13066,United Kingdom,UK,Potential Loyalists,1. Low Spend (<GBP 500),470.8,2,235.4,24,33.0,1206.58,1157.75,1245.65,87.91,1206.58,0,0.0108,Low Risk,1,1,Maintained VIP,Normal Alignment
13067,United Kingdom,UK,About to Sleep,1. Low Spend (<GBP 500),115.46,1,115.46,82,83.0,347.33,330.37,361.47,31.11,347.33,0,0.0427,Low Risk,0,0,Standard Tier,Normal Alignment
13068,United Kingdom,UK,Potential Loyalists,1. Low Spend (<GBP 500),344.0,2,172.0,10,320.0,235.84,226.48,245.17,18.69,235.84,0,0.5986,Elevated Risk,0,0,Standard Tier,Normal Alignment
13069,United Kingdom,UK,Champions,3. High Spend (>GBP 2k),4431.44,24,184.64,1,370.0,1823.0,1800.36,1842.06,41.7,1823.0,0,0.0275,Low Risk,1,1,Maintained VIP,Normal Alignment
13070,United Kingdom,UK,Hibernating / Lost,1. Low Spend (<GBP 500),228.8,1,228.8,192,193.0,193.98,184.25,202.94,18.69,193.98,1,0.9953,High Churn Risk,0,0,Standard Tier,Normal Alignment
13072,United Kingdom,UK,Hibernating / Lost,1. Low Spend (<GBP 500),177.15,1,177.15,267,267.0,149.56,141.93,156.62,14.69,149.56,1,0.9894,High Churn Risk,0,0,Standard Tier,Normal Alignment
13075,United Kingdom,UK,About to Sleep,2. Mid Spend (GBP 500-2k),919.61,1,919.61,130,130.0,259.63,246.86,271.11,24.25,259.63,1,0.8992,High Churn Risk,0,0,Standard Tier,Normal Alignment
13077,United Kingdom,UK,Champions,2. Mid Spend (GBP 500-2k),728.02,4,182.0,1,367.0,310.77,299.96,321.36,21.4,310.77,0,0.3157,Moderate Risk,0,0,Standard Tier,Normal Alignment
13078,United Kingdom,UK,Champions,3. High Spend (>GBP 2k),12627.94,26,485.69,3,367.0,5074.43,5022.53,5111.85,89.32,5074.43,0,0.034,Low Risk,1,1,Maintained VIP,Normal Alignment
13079,United Kingdom,UK,Champions,1. Low Spend (<GBP 500),220.1,5,44.02,4,141.0,539.95,492.67,593.02,100.35,539.95,0,0.3117,Moderate Risk,0,0,Standard Tier,Normal Alignment
13080,United Kingdom,UK,About to Sleep,1. Low Spend (<GBP 500),58.08,1,58.08,179,180.0,204.66,194.45,214.04,19.6,204.66,1,0.9719,High Churn Risk,0,0,Standard Tier,Normal Alignment
13081,United Kingdom,UK,Champions,3. High Spend (>GBP 2k),28337.38,11,2576.13,12,372.0,10171.4,9858.66,10409.56,550.91,10171.4,0,0.0396,Low Risk,1,1,Maintained VIP,Normal Alignment
13082,United Kingdom,UK,Cannot Lose Them,3. High Spend (>GBP 2k),3613.63,9,401.51,126,339.0,1523.19,1501.97,1538.43,36.46,1523.19,1,0.0496,Low Risk,1,1,Maintained VIP,Normal Alignment
13083,United Kingdom,UK,Potential Loyalists,1. Low Spend (<GBP 500),303.75,2,151.88,4,76.0,602.35,566.3,633.58,67.27,602.35,0,0.0108,Low Risk,0,0,Standard Tier,Normal Alignment
13085,United Kingdom,UK,About to Sleep,1. Low Spend (<GBP 500),416.08,2,208.04,158,296.0,236.22,224.76,247.38,22.62,236.22,1,0.5983,Elevated Risk,0,0,Standard Tier,Normal Alignment
13089,United Kingdom,UK,Champions,3. High Spend (>GBP 2k),58762.08,97,605.79,3,370.0,23695.09,23451.92,23890.81,438.89,23695.09,0,0.0333,Low Risk,1,1,Maintained VIP,Normal Alignment
13090,United Kingdom,UK,Champions,3. High Spend (>GBP 2k),8910.82,14,636.49,9,373.0,3601.35,3551.37,3638.23,86.86,3601.35,0,0.039,Low Risk,1,1,Maintained VIP,Normal Alignment
13091,United Kingdom,UK,New Customers,1. Low Spend (<GBP 500),345.82,1,345.82,28,29.0,567.59,540.21,590.85,50.64,567.59,0,0.0043,Low Risk,0,0,Standard Tier,Normal Alignment
13092,United Kingdom,UK,Loyal Customers,1. Low Spend (<GBP 500),477.83,5,95.57,71,360.0,292.16,271.98,315.38,43.4,292.16,0,0.3946,Moderate Risk,0,0,Standard Tier,Normal Alignment
13093,United Kingdom,UK,Cannot Lose Them,3. High Spend (>GBP 2k),7832.47,8,979.06,276,374.0,2830.55,2747.09,2890.42,143.32,2830.55,1,0.0586,Low Risk,1,1,Maintained VIP,Normal Alignment
13094,United Kingdom,UK,Champions,2. Mid Spend (GBP 500-2k),1927.32,12,160.61,21,369.0,857.18,837.51,878.24,40.73,857.18,0,0.1014,Low Risk,0,0,Standard Tier,Normal Alignment
13095,United Kingdom,UK,Promising,1. Low Spend (<GBP 500),74.4,1,74.4,71,71.0,380.11,361.96,395.29,33.33,380.11,0,0.0337,Low Risk,0,0,Standard Tier,Normal Alignment
13097,United Kingdom,UK,Champions,3. High Spend (>GBP 2k),6003.22,10,600.32,33,361.0,2438.36,2398.26,2468.11,69.85,2438.36,0,0.0335,Low Risk,1,1,Maintained VIP,Normal Alignment
13098,United Kingdom,UK,Champions,3. High Spend (>GBP 2k),28882.44,28,1031.52,1,318.0,13095.12,12930.45,13238.09,307.64,13095.12,0,0.0367,Low Risk,1,1,Maintained VIP,Normal Alignment
13099,United Kingdom,UK,About to Sleep,1. Low Spend (<GBP 500),207.36,1,207.36,99,100.0,309.52,294.5,322.68,28.18,309.52,1,0.9471,High Churn Risk,0,0,Standard Tier,Normal Alignment
13101,United Kingdom,UK,Hibernating / Lost,1. Low Spend (<GBP 500),101.19,1,101.19,234,235.0,166.0,157.63,173.8,16.16,166.0,1,0.9932,High Churn Risk,0,0,Standard Tier,Normal Alignment
13102,United Kingdom,UK,Champions,3. High Spend (>GBP 2k),6424.09,24,267.67,1,366.0,2647.49,2622.27,2666.88,44.61,2647.49,0,0.0263,Low Risk,1,1,Maintained VIP,Normal Alignment
13103,United Kingdom,UK,Promising,1. Low Spend (<GBP 500),243.94,1,243.94,40,40.0,502.66,478.91,522.49,43.58,502.66,0,0.003,Low Risk,0,0,Standard Tier,Normal Alignment
13104,United Kingdom,UK,Champions,2. Mid Spend (GBP 500-2k),1098.48,6,183.08,3,355.0,575.06,560.34,590.12,29.78,575.06,0,0.1722,Low Risk,0,0,Standard Tier,Normal Alignment
13106,United Kingdom,UK,About to Sleep,1. Low Spend (<GBP 500),76.5,1,76.5,133,134.0,254.17,241.64,265.44,23.8,254.17,1,0.9724,High Churn Risk,0,0,Standard Tier,Normal Alignment
13107,United Kingdom,UK,Loyal Customers,2. Mid Spend (GBP 500-2k),1531.62,4,382.9,44,334.0,568.46,559.6,576.07,16.47,568.46,0,0.2268,Low Risk,0,0,Standard Tier,Normal Alignment
13108,United Kingdom,UK,Hibernating / Lost,1. Low Spend (<GBP 500),350.06,1,350.06,373,373.0,112.62,106.83,117.87,11.04,112.62,1,0.9891,High Churn Risk,0,0,Standard Tier,Normal Alignment
13109,United Kingdom,UK,Need Attention,2. Mid Spend (GBP 500-2k),786.54,2,393.27,60,158.0,563.75,549.98,574.54,24.55,563.75,0,0.2747,Moderate Risk,0,0,Standard Tier,Normal Alignment
13110,United Kingdom,UK,Champions,2. Mid Spend (GBP 500-2k),1488.67,7,212.67,31,312.0,738.11,723.57,752.55,28.98,738.11,0,0.0852,Low Risk,0,0,Standard Tier,Normal Alignment
13113,United Kingdom,UK,Champions,3. High Spend (>GBP 2k),12245.96,24,510.25,1,367.0,4969.03,4918.34,5007.7,89.36,4969.03,0,0.0351,Low Risk,1,1,Maintained VIP,Normal Alignment
13115,United Kingdom,UK,Champions,3. High Spend (>GBP 2k),2294.78,4,573.7,12,185.0,1207.16,1184.46,1223.78,39.32,1207.16,0,0.0576,Low Risk,1,1,Maintained VIP,Normal Alignment
13116,United Kingdom,UK,About to Sleep,2. Mid Spend (GBP 500-2k),501.14,1,501.14,138,139.0,247.66,235.45,258.69,23.25,247.66,1,0.9293,High Churn Risk,0,0,Standard Tier,Normal Alignment
13117,United Kingdom,UK,Champions,2. Mid Spend (GBP 500-2k),984.91,8,123.11,22,373.0,481.0,461.17,504.14,42.97,481.0,0,0.113,Low Risk,0,0,Standard Tier,Normal Alignment
13118,United Kingdom,UK,Champions,2. Mid Spend (GBP 500-2k),1197.81,5,239.56,20,289.0,661.31,650.97,669.29,18.32,661.31,0,0.1348,Low Risk,0,0,Standard Tier,Normal Alignment
13120,United Kingdom,UK,Hibernating / Lost,1. Low Spend (<GBP 500),30.6,1,30.6,239,239.0,163.75,155.47,171.45,15.98,163.75,1,0.9809,High Churn Risk,0,0,Standard Tier,Normal Alignment
13121,United Kingdom,UK,Hibernating / Lost,1. Low Spend (<GBP 500),283.73,1,283.73,269,270.0,148.19,140.62,155.17,14.55,148.19,1,0.9832,High Churn Risk,0,0,Standard Tier,Normal Alignment
13122,United Kingdom,UK,About to Sleep,2. Mid Spend (GBP 500-2k),922.39,2,461.2,94,241.0,225.89,207.87,244.26,36.39,225.89,1,0.507,Elevated Risk,0,0,Standard Tier,Normal Alignment
13124,United Kingdom,UK,At Risk,3. High Spend (>GBP 2k),3756.33,3,1252.11,90,360.0,1053.31,1002.02,1098.56,96.54,1053.31,0,0.3341,Moderate Risk,0,0,Standard Tier,Normal Alignment
13126,United Kingdom,UK,Champions,3. High Spend (>GBP 2k),2099.64,8,262.46,5,367.0,902.28,891.47,911.33,19.86,902.28,0,0.0621,Low Risk,0,0,Standard Tier,Normal Alignment
13127,United Kingdom,UK,About to Sleep,1. Low Spend (<GBP 500),259.17,1,259.17,78,78.0,360.27,342.73,374.83,32.1,360.27,0,0.0162,Low Risk,0,0,Standard Tier,Normal Alignment
13130,United Kingdom,UK,About to Sleep,1. Low Spend (<GBP 500),64.0,1,64.0,94,95.0,319.75,304.13,333.0,28.87,319.75,1,0.8765,High Churn Risk,0,0,Standard Tier,Normal Alignment
13131,United Kingdom,UK,Loyal Customers,2. Mid Spend (GBP 500-2k),1073.3,3,357.77,23,188.0,739.93,726.63,750.26,23.63,739.93,0,0.1836,Low Risk,0,0,Standard Tier,Normal Alignment
13132,United Kingdom,UK,Hibernating / Lost,1. Low Spend (<GBP 500),77.3,1,77.3,262,262.0,151.91,144.17,159.09,14.92,151.91,1,0.9885,High Churn Risk,0,0,Standard Tier,Normal Alignment
13133,United Kingdom,UK,Hibernating / Lost,1. Low Spend (<GBP 500),109.8,2,54.9,274,305.0,200.3,186.78,214.1,27.32,200.3,1,0.6759,Elevated Risk,0,0,Standard Tier,Normal Alignment
13134,United Kingdom,UK,At Risk,2. Mid Spend (GBP 500-2k),1793.58,4,448.4,86,241.0,916.18,901.79,926.38,24.59,916.18,0,0.097,Low Risk,0,0,Standard Tier,Normal Alignment
13135,United Kingdom,UK,Hibernating / Lost,3. High Spend (>GBP 2k),3096.0,1,3096.0,197,197.0,190.92,181.38,199.75,18.37,190.92,1,0.905,High Churn Risk,0,0,Standard Tier,Normal Alignment
13136,United Kingdom,UK,Loyal Customers,3. High Spend (>GBP 2k),2607.61,5,521.52,56,213.0,1433.53,1393.44,1466.49,73.05,1433.53,0,0.0478,Low Risk,1,1,Maintained VIP,Normal Alignment
13137,United Kingdom,UK,Champions,3. High Spend (>GBP 2k),3603.29,8,450.41,11,309.0,1735.8,1715.34,1751.44,36.09,1735.8,0,0.0396,Low Risk,1,1,Maintained VIP,Normal Alignment
13138,United Kingdom,UK,Champions,2. Mid Spend (GBP 500-2k),962.39,6,160.4,22,373.0,466.02,450.1,483.67,33.56,466.02,0,0.2087,Low Risk,0,0,Standard Tier,Normal Alignment
13139,United Kingdom,UK,Champions,3. High Spend (>GBP 2k),5064.94,7,723.56,16,260.0,2601.24,2528.17,2657.77,129.6,2601.24,0,0.0356,Low Risk,1,1,Maintained VIP,Normal Alignment
13140,United Kingdom,UK,At Risk,1. Low Spend (<GBP 500),422.47,3,140.82,108,367.0,258.6,245.39,272.6,27.21,258.6,1,0.5287,Elevated Risk,0,0,Standard Tier,Normal Alignment
13141,United Kingdom,UK,At Risk,3. High Spend (>GBP 2k),2388.75,5,477.75,85,316.0,967.05,944.1,986.04,41.93,967.05,0,0.0916,Low Risk,0,0,Standard Tier,Normal Alignment
13142,United Kingdom,UK,New Customers,1. Low Spend (<GBP 500),307.09,1,307.09,19,20.0,634.68,602.69,661.61,58.92,634.68,0,0.0047,Low Risk,0,0,Standard Tier,Normal Alignment
13144,United Kingdom,UK,Hibernating / Lost,1. Low Spend (<GBP 500),110.95,1,110.95,333,333.0,124.2,117.82,129.98,12.16,124.2,1,0.9876,High Churn Risk,0,0,Standard Tier,Normal Alignment
13145,United Kingdom,UK,Loyal Customers,2. Mid Spend (GBP 500-2k),618.52,4,154.63,40,373.0,287.36,270.98,305.49,34.5,287.36,0,0.496,Moderate Risk,0,0,Standard Tier,Normal Alignment
13146,United Kingdom,UK,New Customers,1. Low Spend (<GBP 500),228.91,1,228.91,26,27.0,581.25,552.9,605.28,52.38,581.25,0,0.0023,Low Risk,0,0,Standard Tier,Normal Alignment
13147,United Kingdom,UK,Champions,2. Mid Spend (GBP 500-2k),712.8,4,178.2,10,100.0,1055.73,1014.67,1092.59,77.92,1055.73,0,0.0943,Low Risk,0,0,Standard Tier,Normal Alignment
13148,United Kingdom,UK,Champions,3. High Spend (>GBP 2k),3683.26,12,306.94,29,365.0,1482.9,1461.2,1498.09,36.89,1482.9,0,0.0361,Low Risk,1,1,Maintained VIP,Normal Alignment
13149,United Kingdom,UK,Champions,2. Mid Spend (GBP 500-2k),1676.06,4,419.02,14,290.0,789.12,777.75,796.6,18.85,789.12,0,0.1706,Low Risk,0,0,Standard Tier,Normal Alignment
13151,United Kingdom,UK,Hibernating / Lost,2. Mid Spend (GBP 500-2k),1257.87,1,1257.87,296,296.0,137.25,130.22,143.68,13.46,137.25,1,0.9402,High Churn Risk,0,0,Standard Tier,Normal Alignment
13153,United Kingdom,UK,New Customers,1. Low Spend (<GBP 500),486.22,1,486.22,6,6.0,777.64,733.48,814.41,80.92,777.64,0,0.0045,Low Risk,0,0,Standard Tier,Normal Alignment
13155,United Kingdom,UK,Champions,2. Mid Spend (GBP 500-2k),971.76,4,242.94,33,369.0,387.05,374.15,399.82,25.67,387.05,0,0.2845,Moderate Risk,0,0,Standard Tier,Normal Alignment
13157,United Kingdom,UK,Loyal Customers,2. Mid Spend (GBP 500-2k),1741.22,4,435.3,49,299.0,874.65,859.58,886.66,27.08,874.65,0,0.2157,Low Risk,0,0,Standard Tier,Normal Alignment
13158,United Kingdom,UK,At Risk,2. Mid Spend (GBP 500-2k),1201.06,4,300.26,95,319.0,582.96,573.54,591.05,17.51,582.96,1,0.2019,Low Risk,0,0,Standard Tier,Normal Alignment
13159,United Kingdom,UK,Champions,2. Mid Spend (GBP 500-2k),1429.35,4,357.34,9,116.0,1294.8,1267.29,1317.82,50.52,1294.8,0,0.0351,Low Risk,1,1,Maintained VIP,Normal Alignment
13160,United Kingdom,UK,New Customers,1. Low Spend (<GBP 500),91.8,1,91.8,22,23.0,610.62,580.37,636.23,55.86,610.62,0,0.0042,Low Risk,0,0,Standard Tier,Normal Alignment
13161,United Kingdom,UK,Hibernating / Lost,1. Low Spend (<GBP 500),112.75,1,112.75,313,314.0,130.57,123.88,136.67,12.79,130.57,1,0.9879,High Churn Risk,0,0,Standard Tier,Normal Alignment
13162,United Kingdom,UK,At Risk,2. Mid Spend (GBP 500-2k),1688.29,4,422.07,122,335.0,555.33,546.24,563.4,17.15,555.33,1,0.2273,Low Risk,0,0,Standard Tier,Normal Alignment
13165,United Kingdom,UK,Need Attention,2. Mid Spend (GBP 500-2k),1021.48,2,510.74,46,352.0,378.34,365.0,392.54,27.55,378.34,0,0.4923,Moderate Risk,0,0,Standard Tier,Normal Alignment
13166,United Kingdom,UK,Hibernating / Lost,1. Low Spend (<GBP 500),417.2,1,417.2,283,284.0,142.09,134.83,148.77,13.94,142.09,1,0.9916,High Churn Risk,0,0,Standard Tier,Normal Alignment
13167,United Kingdom,UK,Champions,2. Mid Spend (GBP 500-2k),791.33,4,197.83,19,144.0,788.68,759.65,817.79,58.13,788.68,0,0.0714,Low Risk,0,0,Standard Tier,Normal Alignment
13168,United Kingdom,UK,Loyal Customers,2. Mid Spend (GBP 500-2k),1299.59,4,324.9,36,319.0,473.51,460.44,486.8,26.36,473.51,0,0.2056,Low Risk,0,0,Standard Tier,Normal Alignment
13169,United Kingdom,UK,Need Attention,2. Mid Spend (GBP 500-2k),712.88,2,356.44,64,253.0,299.45,288.63,309.86,21.23,299.45,0,0.5554,Elevated Risk,0,0,Standard Tier,Normal Alignment
13170,United Kingdom,UK,New Customers,1. Low Spend (<GBP 500),108.81,1,108.81,27,27.0,581.25,552.9,605.28,52.38,581.25,0,0.0045,Low Risk,0,0,Standard Tier,Normal Alignment
13171,United Kingdom,UK,Loyal Customers,1. Low Spend (<GBP 500),468.41,3,156.14,22,300.0,333.62,318.8,348.53,29.72,333.62,0,0.4786,Moderate Risk,0,0,Standard Tier,Normal Alignment
13173,United Kingdom,UK,Potential Loyalists,1. Low Spend (<GBP 500),353.65,2,176.82,4,368.0,211.92,203.82,220.06,16.23,211.92,0,0.5143,Elevated Risk,0,0,Standard Tier,Normal Alignment
13174,United Kingdom,UK,Loyal Customers,3. High Spend (>GBP 2k),2742.82,3,914.27,16,370.0,639.8,619.78,657.48,37.7,639.8,0,0.3557,Moderate Risk,0,0,Standard Tier,Normal Alignment
13176,United Kingdom,UK,Promising,1. Low Spend (<GBP 500),481.49,1,481.49,46,47.0,468.55,446.28,486.96,40.68,468.55,0,0.009,Low Risk,0,0,Standard Tier,Normal Alignment
13177,United Kingdom,UK,Promising,1. Low Spend (<GBP 500),282.45,1,282.45,65,65.0,398.93,380.34,414.88,34.54,398.93,0,0.0195,Low Risk,0,0,Standard Tier,Normal Alignment
13178,United Kingdom,UK,Champions,3. High Spend (>GBP 2k),5725.47,11,520.5,26,361.0,2190.63,2168.42,2208.71,40.29,2190.63,0,0.0315,Low Risk,1,1,Maintained VIP,Normal Alignment
13182,United Kingdom,UK,Promising,1. Low Spend (<GBP 500),121.18,1,121.18,45,46.0,473.14,450.67,491.67,41.01,473.14,0,0.0155,Low Risk,0,0,Standard Tier,Normal Alignment
13183,United Kingdom,UK,Champions,3. High Spend (>GBP 2k),3957.78,9,439.75,8,335.0,1604.71,1588.46,1616.73,28.27,1604.71,0,0.0378,Low Risk,1,1,Maintained VIP,Normal Alignment
13184,United Kingdom,UK,Champions,2. Mid Spend (GBP 500-2k),1668.95,10,166.9,15,291.0,918.22,896.26,940.21,43.95,918.22,0,0.0601,Low Risk,0,0,Standard Tier,Normal Alignment
13185,United Kingdom,UK,Hibernating / Lost,1. Low Spend (<GBP 500),71.4,1,71.4,268,268.0,149.1,141.49,156.13,14.64,149.1,1,0.9882,High Churn Risk,0,0,Standard Tier,Normal Alignment
13186,United Kingdom,UK,Loyal Customers,2. Mid Spend (GBP 500-2k),1575.89,3,525.3,40,129.0,847.91,825.64,865.07,39.42,847.91,0,0.0559,Low Risk,0,0,Standard Tier,Normal Alignment
13187,United Kingdom,UK,Hibernating / Lost,1. Low Spend (<GBP 500),236.02,1,236.02,337,338.0,122.62,116.33,128.33,12.0,122.62,1,0.9953,High Churn Risk,0,0,Standard Tier,Normal Alignment
13188,United Kingdom,UK,New Customers,1. Low Spend (<GBP 500),114.6,1,114.6,11,12.0,709.18,671.24,740.15,68.92,709.18,0,0.0049,Low Risk,0,0,Standard Tier,Normal Alignment
13189,United Kingdom,UK,Potential Loyalists,1. Low Spend (<GBP 500),260.68,2,130.34,19,116.0,479.85,454.41,502.97,48.57,479.85,0,0.2028,Low Risk,0,0,Standard Tier,Normal Alignment
13192,United Kingdom,UK,About to Sleep,2. Mid Spend (GBP 500-2k),911.94,2,455.97,95,206.0,476.42,464.16,486.63,22.47,476.42,1,0.505,Elevated Risk,0,0,Standard Tier,Normal Alignment
13193,United Kingdom,UK,Promising,1. Low Spend (<GBP 500),112.08,1,112.08,61,62.0,409.06,390.07,425.3,35.23,409.06,0,0.0368,Low Risk,0,0,Standard Tier,Normal Alignment
13194,United Kingdom,UK,About to Sleep,1. Low Spend (<GBP 500),60.7,1,60.7,136,136.0,251.53,239.12,262.7,23.58,251.53,1,0.9696,High Churn Risk,0,0,Standard Tier,Normal Alignment
13196,United Kingdom,UK,Champions,2. Mid Spend (GBP 500-2k),1797.78,4,449.44,11,263.0,813.69,788.88,834.58,45.71,813.69,0,0.1117,Low Risk,0,0,Standard Tier,Normal Alignment
13198,United Kingdom,UK,Champions,3. High Spend (>GBP 2k),3401.24,6,566.87,10,362.0,1339.08,1316.1,1357.38,41.28,1339.08,0,0.0776,Low Risk,1,1,Maintained VIP,Normal Alignment
13199,United Kingdom,UK,Champions,3. High Spend (>GBP 2k),9817.12,38,258.35,4,367.0,3979.03,3942.57,4008.82,66.25,3979.03,0,0.0364,Low Risk,1,1,Maintained VIP,Normal Alignment
13200,United Kingdom,UK,Champions,2. Mid Spend (GBP 500-2k),870.09,4,217.52,19,127.0,863.86,830.98,895.62,64.64,863.86,0,0.0592,Low Risk,0,0,Standard Tier,Normal Alignment
13203,United Kingdom,UK,Champions,2. Mid Spend (GBP 500-2k),869.46,4,217.36,10,243.0,607.41,591.02,623.04,32.02,607.41,0,0.147,Low Risk,0,0,Standard Tier,Normal Alignment
13207,United Kingdom,UK,Potential Loyalists,1. Low Spend (<GBP 500),250.26,2,125.13,15,151.0,346.15,320.82,369.86,49.04,346.15,0,0.3895,Moderate Risk,0,0,Standard Tier,Normal Alignment
13208,United Kingdom,UK,Loyal Customers,2. Mid Spend (GBP 500-2k),1217.65,6,202.94,59,310.0,668.69,652.66,685.08,32.42,668.69,0,0.1163,Low Risk,0,0,Standard Tier,Normal Alignment
13209,United Kingdom,UK,Champions,3. High Spend (>GBP 2k),5891.61,8,736.45,30,362.0,2318.05,2244.97,2371.34,126.37,2318.05,0,0.036,Low Risk,1,1,Maintained VIP,Normal Alignment
13210,United Kingdom,UK,About to Sleep,1. Low Spend (<GBP 500),353.48,1,353.48,94,94.0,321.88,306.13,335.2,29.07,321.88,1,0.8551,High Churn Risk,0,0,Standard Tier,Normal Alignment
13211,United Kingdom,UK,Loyal Customers,2. Mid Spend (GBP 500-2k),1095.42,3,365.14,10,362.0,515.17,505.58,523.62,18.04,515.17,0,0.379,Moderate Risk,0,0,Standard Tier,Normal Alignment
13212,United Kingdom,UK,Loyal Customers,2. Mid Spend (GBP 500-2k),786.83,3,262.28,20,62.0,1111.49,1072.33,1141.21,68.88,1111.49,0,0.0128,Low Risk,1,1,Maintained VIP,Normal Alignment
13213,United Kingdom,UK,Loyal Customers,2. Mid Spend (GBP 500-2k),1520.58,5,304.12,57,200.0,950.08,934.99,961.92,26.93,950.08,0,0.0462,Low Risk,0,0,Standard Tier,Normal Alignment
13216,United Kingdom,UK,Hibernating / Lost,1. Low Spend (<GBP 500),333.74,1,333.74,268,268.0,149.1,141.49,156.13,14.64,149.1,1,0.9881,High Churn Risk,0,0,Standard Tier,Normal Alignment
13217,United Kingdom,UK,At Risk,2. Mid Spend (GBP 500-2k),533.98,3,177.99,122,157.0,640.89,619.89,660.06,40.17,640.89,1,0.2447,Low Risk,0,0,Standard Tier,Normal Alignment
13218,United Kingdom,UK,About to Sleep,1. Low Spend (<GBP 500),62.64,1,62.64,127,128.0,262.45,249.55,274.03,24.48,262.45,1,0.9763,High Churn Risk,0,0,Standard Tier,Normal Alignment
13220,United Kingdom,UK,At Risk,2. Mid Spend (GBP 500-2k),819.29,4,204.82,78,237.0,636.67,620.8,651.54,30.74,636.67,0,0.1945,Low Risk,0,0,Standard Tier,Normal Alignment
13221,United Kingdom,UK,Hibernating / Lost,2. Mid Spend (GBP 500-2k),847.41,2,423.71,240,360.0,268.28,261.34,273.84,12.5,268.28,1,0.472,Moderate Risk,0,0,Standard Tier,Normal Alignment
13223,United Kingdom,UK,Hibernating / Lost,1. Low Spend (<GBP 500),163.2,2,81.6,200,233.0,252.49,235.62,269.12,33.49,252.49,1,0.6412,Elevated Risk,0,0,Standard Tier,Normal Alignment
13224,United Kingdom,UK,Need Attention,3. High Spend (>GBP 2k),2155.95,2,1077.97,60,152.0,921.02,870.26,965.65,95.39,921.02,0,0.2002,Low Risk,0,0,Standard Tier,Normal Alignment
13225,United Kingdom,UK,Champions,3. High Spend (>GBP 2k),6463.84,7,923.41,3,362.0,2223.46,2171.25,2263.84,92.59,2223.46,0,0.0688,Low Risk,1,1,Maintained VIP,Normal Alignment
13226,United Kingdom,UK,Hibernating / Lost,1. Low Spend (<GBP 500),108.21,1,108.21,273,274.0,146.39,138.92,153.29,14.37,146.39,1,0.9933,High Churn Risk,0,0,Standard Tier,Normal Alignment
13227,United Kingdom,UK,Hibernating / Lost,1. Low Spend (<GBP 500),257.7,1,257.7,202,202.0,187.22,177.92,195.9,17.99,187.22,1,0.9953,High Churn Risk,0,0,Standard Tier,Normal Alignment
13228,United Kingdom,UK,About to Sleep,1. Low Spend (<GBP 500),358.0,1,358.0,81,82.0,349.84,332.77,364.07,31.3,349.84,0,0.0393,Low Risk,0,0,Standard Tier,Normal Alignment
13229,United Kingdom,UK,Hibernating / Lost,1. Low Spend (<GBP 500),160.95,1,160.95,226,226.0,171.3,162.72,179.32,16.6,171.3,1,0.9907,High Churn Risk,0,0,Standard Tier,Normal Alignment
13230,United Kingdom,UK,Champions,3. High Spend (>GBP 2k),2755.63,14,196.83,4,366.0,1246.21,1227.6,1263.62,36.01,1246.21,0,0.0363,Low Risk,1,1,Maintained VIP,Normal Alignment
13232,United Kingdom,UK,Champions,2. Mid Spend (GBP 500-2k),1328.35,7,189.76,13,244.0,912.81,890.22,935.05,44.83,912.81,0,0.0635,Low Risk,0,0,Standard Tier,Normal Alignment
13233,United Kingdom,UK,About to Sleep,2. Mid Spend (GBP 500-2k),605.12,2,302.56,74,337.0,267.4,260.11,273.73,13.63,267.4,0,0.4767,Moderate Risk,0,0,Standard Tier,Normal Alignment
13235,United Kingdom,UK,Hibernating / Lost,2. Mid Spend (GBP 500-2k),1031.07,1,1031.07,212,213.0,179.57,170.67,187.94,17.27,179.57,1,0.9263,High Churn Risk,0,0,Standard Tier,Normal Alignment
13236,United Kingdom,UK,Potential Loyalists,2. Mid Spend (GBP 500-2k),744.85,2,372.42,25,107.0,648.27,629.22,662.68,33.46,648.27,0,0.1411,Low Risk,0,0,Standard Tier,Normal Alignment
13238,United Kingdom,UK,Champions,2. Mid Spend (GBP 500-2k),700.73,4,175.18,17,361.0,400.93,388.22,413.63,25.41,400.93,0,0.353,Moderate Risk,0,0,Standard Tier,Normal Alignment
13239,United Kingdom,UK,Hibernating / Lost,1. Low Spend (<GBP 500),329.56,1,329.56,262,262.0,151.91,144.17,159.09,14.92,151.91,1,0.9848,High Churn Risk,0,0,Standard Tier,Normal Alignment
13240,United Kingdom,UK,At Risk,2. Mid Spend (GBP 500-2k),663.65,4,165.91,96,366.0,334.34,319.0,350.19,31.19,334.34,1,0.3597,Moderate Risk,0,0,Standard Tier,Normal Alignment
13242,United Kingdom,UK,At Risk,1. Low Spend (<GBP 500),270.4,3,90.13,112,214.0,322.1,308.14,335.65,27.52,322.1,1,0.4614,Moderate Risk,0,0,Standard Tier,Normal Alignment
13243,United Kingdom,UK,Hibernating / Lost,2. Mid Spend (GBP 500-2k),585.12,1,585.12,203,204.0,185.78,176.57,194.4,17.84,185.78,1,0.9429,High Churn Risk,0,0,Standard Tier,Normal Alignment
13244,United Kingdom,UK,About to Sleep,1. Low Spend (<GBP 500),121.74,1,121.74,93,93.0,324.04,308.16,337.43,29.27,324.04,1,0.8572,High Churn Risk,0,0,Standard Tier,Normal Alignment
13245,United Kingdom,UK,Promising,1. Low Spend (<GBP 500),430.5,1,430.5,51,51.0,451.06,429.56,468.99,39.44,451.06,0,0.0049,Low Risk,0,0,Standard Tier,Normal Alignment
13246,United Kingdom,UK,Champions,2. Mid Spend (GBP 500-2k),1961.52,6,326.92,18,331.0,872.41,861.35,881.28,19.93,872.41,0,0.0977,Low Risk,0,0,Standard Tier,Normal Alignment
13247,United Kingdom,UK,Champions,2. Mid Spend (GBP 500-2k),501.12,4,125.28,18,83.0,745.58,685.57,807.49,121.92,745.58,0,0.0106,Low Risk,0,0,Standard Tier,Normal Alignment
13248,United Kingdom,UK,About to Sleep,1. Low Spend (<GBP 500),465.68,2,232.84,125,190.0,305.24,285.76,323.72,37.96,305.24,1,0.5273,Elevated Risk,0,0,Standard Tier,Normal Alignment
13249,United Kingdom,UK,At Risk,2. Mid Spend (GBP 500-2k),711.41,3,237.14,92,262.0,415.78,401.1,429.88,28.78,415.78,1,0.3423,Moderate Risk,0,0,Standard Tier,Normal Alignment
13253,United Kingdom,UK,About to Sleep,2. Mid Spend (GBP 500-2k),1030.4,2,515.2,157,340.0,351.41,341.44,361.16,19.72,351.41,1,0.5231,Elevated Risk,0,0,Standard Tier,Normal Alignment
13255,United Kingdom,UK,Potential Loyalists,1. Low Spend (<GBP 500),399.51,2,199.76,9,374.0,204.61,196.32,212.71,16.39,204.61,0,0.5957,Elevated Risk,0,0,Standard Tier,Normal Alignment
13258,United Kingdom,UK,Loyal Customers,2. Mid Spend (GBP 500-2k),672.83,3,224.28,12,206.0,535.12,519.1,550.05,30.95,535.12,0,0.2372,Low Risk,0,0,Standard Tier,Normal Alignment
13259,United Kingdom,UK,Promising,1. Low Spend (<GBP 500),283.18,1,283.18,62,62.0,409.06,390.07,425.3,35.23,409.06,0,0.0226,Low Risk,0,0,Standard Tier,Normal Alignment
13260,United Kingdom,UK,Promising,2. Mid Spend (GBP 500-2k),557.62,1,557.62,61,62.0,409.06,390.07,425.3,35.23,409.06,0,0.0115,Low Risk,0,0,Standard Tier,Normal Alignment
13261,United Kingdom,UK,Hibernating / Lost,2. Mid Spend (GBP 500-2k),944.1,2,472.05,269,286.0,227.78,214.72,240.42,25.7,227.78,1,0.6313,Elevated Risk,0,0,Standard Tier,Normal Alignment
13262,United Kingdom,UK,Hibernating / Lost,1. Low Spend (<GBP 500),200.29,1,200.29,263,264.0,150.96,143.26,158.09,14.83,150.96,1,0.9962,High Churn Risk,0,0,Standard Tier,Normal Alignment
13263,United Kingdom,UK,Champions,3. High Spend (>GBP 2k),7436.93,35,212.48,1,326.0,3485.49,3443.95,3517.44,73.49,3485.49,0,0.0264,Low Risk,1,1,Maintained VIP,Normal Alignment
13265,United Kingdom,UK,Loyal Customers,3. High Spend (>GBP 2k),2092.66,5,418.53,53,274.0,1080.39,1064.51,1090.43,25.91,1080.39,0,0.0795,Low Risk,0,0,Standard Tier,Normal Alignment
13266,United Kingdom,UK,Champions,3. High Spend (>GBP 2k),3834.26,12,319.52,11,257.0,2138.35,2110.39,2159.03,48.65,2138.35,0,0.0347,Low Risk,1,1,Maintained VIP,Normal Alignment
13267,United Kingdom,UK,Champions,3. High Spend (>GBP 2k),4521.49,19,237.97,3,367.0,1854.06,1835.68,1868.16,32.48,1854.06,0,0.0292,Low Risk,1,1,Maintained VIP,Normal Alignment
13268,United Kingdom,UK,Champions,3. High Spend (>GBP 2k),3174.75,11,288.61,18,268.0,1535.16,1514.52,1552.11,37.6,1535.16,0,0.0362,Low Risk,1,1,Maintained VIP,Normal Alignment
13269,United Kingdom,UK,Champions,3. High Spend (>GBP 2k),5343.28,15,356.22,1,370.0,2149.91,2130.73,2163.59,32.86,2149.91,0,0.0292,Low Risk,1,1,Maintained VIP,Normal Alignment
13270,United Kingdom,UK,Hibernating / Lost,2. Mid Spend (GBP 500-2k),590.0,1,590.0,366,367.0,114.22,108.34,119.54,11.19,114.22,1,0.9731,High Churn Risk,0,0,Standard Tier,Normal Alignment
13271,United Kingdom,UK,Promising,1. Low Spend (<GBP 500),211.49,1,211.49,37,38.0,513.34,489.04,533.72,44.68,513.34,0,0.0085,Low Risk,0,0,Standard Tier,Normal Alignment
13272,United Kingdom,UK,Potential Loyalists,1. Low Spend (<GBP 500),276.56,2,138.28,31,90.0,566.99,536.48,593.76,57.29,566.99,0,0.0122,Low Risk,0,0,Standard Tier,Normal Alignment
13273,United Kingdom,UK,About to Sleep,1. Low Spend (<GBP 500),138.98,1,138.98,113,114.0,284.05,270.2,296.39,26.2,284.05,1,0.9791,High Churn Risk,0,0,Standard Tier,Normal Alignment
13276,United Kingdom,UK,Need Attention,2. Mid Spend (GBP 500-2k),590.93,2,295.47,64,100.0,804.94,781.71,821.29,39.58,804.94,0,0.1271,Low Risk,0,0,Standard Tier,Normal Alignment
13277,United Kingdom,UK,Champions,1. Low Spend (<GBP 500),258.4,4,64.6,16,134.0,534.67,491.7,581.8,90.1,534.67,0,0.2391,Low Risk,0,0,Standard Tier,Normal Alignment
13278,United Kingdom,UK,Promising,2. Mid Spend (GBP 500-2k),542.73,1,542.73,41,41.0,497.49,473.98,517.05,43.07,497.49,0,0.0075,Low Risk,0,0,Standard Tier,Normal Alignment
13279,United Kingdom,UK,About to Sleep,1. Low Spend (<GBP 500),137.75,1,137.75,78,79.0,357.61,340.18,372.08,31.89,357.61,0,0.0318,Low Risk,0,0,Standard Tier,Normal Alignment
13280,United Kingdom,UK,At Risk,2. Mid Spend (GBP 500-2k),798.46,3,266.15,122,338.0,368.43,359.05,377.79,18.75,368.43,1,0.3936,Moderate Risk,0,0,Standard Tier,Normal Alignment
13282,United Kingdom,UK,Loyal Customers,2. Mid Spend (GBP 500-2k),1132.14,3,377.38,18,221.0,672.55,661.46,681.26,19.79,672.55,0,0.2271,Low Risk,0,0,Standard Tier,Normal Alignment
13283,United Kingdom,UK,Need Attention,1. Low Spend (<GBP 500),93.66,2,46.83,60,186.0,304.7,284.51,324.05,39.54,304.7,0,0.524,Elevated Risk,0,0,Standard Tier,Normal Alignment
13284,United Kingdom,UK,Hibernating / Lost,1. Low Spend (<GBP 500),201.19,1,201.19,331,331.0,124.84,118.43,130.65,12.22,124.84,1,0.9945,High Churn Risk,0,0,Standard Tier,Normal Alignment
13285,United Kingdom,UK,Champions,3. High Spend (>GBP 2k),2709.12,4,677.28,23,291.0,1115.45,1084.32,1140.36,56.04,1115.45,0,0.1254,Low Risk,1,1,Maintained VIP,Normal Alignment
13291,United Kingdom,UK,About to Sleep,1. Low Spend (<GBP 500),361.11,1,361.11,156,156.0,227.82,216.57,238.1,21.53,227.82,1,0.9402,High Churn Risk,0,0,Standard Tier,Normal Alignment
13292,United Kingdom,UK,Need Attention,2. Mid Spend (GBP 500-2k),578.94,2,289.47,39,285.0,319.41,311.07,325.96,14.89,319.41,0,0.5406,Elevated Risk,0,0,Standard Tier,Normal Alignment
13294,United Kingdom,UK,Hibernating / Lost,2. Mid Spend (GBP 500-2k),873.74,2,436.87,190,250.0,382.64,373.62,389.67,16.05,382.64,1,0.4621,Moderate Risk,0,0,Standard Tier,Normal Alignment
13295,United Kingdom,UK,Hibernating / Lost,1. Low Spend (<GBP 500),201.2,1,201.2,360,360.0,116.14,110.17,121.54,11.37,116.14,1,0.9945,High Churn Risk,0,0,Standard Tier,Normal Alignment
13296,United Kingdom,UK,About to Sleep,1. Low Spend (<GBP 500),87.4,1,87.4,137,138.0,248.94,236.66,260.02,23.36,248.94,1,0.9813,High Churn Risk,0,0,Standard Tier,Normal Alignment
13297,United Kingdom,UK,Champions,3. High Spend (>GBP 2k),2089.85,4,522.46,8,68.0,1486.01,1441.93,1519.91,77.98,1486.01,0,0.0213,Low Risk,1,1,Maintained VIP,Normal Alignment
13298,United Kingdom,UK,New Customers,1. Low Spend (<GBP 500),360.0,1,360.0,1,2.0,831.13,782.48,871.45,88.98,831.13,0,0.014,Low Risk,0,0,Standard Tier,Normal Alignment
13299,United Kingdom,UK,Hibernating / Lost,1. Low Spend (<GBP 500),142.5,1,142.5,268,269.0,148.64,141.06,155.65,14.6,148.64,1,0.9894,High Churn Risk,0,0,Standard Tier,Normal Alignment
13300,United Kingdom,UK,About to Sleep,1. Low Spend (<GBP 500),371.89,1,371.89,169,170.0,213.71,203.14,223.45,20.31,213.71,1,0.9701,High Churn Risk,0,0,Standard Tier,Normal Alignment
13301,United Kingdom,UK,At Risk,2. Mid Spend (GBP 500-2k),618.09,4,154.52,104,293.0,406.27,388.17,424.9,36.73,406.27,1,0.2772,Moderate Risk,0,0,Standard Tier,Normal Alignment
13302,United Kingdom,UK,About to Sleep,1. Low Spend (<GBP 500),63.75,1,63.75,155,156.0,227.82,216.57,238.1,21.53,227.82,1,0.9737,High Churn Risk,0,0,Standard Tier,Normal Alignment
13304,United Kingdom,UK,Hibernating / Lost,1. Low Spend (<GBP 500),300.42,1,300.42,351,352.0,118.42,112.33,123.92,11.59,118.42,1,0.9882,High Churn Risk,0,0,Standard Tier,Normal Alignment
13305,United Kingdom,UK,Champions,3. High Spend (>GBP 2k),2000.86,10,200.09,4,373.0,904.35,887.96,920.24,32.28,904.35,0,0.0611,Low Risk,0,0,Standard Tier,Normal Alignment
13307,United Kingdom,UK,About to Sleep,1. Low Spend (<GBP 500),15.0,1,15.0,120,121.0,272.83,259.46,284.77,25.31,272.83,1,0.9527,High Churn Risk,0,0,Standard Tier,Normal Alignment
13308,United Kingdom,UK,Loyal Customers,2. Mid Spend (GBP 500-2k),1385.51,3,461.84,23,204.0,593.86,579.49,606.09,26.6,593.86,0,0.1387,Low Risk,0,0,Standard Tier,Normal Alignment
13309,United Kingdom,UK,Champions,2. Mid Spend (GBP 500-2k),1456.79,5,291.36,7,309.0,666.66,653.53,678.37,24.85,666.66,0,0.1247,Low Risk,0,0,Standard Tier,Normal Alignment
13310,United Kingdom,UK,Loyal Customers,2. Mid Spend (GBP 500-2k),1132.03,3,377.34,28,325.0,463.72,456.43,469.65,13.22,463.72,0,0.3899,Moderate Risk,0,0,Standard Tier,Normal Alignment
13311,United Kingdom,UK,Potential Loyalists,2. Mid Spend (GBP 500-2k),598.57,2,299.29,4,151.0,382.38,360.06,402.93,42.87,382.38,0,0.3821,Moderate Risk,0,0,Standard Tier,Normal Alignment
13313,United Kingdom,UK,Champions,2. Mid Spend (GBP 500-2k),1555.32,5,311.06,22,340.0,686.83,676.96,695.35,18.39,686.83,0,0.1732,Low Risk,0,0,Standard Tier,Normal Alignment
13314,United Kingdom,UK,Loyal Customers,2. Mid Spend (GBP 500-2k),775.94,3,258.65,2,74.0,854.44,807.35,898.65,91.31,854.44,0,0.0133,Low Risk,0,0,Standard Tier,Normal Alignment
13316,United Kingdom,UK,Loyal Customers,3. High Spend (>GBP 2k),5732.93,4,1433.23,37,255.0,2265.15,2165.88,2346.18,180.3,2265.15,0,0.093,Low Risk,1,1,Maintained VIP,Normal Alignment
13317,United Kingdom,UK,Loyal Customers,3. High Spend (>GBP 2k),2273.68,6,378.95,66,359.0,930.3,904.97,950.3,45.33,930.3,0,0.112,Low Risk,0,0,Standard Tier,Normal Alignment
13318,United Kingdom,UK,Loyal Customers,2. Mid Spend (GBP 500-2k),640.76,3,213.59,1,38.0,1277.21,1206.03,1335.56,129.53,1277.21,0,0.0174,Low Risk,1,1,Maintained VIP,Normal Alignment
13319,United Kingdom,UK,Champions,3. High Spend (>GBP 2k),10845.55,26,417.14,5,366.0,4228.46,4178.55,4267.88,89.33,4228.46,0,0.0333,Low Risk,1,1,Maintained VIP,Normal Alignment
13320,United Kingdom,UK,At Risk,2. Mid Spend (GBP 500-2k),1532.2,4,383.05,78,214.0,818.57,801.39,832.72,31.33,818.57,0,0.0921,Low Risk,0,0,Standard Tier,Normal Alignment
13321,United Kingdom,UK,Need Attention,2. Mid Spend (GBP 500-2k),567.36,2,283.68,72,87.0,741.39,717.4,758.95,41.55,741.39,0,0.0186,Low Risk,0,0,Standard Tier,Normal Alignment
13322,United Kingdom,UK,New Customers,1. Low Spend (<GBP 500),199.48,1,199.48,17,18.0,651.79,618.48,679.68,61.2,651.79,0,0.0019,Low Risk,0,0,Standard Tier,Normal Alignment
13323,United Kingdom,UK,Champions,2. Mid Spend (GBP 500-2k),787.85,5,157.57,3,85.0,1279.97,1221.44,1331.14,109.7,1279.97,0,0.0446,Low Risk,1,1,Maintained VIP,Normal Alignment
13324,United Kingdom,UK,Loyal Customers,3. High Spend (>GBP 2k),7121.95,10,712.2,36,361.0,2668.78,2582.1,2734.73,152.63,2668.78,0,0.05,Low Risk,1,1,Maintained VIP,Normal Alignment
13325,United Kingdom,UK,About to Sleep,2. Mid Spend (GBP 500-2k),675.3,1,675.3,82,82.0,349.84,332.77,364.07,31.3,349.84,0,0.0333,Low Risk,0,0,Standard Tier,Normal Alignment
13327,United Kingdom,UK,Loyal Customers,3. High Spend (>GBP 2k),3627.77,8,453.47,39,366.0,1290.85,1275.83,1300.99,25.16,1290.85,0,0.0513,Low Risk,1,1,Maintained VIP,Normal Alignment
13328,United Kingdom,UK,Hibernating / Lost,2. Mid Spend (GBP 500-2k),1308.48,1,1308.48,316,317.0,129.52,122.88,135.57,12.69,129.52,1,0.9341,High Churn Risk,0,0,Standard Tier,Normal Alignment
13329,United Kingdom,UK,Potential Loyalists,2. Mid Spend (GBP 500-2k),789.0,2,394.5,32,367.0,306.99,299.38,313.92,14.54,306.99,0,0.5399,Elevated Risk,0,0,Standard Tier,Normal Alignment
13330,United Kingdom,UK,At Risk,2. Mid Spend (GBP 500-2k),1140.93,3,380.31,93,316.0,507.85,499.97,514.1,14.14,507.85,1,0.4597,Moderate Risk,0,0,Standard Tier,Normal Alignment
13332,United Kingdom,UK,New Customers,1. Low Spend (<GBP 500),350.9,1,350.9,14,15.0,679.28,643.78,708.72,64.94,679.28,0,0.0034,Low Risk,0,0,Standard Tier,Normal Alignment
13334,United Kingdom,UK,At Risk,3. High Spend (>GBP 2k),3502.32,3,1167.44,82,306.0,952.47,912.35,986.41,74.06,952.47,0,0.3493,Moderate Risk,0,0,Standard Tier,Normal Alignment
13336,United Kingdom,UK,About to Sleep,2. Mid Spend (GBP 500-2k),795.12,1,795.12,77,78.0,360.27,342.73,374.83,32.1,360.27,0,0.0559,Low Risk,0,0,Standard Tier,Normal Alignment
13338,United Kingdom,UK,About to Sleep,1. Low Spend (<GBP 500),487.02,1,487.02,158,158.0,225.69,214.54,235.89,21.35,225.69,1,0.9491,High Churn Risk,0,0,Standard Tier,Normal Alignment
13339,United Kingdom,UK,Hibernating / Lost,2. Mid Spend (GBP 500-2k),860.12,1,860.12,201,201.0,187.95,178.6,196.66,18.06,187.95,1,0.9249,High Churn Risk,0,0,Standard Tier,Normal Alignment
13340,United Kingdom,UK,Loyal Customers,3. High Spend (>GBP 2k),10736.48,7,1533.78,45,277.0,3563.48,3416.85,3681.14,264.29,3563.48,0,0.0421,Low Risk,1,1,Maintained VIP,Normal Alignment
13341,United Kingdom,UK,Hibernating / Lost,2. Mid Spend (GBP 500-2k),775.85,1,775.85,261,261.0,152.39,144.62,159.59,14.97,152.39,1,0.9294,High Churn Risk,0,0,Standard Tier,Normal Alignment
13343,United Kingdom,UK,About to Sleep,1. Low Spend (<GBP 500),353.43,1,353.43,178,178.0,206.41,196.13,215.86,19.74,206.41,1,0.9823,High Churn Risk,0,0,Standard Tier,Normal Alignment
13344,United Kingdom,UK,Loyal Customers,3. High Spend (>GBP 2k),2511.69,3,837.23,68,278.0,538.19,512.47,562.18,49.71,538.19,0,0.357,Moderate Risk,0,0,Standard Tier,Normal Alignment
13345,United Kingdom,UK,Hibernating / Lost,1. Low Spend (<GBP 500),389.5,1,389.5,288,288.0,140.44,133.26,147.03,13.78,140.44,1,0.9956,High Churn Risk,0,0,Standard Tier,Normal Alignment
13347,United Kingdom,UK,Promising,1. Low Spend (<GBP 500),341.36,1,341.36,70,71.0,380.11,361.96,395.29,33.33,380.11,0,0.0217,Low Risk,0,0,Standard Tier,Normal Alignment
13348,United Kingdom,UK,Promising,1. Low Spend (<GBP 500),233.76,1,233.76,64,65.0,398.93,380.34,414.88,34.54,398.93,0,0.0137,Low Risk,0,0,Standard Tier,Normal Alignment
13349,United Kingdom,UK,New Customers,1. Low Spend (<GBP 500),247.32,1,247.32,11,11.0,719.74,680.92,751.21,70.29,719.74,0,0.0027,Low Risk,0,0,Standard Tier,Normal Alignment
13350,United Kingdom,UK,Potential Loyalists,2. Mid Spend (GBP 500-2k),979.12,2,489.56,16,80.0,803.48,778.69,822.21,43.52,803.48,0,0.008,Low Risk,0,0,Standard Tier,Normal Alignment
13351,United Kingdom,UK,Promising,1. Low Spend (<GBP 500),373.94,1,373.94,66,67.0,392.46,374.07,408.21,34.14,392.46,0,0.016,Low Risk,0,0,Standard Tier,Normal Alignment
13352,United Kingdom,UK,Promising,1. Low Spend (<GBP 500),397.98,1,397.98,60,61.0,412.56,393.24,428.94,35.7,412.56,0,0.017,Low Risk,0,0,Standard Tier,Normal Alignment
13354,United Kingdom,UK,Promising,2. Mid Spend (GBP 500-2k),743.53,1,743.53,71,72.0,377.14,359.06,392.22,33.16,377.14,0,0.0531,Low Risk,0,0,Standard Tier,Normal Alignment
13355,United Kingdom,UK,About to Sleep,2. Mid Spend (GBP 500-2k),674.7,1,674.7,122,123.0,269.78,256.55,281.62,25.07,269.78,1,0.8806,High Churn Risk,0,0,Standard Tier,Normal Alignment
13356,United Kingdom,UK,About to Sleep,2. Mid Spend (GBP 500-2k),768.24,1,768.24,80,81.0,352.39,335.2,366.7,31.5,352.39,0,0.0615,Low Risk,0,0,Standard Tier,Normal Alignment
13357,United Kingdom,UK,Hibernating / Lost,2. Mid Spend (GBP 500-2k),609.4,1,609.4,257,258.0,153.85,146.01,161.12,15.12,153.85,1,0.9562,High Churn Risk,0,0,Standard Tier,Normal Alignment
13358,United Kingdom,UK,Hibernating / Lost,1. Low Spend (<GBP 500),439.03,1,439.03,269,269.0,148.64,141.06,155.65,14.6,148.64,1,0.9861,High Churn Risk,0,0,Standard Tier,Normal Alignment
13359,United Kingdom,UK,Promising,1. Low Spend (<GBP 500),439.56,1,439.56,64,64.0,402.25,383.53,418.3,34.77,402.25,0,0.0115,Low Risk,0,0,Standard Tier,Normal Alignment
13362,United Kingdom,UK,Champions,3. High Spend (>GBP 2k),3090.74,4,772.68,9,288.0,1230.38,1192.58,1259.97,67.39,1230.38,0,0.1151,Low Risk,1,1,Maintained VIP,Normal Alignment
13363,United Kingdom,UK,Potential Loyalists,2. Mid Spend (GBP 500-2k),992.5,2,496.25,18,44.0,1167.78,1126.61,1200.67,74.06,1167.78,0,0.0088,Low Risk,1,1,Maintained VIP,Normal Alignment
13364,United Kingdom,UK,Promising,1. Low Spend (<GBP 500),134.96,1,134.96,71,72.0,377.14,359.06,392.22,33.16,377.14,0,0.0325,Low Risk,0,0,Standard Tier,Normal Alignment
13365,United Kingdom,UK,Need Attention,3. High Spend (>GBP 2k),2225.37,2,1112.68,34,218.0,984.78,917.58,1048.64,131.07,984.78,0,0.4381,Moderate Risk,0,0,Standard Tier,Normal Alignment
13366,United Kingdom,UK,Promising,1. Low Spend (<GBP 500),56.16,1,56.16,50,51.0,451.06,429.56,468.99,39.44,451.06,0,0.0219,Low Risk,0,0,Standard Tier,Normal Alignment
13368,United Kingdom,UK,Hibernating / Lost,2. Mid Spend (GBP 500-2k),623.4,2,311.7,257,338.0,364.84,353.56,376.14,22.59,364.84,1,0.5694,Elevated Risk,0,0,Standard Tier,Normal Alignment
13369,United Kingdom,UK,Hibernating / Lost,1. Low Spend (<GBP 500),308.28,1,308.28,366,366.0,114.49,108.6,119.82,11.22,114.49,1,0.9936,High Churn Risk,0,0,Standard Tier,Normal Alignment
13370,United Kingdom,UK,Hibernating / Lost,2. Mid Spend (GBP 500-2k),754.87,1,754.87,372,372.0,112.88,107.08,118.14,11.07,112.88,1,0.9643,High Churn Risk,0,0,Standard Tier,Normal Alignment
13372,United Kingdom,UK,About to Sleep,1. Low Spend (<GBP 500),378.64,1,378.64,90,90.0,330.69,314.49,344.3,29.81,330.69,0,0.0419,Low Risk,0,0,Standard Tier,Normal Alignment
13373,United Kingdom,UK,Loyal Customers,3. High Spend (>GBP 2k),3312.25,3,1104.08,61,277.0,1238.24,1177.9,1289.45,111.55,1238.24,0,0.2803,Moderate Risk,1,1,Maintained VIP,Normal Alignment
13375,United Kingdom,UK,About to Sleep,2. Mid Spend (GBP 500-2k),778.65,1,778.65,89,89.0,332.97,316.66,346.65,29.99,332.97,0,0.0847,Low Risk,0,0,Standard Tier,Normal Alignment
13376,United Kingdom,UK,At Risk,2. Mid Spend (GBP 500-2k),1019.76,3,339.92,99,235.0,567.61,556.64,576.88,20.24,567.61,1,0.2458,Low Risk,0,0,Standard Tier,Normal Alignment
13379,United Kingdom,UK,Loyal Customers,2. Mid Spend (GBP 500-2k),572.56,3,190.85,26,137.0,697.57,673.64,719.16,45.51,697.57,0,0.1356,Low Risk,0,0,Standard Tier,Normal Alignment
13381,United Kingdom,UK,Champions,3. High Spend (>GBP 2k),3639.31,6,606.55,32,299.0,1669.74,1637.19,1695.34,58.15,1669.74,0,0.0626,Low Risk,1,1,Maintained VIP,Normal Alignment
13382,United Kingdom,UK,Hibernating / Lost,1. Low Spend (<GBP 500),222.99,1,222.99,281,281.0,143.35,136.03,150.09,14.07,143.35,1,0.9963,High Churn Risk,0,0,Standard Tier,Normal Alignment
13384,United Kingdom,UK,Champions,3. High Spend (>GBP 2k),4151.93,7,593.13,31,179.0,2355.74,2303.09,2394.76,91.67,2355.74,0,0.0339,Low Risk,1,1,Maintained VIP,Normal Alignment
13385,United Kingdom,UK,Hibernating / Lost,2. Mid Spend (GBP 500-2k),534.57,1,534.57,330,330.0,125.16,118.74,130.99,12.25,125.16,1,0.9874,High Churn Risk,0,0,Standard Tier,Normal Alignment
13388,United Kingdom,UK,About to Sleep,2. Mid Spend (GBP 500-2k),677.1,2,338.55,131,132.0,256.87,244.22,268.25,24.03,256.87,1,0.2527,Moderate Risk,0,0,Standard Tier,Normal Alignment
13389,United Kingdom,UK,Loyal Customers,2. Mid Spend (GBP 500-2k),797.96,3,265.99,11,233.0,518.78,505.83,530.67,24.85,518.78,0,0.2291,Low Risk,0,0,Standard Tier,Normal Alignment
13390,United Kingdom,UK,About to Sleep,2. Mid Spend (GBP 500-2k),544.08,1,544.08,75,75.0,368.52,350.61,383.33,32.71,368.52,0,0.0246,Low Risk,0,0,Standard Tier,Normal Alignment
13391,United Kingdom,UK,Hibernating / Lost,1. Low Spend (<GBP 500),59.8,1,59.8,204,204.0,185.78,176.57,194.4,17.84,185.78,1,0.9882,High Churn Risk,0,0,Standard Tier,Normal Alignment
13394,United Kingdom,UK,Champions,3. High Spend (>GBP 2k),2520.02,8,315.0,2,310.0,1199.45,1185.78,1210.66,24.87,1199.45,0,0.0391,Low Risk,1,1,Maintained VIP,Normal Alignment
13395,United Kingdom,UK,Hibernating / Lost,1. Low Spend (<GBP 500),307.72,1,307.72,185,186.0,199.59,189.58,208.77,19.19,199.59,1,0.9671,High Churn Risk,0,0,Standard Tier,Normal Alignment
13396,United Kingdom,UK,Potential Loyalists,2. Mid Spend (GBP 500-2k),1360.99,2,680.5,29,320.0,520.42,492.82,546.49,53.66,520.42,0,0.5395,Elevated Risk,0,0,Standard Tier,Normal Alignment
13397,United Kingdom,UK,At Risk,2. Mid Spend (GBP 500-2k),1544.13,5,308.83,73,340.0,685.31,675.47,693.88,18.41,685.31,0,0.1955,Low Risk,0,0,Standard Tier,Normal Alignment
13398,United Kingdom,UK,Hibernating / Lost,1. Low Spend (<GBP 500),457.34,1,457.34,192,193.0,193.98,184.25,202.94,18.69,193.98,1,0.9691,High Churn Risk,0,0,Standard Tier,Normal Alignment
13402,United Kingdom,UK,About to Sleep,2. Mid Spend (GBP 500-2k),621.23,2,310.62,127,373.0,248.76,242.23,254.24,12.01,248.76,1,0.5633,Elevated Risk,0,0,Standard Tier,Normal Alignment
13403,United Kingdom,UK,New Customers,1. Low Spend (<GBP 500),75.0,1,75.0,18,18.0,651.79,618.48,679.68,61.2,651.79,0,0.0065,Low Risk,0,0,Standard Tier,Normal Alignment
13404,United Kingdom,UK,Potential Loyalists,1. Low Spend (<GBP 500),252.49,2,126.24,1,213.0,257.38,238.25,276.61,38.36,257.38,0,0.5722,Elevated Risk,0,0,Standard Tier,Normal Alignment
13405,United Kingdom,UK,At Risk,2. Mid Spend (GBP 500-2k),572.45,3,190.82,74,318.0,350.73,338.59,362.73,24.14,350.73,0,0.4743,Moderate Risk,0,0,Standard Tier,Normal Alignment
13408,United Kingdom,UK,Champions,3. High Spend (>GBP 2k),28117.04,62,453.5,2,374.0,11012.96,10901.7,11099.06,197.36,11012.96,0,0.0371,Low Risk,1,1,Maintained VIP,Normal Alignment
13410,United Kingdom,UK,Champions,2. Mid Spend (GBP 500-2k),1003.06,5,200.61,24,292.0,557.51,540.48,574.86,34.38,557.51,0,0.1541,Low Risk,0,0,Standard Tier,Normal Alignment
13411,United Kingdom,UK,About to Sleep,1. Low Spend (<GBP 500),213.55,1,213.55,107,108.0,294.43,280.13,307.13,27.0,294.43,1,0.9688,High Churn Risk,0,0,Standard Tier,Normal Alignment
13414,United Kingdom,UK,At Risk,2. Mid Spend (GBP 500-2k),1390.5,3,463.5,134,297.0,616.57,604.39,626.55,22.16,616.57,1,0.5308,Elevated Risk,0,0,Standard Tier,Normal Alignment
13416,United Kingdom,UK,Need Attention,2. Mid Spend (GBP 500-2k),712.5,2,356.25,44,82.0,894.17,867.57,913.98,46.4,894.17,0,0.0103,Low Risk,0,0,Standard Tier,Normal Alignment
13417,United Kingdom,UK,Potential Loyalists,2. Mid Spend (GBP 500-2k),640.83,2,320.41,5,206.0,454.43,444.11,462.88,18.77,454.43,0,0.5014,Elevated Risk,0,0,Standard Tier,Normal Alignment
13418,United Kingdom,UK,Champions,3. High Spend (>GBP 2k),6127.43,18,340.41,12,373.0,2334.79,2313.22,2351.43,38.2,2334.79,0,0.0336,Low Risk,1,1,Maintained VIP,Normal Alignment
13419,United Kingdom,UK,Promising,1. Low Spend (<GBP 500),221.06,1,221.06,64,64.0,402.25,383.53,418.3,34.77,402.25,0,0.0248,Low Risk,0,0,Standard Tier,Normal Alignment
13420,United Kingdom,UK,About to Sleep,1. Low Spend (<GBP 500),159.85,2,79.92,150,171.0,346.1,325.67,364.86,39.2,346.1,1,0.559,Elevated Risk,0,0,Standard Tier,Normal Alignment
13421,United Kingdom,UK,Need Attention,2. Mid Spend (GBP 500-2k),1833.71,2,916.86,40,291.0,577.45,545.88,607.08,61.2,577.45,0,0.5366,Elevated Risk,0,0,Standard Tier,Normal Alignment
13422,United Kingdom,UK,Promising,3. High Spend (>GBP 2k),2626.3,1,2626.3,64,65.0,398.93,380.34,414.88,34.54,398.93,0,0.0345,Low Risk,0,0,Standard Tier,Normal Alignment
13425,United Kingdom,UK,At Risk,2. Mid Spend (GBP 500-2k),1624.21,3,541.4,108,295.0,713.14,693.6,730.06,36.46,713.14,1,0.4513,Moderate Risk,0,0,Standard Tier,Normal Alignment
13426,United Kingdom,UK,Champions,3. High Spend (>GBP 2k),3641.32,10,364.13,1,360.0,1505.33,1491.03,1515.66,24.62,1505.33,0,0.0369,Low Risk,1,1,Maintained VIP,Normal Alignment
13427,United Kingdom,UK,Loyal Customers,2. Mid Spend (GBP 500-2k),582.6,3,194.2,19,216.0,458.23,439.79,476.49,36.71,458.23,0,0.2801,Moderate Risk,0,0,Standard Tier,Normal Alignment
13428,United Kingdom,UK,New Customers,1. Low Spend (<GBP 500),201.78,1,201.78,10,11.0,719.74,680.92,751.21,70.29,719.74,0,0.0055,Low Risk,0,0,Standard Tier,Normal Alignment
13429,United Kingdom,UK,Champions,2. Mid Spend (GBP 500-2k),1006.8,4,251.7,11,76.0,1342.98,1294.57,1384.11,89.54,1342.98,0,0.0114,Low Risk,1,1,Maintained VIP,Normal Alignment
13430,United Kingdom,UK,Potential Loyalists,2. Mid Spend (GBP 500-2k),679.45,2,339.72,19,87.0,774.15,751.84,792.09,40.24,774.15,0,0.0135,Low Risk,0,0,Standard Tier,Normal Alignment
13431,United Kingdom,UK,Need Attention,2. Mid Spend (GBP 500-2k),1269.1,2,634.55,67,89.0,830.56,807.47,848.92,41.45,830.56,0,0.0191,Low Risk,0,0,Standard Tier,Normal Alignment
13434,United Kingdom,UK,About to Sleep,2. Mid Spend (GBP 500-2k),534.24,2,267.12,74,97.0,827.61,803.23,844.47,41.24,827.61,0,0.1087,Low Risk,0,0,Standard Tier,Normal Alignment
13435,United Kingdom,UK,Champions,3. High Spend (>GBP 2k),3809.89,7,544.27,5,190.0,2532.1,2484.58,2570.13,85.55,2532.1,0,0.0399,Low Risk,1,1,Maintained VIP,Normal Alignment
13436,United Kingdom,UK,New Customers,1. Low Spend (<GBP 500),196.89,1,196.89,2,2.0,831.13,782.48,871.45,88.98,831.13,0,0.0018,Low Risk,0,0,Standard Tier,Normal Alignment
13437,United Kingdom,UK,Champions,3. High Spend (>GBP 2k),3408.06,7,486.87,14,191.0,1604.46,1579.15,1624.42,45.26,1604.46,0,0.0427,Low Risk,1,1,Maintained VIP,Normal Alignment
13439,United Kingdom,UK,Hibernating / Lost,1. Low Spend (<GBP 500),283.71,1,283.71,255,256.0,154.83,146.94,162.15,15.21,154.83,1,0.9789,High Churn Risk,0,0,Standard Tier,Normal Alignment
13441,United Kingdom,UK,About to Sleep,1. Low Spend (<GBP 500),296.64,1,296.64,92,92.0,326.23,310.23,339.69,29.46,326.23,1,0.345,Moderate Risk,0,0,Standard Tier,Normal Alignment
13447,United Kingdom,UK,Loyal Customers,2. Mid Spend (GBP 500-2k),1129.14,3,376.38,23,36.0,2211.1,2122.93,2281.07,158.14,2211.1,0,0.0124,Low Risk,1,1,Maintained VIP,Normal Alignment
13448,United Kingdom,UK,Champions,3. High Spend (>GBP 2k),3534.69,6,589.12,17,374.0,1307.21,1272.1,1333.37,61.28,1307.21,0,0.1319,Low Risk,1,1,Maintained VIP,Normal Alignment
13449,United Kingdom,UK,New Customers,1. Low Spend (<GBP 500),291.88,1,291.88,24,24.0,603.0,573.05,628.2,55.15,603.0,0,0.0032,Low Risk,0,0,Standard Tier,Normal Alignment
13450,United Kingdom,UK,Champions,3. High Spend (>GBP 2k),2043.72,6,340.62,27,219.0,1328.66,1309.94,1343.36,33.42,1328.66,0,0.0534,Low Risk,1,1,Maintained VIP,Normal Alignment
13451,United Kingdom,UK,Champions,3. High Spend (>GBP 2k),2898.26,5,579.65,26,335.0,1215.43,1188.89,1235.65,46.76,1215.43,0,0.0984,Low Risk,1,1,Maintained VIP,Normal Alignment
13452,United Kingdom,UK,Hibernating / Lost,2. Mid Spend (GBP 500-2k),590.0,2,295.0,259,271.0,318.92,310.04,326.61,16.57,318.92,1,0.6527,Elevated Risk,0,0,Standard Tier,Normal Alignment
13453,United Kingdom,UK,About to Sleep,1. Low Spend (<GBP 500),356.98,2,178.49,166,290.0,253.55,243.09,263.82,20.73,253.55,1,0.6652,Elevated Risk,0,0,Standard Tier,Normal Alignment
13455,United Kingdom,UK,Potential Loyalists,2. Mid Spend (GBP 500-2k),1058.34,2,529.17,25,367.0,268.98,262.24,274.45,12.21,268.98,0,0.4975,Moderate Risk,0,0,Standard Tier,Normal Alignment
13456,United Kingdom,UK,Champions,2. Mid Spend (GBP 500-2k),1766.72,6,294.45,18,208.0,1236.02,1216.52,1251.45,34.93,1236.02,0,0.0492,Low Risk,1,1,Maintained VIP,Normal Alignment
13458,United Kingdom,UK,Champions,3. High Spend (>GBP 2k),9646.57,14,689.04,7,360.0,3607.09,3560.51,3642.25,81.74,3607.09,0,0.0333,Low Risk,1,1,Maintained VIP,Normal Alignment
13460,United Kingdom,UK,Potential Loyalists,1. Low Spend (<GBP 500),183.44,2,91.72,29,50.0,704.99,657.64,747.02,89.38,704.99,0,0.0161,Low Risk,0,0,Standard Tier,Normal Alignment
13461,United Kingdom,UK,Loyal Customers,2. Mid Spend (GBP 500-2k),1445.0,3,481.67,39,164.0,900.91,882.46,914.15,31.69,900.91,0,0.1165,Low Risk,0,0,Standard Tier,Normal Alignment
13462,United Kingdom,UK,Hibernating / Lost,1. Low Spend (<GBP 500),151.5,1,151.5,253,253.0,156.34,148.37,163.72,15.35,156.34,1,0.9906,High Churn Risk,0,0,Standard Tier,Normal Alignment
13464,United Kingdom,UK,Promising,2. Mid Spend (GBP 500-2k),674.68,1,674.68,58,59.0,419.72,399.6,436.52,36.92,419.72,0,0.0234,Low Risk,0,0,Standard Tier,Normal Alignment
13466,United Kingdom,UK,Hibernating / Lost,1. Low Spend (<GBP 500),307.9,1,307.9,184,185.0,200.42,190.38,209.63,19.25,200.42,1,0.9689,High Churn Risk,0,0,Standard Tier,Normal Alignment
13467,United Kingdom,UK,Potential Loyalists,2. Mid Spend (GBP 500-2k),1071.91,2,535.95,11,37.0,1129.11,1085.42,1165.38,79.95,1129.11,0,0.0139,Low Risk,1,1,Maintained VIP,Normal Alignment
13468,United Kingdom,UK,Champions,3. High Spend (>GBP 2k),5704.97,37,154.19,2,374.0,2322.63,2290.83,2348.0,57.17,2322.63,0,0.0414,Low Risk,1,1,Maintained VIP,Normal Alignment
13470,United Kingdom,UK,About to Sleep,1. Low Spend (<GBP 500),165.0,2,82.5,99,116.0,413.99,382.96,441.71,58.75,413.99,1,0.4221,Moderate Risk,0,0,Standard Tier,Normal Alignment
13471,United Kingdom,UK,Champions,3. High Spend (>GBP 2k),2501.84,4,625.46,1,48.0,3007.26,2892.55,3099.6,207.05,3007.26,0,0.0221,Low Risk,1,1,Maintained VIP,Normal Alignment
13473,United Kingdom,UK,Need Attention,1. Low Spend (<GBP 500),422.64,2,211.32,61,333.0,228.79,219.82,237.76,17.95,228.79,0,0.5815,Elevated Risk,0,0,Standard Tier,Normal Alignment
13474,United Kingdom,UK,Hibernating / Lost,1. Low Spend (<GBP 500),226.84,1,226.84,236,237.0,164.87,156.55,172.62,16.07,164.87,1,0.9974,High Churn Risk,0,0,Standard Tier,Normal Alignment
13475,United Kingdom,UK,At Risk,2. Mid Spend (GBP 500-2k),1431.78,4,357.94,191,299.0,689.29,680.4,696.17,15.77,689.29,1,0.1783,Low Risk,0,0,Standard Tier,Normal Alignment
13476,United Kingdom,UK,About to Sleep,2. Mid Spend (GBP 500-2k),1238.47,2,619.24,179,282.0,394.54,384.12,403.97,19.85,394.54,1,0.551,Elevated Risk,0,0,Standard Tier,Normal Alignment
13477,United Kingdom,UK,Loyal Customers,2. Mid Spend (GBP 500-2k),1454.58,6,242.43,38,292.0,804.46,789.03,818.58,29.54,804.46,0,0.0824,Low Risk,0,0,Standard Tier,Normal Alignment
13479,United Kingdom,UK,Hibernating / Lost,1. Low Spend (<GBP 500),300.95,2,150.48,201,235.0,294.33,280.76,307.2,26.44,294.33,1,0.6464,Elevated Risk,0,0,Standard Tier,Normal Alignment
13481,United Kingdom,UK,Loyal Customers,2. Mid Spend (GBP 500-2k),1804.56,5,360.91,46,257.0,793.81,782.97,802.31,19.34,793.81,0,0.0717,Low Risk,0,0,Standard Tier,Normal Alignment
13482,United Kingdom,UK,Hibernating / Lost,1. Low Spend (<GBP 500),184.64,1,184.64,232,233.0,167.15,158.74,175.0,16.26,167.15,1,0.9941,High Churn Risk,0,0,Standard Tier,Normal Alignment
13483,United Kingdom,UK,Promising,1. Low Spend (<GBP 500),140.34,1,140.34,66,66.0,395.67,377.2,411.52,34.32,395.67,0,0.0247,Low Risk,0,0,Standard Tier,Normal Alignment
13484,United Kingdom,UK,Hibernating / Lost,1. Low Spend (<GBP 500),313.8,1,313.8,241,242.0,162.1,153.89,169.74,15.84,162.1,1,0.9911,High Churn Risk,0,0,Standard Tier,Normal Alignment
13485,United Kingdom,UK,Hibernating / Lost,1. Low Spend (<GBP 500),454.24,1,454.24,233,234.0,166.57,158.18,174.39,16.21,166.57,1,0.9861,High Churn Risk,0,0,Standard Tier,Normal Alignment
13486,United Kingdom,UK,At Risk,2. Mid Spend (GBP 500-2k),1122.41,3,374.14,78,156.0,970.7,948.65,985.73,37.08,970.7,0,0.0858,Low Risk,0,0,Standard Tier,Normal Alignment
13487,United Kingdom,UK,Loyal Customers,2. Mid Spend (GBP 500-2k),575.4,3,191.8,58,354.0,309.13,297.21,320.62,23.41,309.13,0,0.4638,Moderate Risk,0,0,Standard Tier,Normal Alignment
13488,United Kingdom,UK,Champions,3. High Spend (>GBP 2k),8968.31,13,689.87,17,368.0,3174.3,3129.49,3206.77,77.28,3174.3,0,0.0363,Low Risk,1,1,Maintained VIP,Normal Alignment
13489,United Kingdom,UK,At Risk,1. Low Spend (<GBP 500),449.52,4,112.38,105,295.0,372.5,353.47,392.96,39.49,372.5,1,0.3899,Moderate Risk,0,0,Standard Tier,Normal Alignment
13491,United Kingdom,UK,Loyal Customers,2. Mid Spend (GBP 500-2k),1215.82,10,121.58,52,373.0,615.89,595.2,639.67,44.47,615.89,0,0.0882,Low Risk,0,0,Standard Tier,Normal Alignment
13492,Switzerland,International,At Risk,2. Mid Spend (GBP 500-2k),1269.84,3,423.28,136,215.0,778.09,762.67,790.37,27.7,886.13,1,0.2214,Low Risk,0,0,Standard Tier,VIP Under-selection; CLV Spend Devaluation
13493,Switzerland,International,Hibernating / Lost,2. Mid Spend (GBP 500-2k),618.63,2,309.32,275,288.0,359.64,350.59,366.9,16.3,366.99,1,0.623,Elevated Risk,0,0,Standard Tier,VIP Under-selection; CLV Spend Devaluation
13494,United Kingdom,UK,Hibernating / Lost,1. Low Spend (<GBP 500),316.26,1,316.26,312,312.0,131.28,124.55,137.42,12.86,131.28,1,0.9909,High Churn Risk,0,0,Standard Tier,Normal Alignment
13495,United Kingdom,UK,Champions,3. High Spend (>GBP 2k),2044.87,5,408.97,8,369.0,745.89,737.98,751.99,14.01,745.89,0,0.1915,Low Risk,0,0,Standard Tier,Normal Alignment
13496,United Kingdom,UK,Potential Loyalists,2. Mid Spend (GBP 500-2k),653.33,2,326.66,11,360.0,204.54,195.34,213.65,18.31,204.54,0,0.5409,Elevated Risk,0,0,Standard Tier,Normal Alignment
13497,United Kingdom,UK,Hibernating / Lost,1. Low Spend (<GBP 500),348.05,2,174.02,283,369.0,213.59,205.59,221.59,16.0,213.59,1,0.613,Elevated Risk,0,0,Standard Tier,Normal Alignment
13499,United Kingdom,UK,Champions,2. Mid Spend (GBP 500-2k),1159.11,5,231.82,18,270.0,714.9,699.67,729.36,29.69,714.9,0,0.1386,Low Risk,0,0,Standard Tier,Normal Alignment
13500,United Kingdom,UK,Loyal Customers,2. Mid Spend (GBP 500-2k),1166.77,3,388.92,23,123.0,1083.91,1058.81,1102.75,43.94,1083.91,0,0.0515,Low Risk,1,0,Demoted from VIP,Normal Alignment
13501,Switzerland,International,Hibernating / Lost,2. Mid Spend (GBP 500-2k),1340.32,1,1340.32,288,289.0,140.03,132.87,146.61,13.74,238.72,1,0.93,High Churn Risk,0,0,Standard Tier,VIP Under-selection; CLV Spend Devaluation
13502,United Kingdom,UK,Loyal Customers,1. Low Spend (<GBP 500),292.0,3,97.33,17,324.0,254.25,237.44,272.24,34.8,254.25,0,0.5157,Elevated Risk,0,0,Standard Tier,Normal Alignment
13503,United Kingdom,UK,Promising,1. Low Spend (<GBP 500),216.85,1,216.85,71,72.0,377.14,359.06,392.22,33.16,377.14,0,0.0256,Low Risk,0,0,Standard Tier,Normal Alignment
13504,United Kingdom,UK,Promising,1. Low Spend (<GBP 500),295.93,1,295.93,64,65.0,398.93,380.34,414.88,34.54,398.93,0,0.0217,Low Risk,0,0,Standard Tier,Normal Alignment
13505,Switzerland,International,At Risk,3. High Spend (>GBP 2k),4393.63,4,1098.41,73,233.0,2051.69,1961.15,2119.62,158.47,3262.32,0,0.0799,Low Risk,1,1,Maintained VIP,VIP Under-selection; CLV Spend Devaluation
13506,United Kingdom,UK,Hibernating / Lost,1. Low Spend (<GBP 500),458.52,2,229.26,316,370.0,201.34,192.5,210.12,17.62,201.34,1,0.5593,Elevated Risk,0,0,Standard Tier,Normal Alignment
13507,United Kingdom,UK,Champions,3. High Spend (>GBP 2k),2479.16,4,619.79,3,146.0,1303.74,1279.39,1323.15,43.76,1303.74,0,0.0513,Low Risk,1,1,Maintained VIP,Normal Alignment
13508,United Kingdom,UK,Hibernating / Lost,1. Low Spend (<GBP 500),110.97,1,110.97,244,244.0,161.02,152.86,168.61,15.75,161.02,1,0.9886,High Churn Risk,0,0,Standard Tier,Normal Alignment
13509,United Kingdom,UK,Champions,2. Mid Spend (GBP 500-2k),979.72,7,139.96,9,285.0,593.84,570.22,620.54,50.32,593.84,0,0.1103,Low Risk,0,0,Standard Tier,Normal Alignment
13510,United Kingdom,UK,Champions,2. Mid Spend (GBP 500-2k),1791.56,4,447.89,1,184.0,1077.92,1060.19,1091.98,31.79,1077.92,0,0.0498,Low Risk,0,0,Standard Tier,Normal Alignment
13512,United Kingdom,UK,Hibernating / Lost,1. Low Spend (<GBP 500),251.21,1,251.21,261,261.0,152.39,144.62,159.59,14.97,152.39,1,0.9963,High Churn Risk,0,0,Standard Tier,Normal Alignment
13513,United Kingdom,UK,About to Sleep,1. Low Spend (<GBP 500),205.1,1,205.1,127,127.0,263.89,250.92,275.51,24.59,263.89,1,0.9753,High Churn Risk,0,0,Standard Tier,Normal Alignment
13514,United Kingdom,UK,About to Sleep,1. Low Spend (<GBP 500),152.2,1,152.2,74,74.0,371.35,353.38,386.24,32.86,371.35,0,0.0294,Low Risk,0,0,Standard Tier,Normal Alignment
13515,United Kingdom,UK,At Risk,2. Mid Spend (GBP 500-2k),891.12,4,222.78,73,248.0,589.33,572.78,605.25,32.47,589.33,0,0.1562,Low Risk,0,0,Standard Tier,Normal Alignment
13516,United Kingdom,UK,Loyal Customers,2. Mid Spend (GBP 500-2k),1389.41,3,463.14,21,239.0,858.8,833.51,879.93,46.42,858.8,0,0.239,Low Risk,0,0,Standard Tier,Normal Alignment
13517,United Kingdom,UK,Loyal Customers,3. High Spend (>GBP 2k),2128.42,3,709.47,60,180.0,938.27,917.84,954.85,37.01,938.27,0,0.0899,Low Risk,0,0,Standard Tier,Normal Alignment
13518,United Kingdom,UK,About to Sleep,2. Mid Spend (GBP 500-2k),627.16,1,627.16,86,86.0,340.0,323.37,353.91,30.54,340.0,0,0.056,Low Risk,0,0,Standard Tier,Normal Alignment
13519,United Kingdom,UK,About to Sleep,1. Low Spend (<GBP 500),122.75,1,122.75,78,79.0,357.61,340.18,372.08,31.89,357.61,0,0.0366,Low Risk,0,0,Standard Tier,Normal Alignment
13520,Switzerland,International,Loyal Customers,3. High Spend (>GBP 2k),3624.35,6,604.06,59,372.0,1421.61,1393.76,1443.62,49.86,1833.61,0,0.0866,Low Risk,1,1,Maintained VIP,VIP Under-selection; CLV Spend Devaluation
13521,United Kingdom,UK,Loyal Customers,2. Mid Spend (GBP 500-2k),1071.73,3,357.24,1,11.0,2790.71,2633.48,2915.26,281.77,2790.71,0,0.0118,Low Risk,1,1,Maintained VIP,Normal Alignment
13522,United Kingdom,UK,New Customers,1. Low Spend (<GBP 500),125.8,1,125.8,30,31.0,554.57,528.09,577.48,49.38,554.57,0,0.004,Low Risk,0,0,Standard Tier,Normal Alignment
13523,United Kingdom,UK,Champions,3. High Spend (>GBP 2k),3964.88,5,792.98,33,367.0,1407.06,1352.22,1451.74,99.52,1407.06,0,0.0992,Low Risk,1,1,Maintained VIP,Normal Alignment
13524,United Kingdom,UK,Loyal Customers,2. Mid Spend (GBP 500-2k),680.18,5,136.04,41,220.0,570.65,544.76,598.8,54.04,570.65,0,0.1362,Low Risk,0,0,Standard Tier,Normal Alignment
13525,United Kingdom,UK,Potential Loyalists,2. Mid Spend (GBP 500-2k),628.78,2,314.39,15,249.0,364.38,355.57,371.62,16.05,364.38,0,0.5902,Elevated Risk,0,0,Standard Tier,Normal Alignment
13527,United Kingdom,UK,Loyal Customers,3. High Spend (>GBP 2k),2242.36,7,320.34,34,327.0,1091.58,1079.24,1100.54,21.29,1091.58,0,0.0426,Low Risk,1,0,Demoted from VIP,Normal Alignment
13529,United Kingdom,UK,About to Sleep,1. Low Spend (<GBP 500),307.76,2,153.88,79,205.0,312.7,295.91,328.12,32.21,312.7,0,0.5823,Elevated Risk,0,0,Standard Tier,Normal Alignment
13531,United Kingdom,UK,Hibernating / Lost,1. Low Spend (<GBP 500),483.8,2,241.9,205,367.0,209.44,201.15,217.66,16.51,209.44,1,0.571,Elevated Risk,0,0,Standard Tier,Normal Alignment
13532,United Kingdom,UK,Promising,1. Low Spend (<GBP 500),210.31,1,210.31,34,34.0,536.11,510.64,558.27,47.63,536.11,0,0.0072,Low Risk,0,0,Standard Tier,Normal Alignment
13533,United Kingdom,UK,At Risk,1. Low Spend (<GBP 500),269.09,3,89.7,183,268.0,250.88,237.79,263.38,25.58,250.88,1,0.4874,Moderate Risk,0,0,Standard Tier,Normal Alignment
13534,United Kingdom,UK,Champions,3. High Spend (>GBP 2k),5870.08,25,234.8,2,359.0,2472.7,2448.01,2490.8,42.79,2472.7,0,0.0273,Low Risk,1,1,Maintained VIP,Normal Alignment
13536,United Kingdom,UK,Champions,3. High Spend (>GBP 2k),3444.39,7,492.06,1,76.0,4254.12,4119.68,4352.6,232.92,4254.12,0,0.0148,Low Risk,1,1,Maintained VIP,Normal Alignment
13538,United Kingdom,UK,Loyal Customers,2. Mid Spend (GBP 500-2k),1280.85,7,182.98,43,316.0,694.03,676.33,712.65,36.32,694.03,0,0.157,Low Risk,0,0,Standard Tier,Normal Alignment
13539,United Kingdom,UK,At Risk,2. Mid Spend (GBP 500-2k),631.34,3,210.45,86,310.0,380.42,369.57,391.3,21.73,380.42,0,0.4579,Moderate Risk,0,0,Standard Tier,Normal Alignment
13544,United Kingdom,UK,Need Attention,1. Low Spend (<GBP 500),276.06,2,138.03,40,241.0,291.31,278.45,303.71,25.26,291.31,0,0.5506,Elevated Risk,0,0,Standard Tier,Normal Alignment
13546,United Kingdom,UK,Loyal Customers,2. Mid Spend (GBP 500-2k),621.09,3,207.03,12,201.0,525.42,508.11,541.9,33.79,525.42,0,0.2221,Low Risk,0,0,Standard Tier,Normal Alignment
13548,United Kingdom,UK,About to Sleep,2. Mid Spend (GBP 500-2k),678.16,2,339.08,96,244.0,393.45,384.37,400.61,16.24,393.45,1,0.4705,Moderate Risk,0,0,Standard Tier,Normal Alignment
13549,United Kingdom,UK,Champions,2. Mid Spend (GBP 500-2k),918.2,7,131.17,26,243.0,657.87,630.19,689.2,59.01,657.87,0,0.1121,Low Risk,0,0,Standard Tier,Normal Alignment
13551,United Kingdom,UK,Hibernating / Lost,1. Low Spend (<GBP 500),91.8,1,91.8,319,320.0,128.49,121.9,134.49,12.58,128.49,1,0.9876,High Churn Risk,0,0,Standard Tier,Normal Alignment
13552,United Kingdom,UK,Loyal Customers,3. High Spend (>GBP 2k),3740.07,12,311.67,66,316.0,1716.2,1695.93,1731.64,35.71,1716.2,0,0.0362,Low Risk,1,1,Maintained VIP,Normal Alignment
13555,United Kingdom,UK,At Risk,3. High Spend (>GBP 2k),4098.88,4,1024.72,74,202.0,1559.26,1427.75,1680.77,253.02,1559.26,0,0.0623,Low Risk,1,1,Maintained VIP,Normal Alignment
13557,United Kingdom,UK,Potential Loyalists,2. Mid Spend (GBP 500-2k),584.06,2,292.03,28,281.0,328.79,320.27,335.41,15.13,328.79,0,0.5615,Elevated Risk,0,0,Standard Tier,Normal Alignment
13558,United Kingdom,UK,Champions,2. Mid Spend (GBP 500-2k),594.52,4,148.63,6,69.0,1081.45,1018.25,1138.12,119.87,1081.45,0,0.0145,Low Risk,0,0,Standard Tier,Normal Alignment
13560,United Kingdom,UK,New Customers,1. Low Spend (<GBP 500),171.42,1,171.42,7,8.0,753.4,711.44,787.33,75.88,753.4,0,0.0019,Low Risk,0,0,Standard Tier,Normal Alignment
13561,United Kingdom,UK,Hibernating / Lost,1. Low Spend (<GBP 500),141.86,1,141.86,216,216.0,177.59,168.77,185.88,17.11,177.59,1,0.9939,High Churn Risk,0,0,Standard Tier,Normal Alignment
13562,United Kingdom,UK,At Risk,2. Mid Spend (GBP 500-2k),1799.33,3,599.78,82,246.0,815.85,793.62,834.49,40.87,815.85,0,0.1589,Low Risk,0,0,Standard Tier,Normal Alignment
13563,United Kingdom,UK,About to Sleep,2. Mid Spend (GBP 500-2k),777.53,2,388.76,84,141.0,646.49,629.4,659.92,30.52,646.49,0,0.2295,Low Risk,0,0,Standard Tier,Normal Alignment
13564,United Kingdom,UK,At Risk,2. Mid Spend (GBP 500-2k),1724.67,3,574.89,144,369.0,577.24,562.28,590.49,28.21,577.24,1,0.4144,Moderate Risk,0,0,Standard Tier,Normal Alignment
13565,United Kingdom,UK,Potential Loyalists,1. Low Spend (<GBP 500),240.22,2,120.11,19,335.0,209.94,199.49,220.16,20.67,209.94,0,0.5327,Elevated Risk,0,0,Standard Tier,Normal Alignment
13566,United Kingdom,UK,Need Attention,2. Mid Spend (GBP 500-2k),856.84,2,428.42,41,83.0,744.51,720.28,762.67,42.38,744.51,0,0.0121,Low Risk,0,0,Standard Tier,Normal Alignment
13568,United Kingdom,UK,About to Sleep,1. Low Spend (<GBP 500),187.05,1,187.05,173,174.0,210.0,199.57,219.59,20.02,210.0,1,0.9691,High Churn Risk,0,0,Standard Tier,Normal Alignment
13569,United Kingdom,UK,Potential Loyalists,1. Low Spend (<GBP 500),338.62,2,169.31,17,368.0,224.97,217.84,232.41,14.57,224.97,0,0.5442,Elevated Risk,0,0,Standard Tier,Normal Alignment
13570,United Kingdom,UK,Hibernating / Lost,1. Low Spend (<GBP 500),239.49,1,239.49,243,244.0,161.02,152.86,168.61,15.75,161.02,1,0.988,High Churn Risk,0,0,Standard Tier,Normal Alignment
13571,United Kingdom,UK,Champions,3. High Spend (>GBP 2k),2088.94,12,174.08,13,254.0,1304.19,1273.63,1331.39,57.76,1304.19,0,0.0372,Low Risk,1,1,Maintained VIP,Normal Alignment
13572,United Kingdom,UK,Hibernating / Lost,2. Mid Spend (GBP 500-2k),1384.25,1,1384.25,206,206.0,184.36,175.24,192.93,17.69,184.36,1,0.9191,High Churn Risk,0,0,Standard Tier,Normal Alignment
13573,United Kingdom,UK,Need Attention,1. Low Spend (<GBP 500),290.25,2,145.12,50,254.0,320.54,310.58,330.12,19.54,320.54,0,0.5476,Elevated Risk,0,0,Standard Tier,Normal Alignment
13575,United Kingdom,UK,Champions,2. Mid Spend (GBP 500-2k),732.07,5,146.41,23,177.0,758.67,730.34,787.53,57.19,758.67,0,0.1242,Low Risk,0,0,Standard Tier,Normal Alignment
13576,United Kingdom,UK,Champions,3. High Spend (>GBP 2k),6717.34,18,373.19,10,374.0,2693.83,2669.19,2712.39,43.2,2693.83,0,0.0469,Low Risk,1,1,Maintained VIP,Normal Alignment
13577,United Kingdom,UK,Champions,2. Mid Spend (GBP 500-2k),1687.6,4,421.9,25,242.0,932.4,916.74,942.57,25.82,932.4,0,0.1059,Low Risk,0,0,Standard Tier,Normal Alignment
13579,United Kingdom,UK,Potential Loyalists,1. Low Spend (<GBP 500),467.04,2,233.52,15,370.0,247.15,240.46,252.98,12.52,247.15,0,0.5358,Elevated Risk,0,0,Standard Tier,Normal Alignment
13581,United Kingdom,UK,Hibernating / Lost,1. Low Spend (<GBP 500),118.0,1,118.0,309,310.0,132.0,125.24,138.17,12.93,132.0,1,0.9886,High Churn Risk,0,0,Standard Tier,Normal Alignment
13583,United Kingdom,UK,About to Sleep,2. Mid Spend (GBP 500-2k),781.03,1,781.03,156,156.0,227.82,216.57,238.1,21.53,227.82,1,0.9054,High Churn Risk,0,0,Standard Tier,Normal Alignment
13584,United Kingdom,UK,Hibernating / Lost,1. Low Spend (<GBP 500),142.4,1,142.4,307,307.0,133.09,126.27,139.32,13.04,133.09,1,0.9897,High Churn Risk,0,0,Standard Tier,Normal Alignment
13587,United Kingdom,UK,Promising,2. Mid Spend (GBP 500-2k),712.4,1,712.4,64,64.0,402.25,383.53,418.3,34.77,402.25,0,0.0218,Low Risk,0,0,Standard Tier,Normal Alignment
13588,United Kingdom,UK,Champions,3. High Spend (>GBP 2k),2478.95,9,275.44,16,256.0,1500.75,1480.77,1517.37,36.6,1500.75,0,0.0362,Low Risk,1,1,Maintained VIP,Normal Alignment
13589,United Kingdom,UK,Potential Loyalists,1. Low Spend (<GBP 500),379.65,2,189.82,15,180.0,406.26,392.51,419.13,26.62,406.26,0,0.3707,Moderate Risk,0,0,Standard Tier,Normal Alignment
13590,United Kingdom,UK,Champions,2. Mid Spend (GBP 500-2k),1981.92,6,330.32,11,304.0,957.16,945.15,966.65,21.5,957.16,0,0.0749,Low Risk,0,0,Standard Tier,Normal Alignment
13591,United Kingdom,UK,Loyal Customers,2. Mid Spend (GBP 500-2k),1117.13,3,372.38,65,267.0,516.49,507.14,524.71,17.57,516.49,0,0.2672,Moderate Risk,0,0,Standard Tier,Normal Alignment
13592,United Kingdom,UK,Loyal Customers,1. Low Spend (<GBP 500),247.96,4,61.99,36,265.0,311.19,286.13,339.32,53.19,311.19,0,0.4847,Moderate Risk,0,0,Standard Tier,Normal Alignment
13593,United Kingdom,UK,At Risk,3. High Spend (>GBP 2k),2011.88,5,402.38,108,337.0,773.79,764.56,780.78,16.22,773.79,1,0.1882,Low Risk,0,0,Standard Tier,Normal Alignment
13594,United Kingdom,UK,Promising,1. Low Spend (<GBP 500),396.97,1,396.97,53,53.0,442.79,421.64,460.5,38.86,442.79,0,0.0131,Low Risk,0,0,Standard Tier,Normal Alignment
13596,United Kingdom,UK,Potential Loyalists,2. Mid Spend (GBP 500-2k),664.11,2,332.06,6,13.0,1490.2,1415.03,1551.8,136.77,1490.2,0,0.007,Low Risk,1,1,Maintained VIP,Normal Alignment
13598,United Kingdom,UK,Promising,1. Low Spend (<GBP 500),160.04,1,160.04,47,48.0,464.05,441.98,482.34,40.37,464.05,0,0.0072,Low Risk,0,0,Standard Tier,Normal Alignment
13599,United Kingdom,UK,Champions,3. High Spend (>GBP 2k),5149.92,21,245.23,1,367.0,2098.64,2078.11,2113.51,35.4,2098.64,0,0.0275,Low Risk,1,1,Maintained VIP,Normal Alignment
13600,United Kingdom,UK,Hibernating / Lost,1. Low Spend (<GBP 500),219.52,1,219.52,312,313.0,130.93,124.22,137.04,12.83,130.93,1,0.9801,High Churn Risk,0,0,Standard Tier,Normal Alignment
13601,United Kingdom,UK,Need Attention,2. Mid Spend (GBP 500-2k),693.32,2,346.66,45,212.0,401.71,391.28,410.02,18.75,401.71,0,0.4389,Moderate Risk,0,0,Standard Tier,Normal Alignment
13602,United Kingdom,UK,Promising,1. Low Spend (<GBP 500),428.89,1,428.89,65,65.0,398.93,380.34,414.88,34.54,398.93,0,0.0174,Low Risk,0,0,Standard Tier,Normal Alignment
13603,United Kingdom,UK,New Customers,1. Low Spend (<GBP 500),164.34,1,164.34,26,27.0,581.25,552.9,605.28,52.38,581.25,0,0.0034,Low Risk,0,0,Standard Tier,Normal Alignment
13606,United Kingdom,UK,Loyal Customers,1. Low Spend (<GBP 500),276.75,3,92.25,29,312.0,274.26,257.44,291.91,34.47,274.26,0,0.4837,Moderate Risk,0,0,Standard Tier,Normal Alignment
13607,United Kingdom,UK,Promising,2. Mid Spend (GBP 500-2k),675.51,1,675.51,40,41.0,497.49,473.98,517.05,43.07,497.49,0,0.0127,Low Risk,0,0,Standard Tier,Normal Alignment
13610,United Kingdom,UK,Champions,2. Mid Spend (GBP 500-2k),1082.33,7,154.62,12,286.0,628.96,606.6,653.98,47.37,628.96,0,0.1078,Low Risk,0,0,Standard Tier,Normal Alignment
13611,United Kingdom,UK,At Risk,2. Mid Spend (GBP 500-2k),1154.4,3,384.8,89,360.0,470.47,462.1,476.39,14.29,470.47,0,0.3696,Moderate Risk,0,0,Standard Tier,Normal Alignment
13614,United Kingdom,UK,Champions,2. Mid Spend (GBP 500-2k),1585.46,4,396.36,24,331.0,737.44,726.41,745.56,19.14,737.44,0,0.1897,Low Risk,0,0,Standard Tier,Normal Alignment
13615,United Kingdom,UK,Hibernating / Lost,1. Low Spend (<GBP 500),417.69,1,417.69,319,319.0,128.83,122.23,134.85,12.62,128.83,1,0.9911,High Churn Risk,0,0,Standard Tier,Normal Alignment
13617,United Kingdom,UK,Loyal Customers,2. Mid Spend (GBP 500-2k),544.18,3,181.39,40,181.0,553.76,533.81,572.32,38.51,553.76,0,0.183,Low Risk,0,0,Standard Tier,Normal Alignment
13618,United Kingdom,UK,About to Sleep,1. Low Spend (<GBP 500),177.34,1,177.34,174,174.0,210.0,199.57,219.59,20.02,210.0,1,0.9617,High Churn Risk,0,0,Standard Tier,Normal Alignment
13621,United Kingdom,UK,About to Sleep,1. Low Spend (<GBP 500),213.85,1,213.85,117,117.0,279.13,265.49,291.3,25.81,279.13,1,0.9489,High Churn Risk,0,0,Standard Tier,Normal Alignment
13623,United Kingdom,UK,Champions,2. Mid Spend (GBP 500-2k),727.74,5,145.55,31,298.0,467.54,448.53,488.33,39.79,467.54,0,0.1656,Low Risk,0,0,Standard Tier,Normal Alignment
13626,United Kingdom,UK,Hibernating / Lost,1. Low Spend (<GBP 500),257.23,1,257.23,253,253.0,156.34,148.37,163.72,15.35,156.34,1,0.9756,High Churn Risk,0,0,Standard Tier,Normal Alignment
13627,United Kingdom,UK,Loyal Customers,2. Mid Spend (GBP 500-2k),1638.47,5,327.69,59,358.0,687.12,677.8,694.37,16.57,687.12,0,0.1696,Low Risk,0,0,Standard Tier,Normal Alignment
13629,United Kingdom,UK,Champions,3. High Spend (>GBP 2k),7792.36,11,708.4,23,339.0,3203.48,3153.45,3239.43,85.98,3203.48,0,0.0524,Low Risk,1,1,Maintained VIP,Normal Alignment
13630,United Kingdom,UK,Champions,3. High Spend (>GBP 2k),2031.78,7,290.25,5,286.0,1047.89,1032.18,1061.45,29.28,1047.89,0,0.0422,Low Risk,0,0,Standard Tier,Normal Alignment
13631,United Kingdom,UK,Cannot Lose Them,3. High Spend (>GBP 2k),3070.42,11,279.13,100,268.0,1734.94,1711.17,1753.3,42.13,1734.94,1,0.1713,Low Risk,1,1,Maintained VIP,Normal Alignment
13632,United Kingdom,UK,Champions,3. High Spend (>GBP 2k),2118.93,5,423.79,25,244.0,1227.45,1208.77,1240.83,32.06,1227.45,0,0.0604,Low Risk,1,1,Maintained VIP,Normal Alignment
13634,United Kingdom,UK,Champions,2. Mid Spend (GBP 500-2k),1547.36,5,309.47,33,328.0,693.99,683.29,703.21,19.92,693.99,0,0.157,Low Risk,0,0,Standard Tier,Normal Alignment
13635,United Kingdom,UK,Promising,2. Mid Spend (GBP 500-2k),1071.03,1,1071.03,68,68.0,389.29,370.97,404.95,33.99,389.29,0,0.0424,Low Risk,0,0,Standard Tier,Normal Alignment
13636,United Kingdom,UK,Loyal Customers,2. Mid Spend (GBP 500-2k),949.12,5,189.82,37,286.0,586.53,569.39,603.41,34.01,586.53,0,0.1441,Low Risk,0,0,Standard Tier,Normal Alignment
13637,United Kingdom,UK,Loyal Customers,2. Mid Spend (GBP 500-2k),804.3,3,268.1,52,227.0,450.72,433.34,467.46,34.12,450.72,0,0.2141,Low Risk,0,0,Standard Tier,Normal Alignment
13638,United Kingdom,UK,New Customers,1. Low Spend (<GBP 500),122.64,1,122.64,16,16.0,669.86,635.12,698.77,63.65,669.86,0,0.0016,Low Risk,0,0,Standard Tier,Normal Alignment
13639,United Kingdom,UK,About to Sleep,2. Mid Spend (GBP 500-2k),1033.34,1,1033.34,74,75.0,368.52,350.61,383.33,32.71,368.52,0,0.0517,Low Risk,0,0,Standard Tier,Normal Alignment
13642,United Kingdom,UK,Hibernating / Lost,1. Low Spend (<GBP 500),312.28,1,312.28,216,216.0,177.59,168.77,185.88,17.11,177.59,1,0.9941,High Churn Risk,0,0,Standard Tier,Normal Alignment
13643,United Kingdom,UK,Loyal Customers,2. Mid Spend (GBP 500-2k),519.44,3,173.15,31,186.0,553.54,534.61,571.26,36.65,553.54,0,0.1956,Low Risk,0,0,Standard Tier,Normal Alignment
13644,United Kingdom,UK,Champions,3. High Spend (>GBP 2k),2624.26,4,656.06,16,106.0,2133.29,2068.05,2183.13,115.08,2133.29,0,0.0381,Low Risk,1,1,Maintained VIP,Normal Alignment
13645,United Kingdom,UK,About to Sleep,1. Low Spend (<GBP 500),252.1,1,252.1,120,121.0,272.83,259.46,284.77,25.31,272.83,1,0.9655,High Churn Risk,0,0,Standard Tier,Normal Alignment
13647,United Kingdom,UK,Champions,2. Mid Spend (GBP 500-2k),1648.12,4,412.03,10,235.0,898.2,884.94,908.3,23.36,898.2,0,0.1041,Low Risk,0,0,Standard Tier,Normal Alignment
13649,United Kingdom,UK,Hibernating / Lost,1. Low Spend (<GBP 500),346.6,2,173.3,257,367.0,200.03,190.88,209.08,18.2,200.03,1,0.6801,Elevated Risk,0,0,Standard Tier,Normal Alignment
13650,United Kingdom,UK,Champions,2. Mid Spend (GBP 500-2k),1836.34,6,306.06,17,268.0,944.43,932.39,953.7,21.31,944.43,0,0.0595,Low Risk,0,0,Standard Tier,Normal Alignment
13651,United Kingdom,UK,Need Attention,1. Low Spend (<GBP 500),94.2,2,47.1,35,40.0,692.89,634.03,748.01,113.97,692.89,0,0.022,Low Risk,0,0,Standard Tier,Normal Alignment
13652,United Kingdom,UK,Loyal Customers,2. Mid Spend (GBP 500-2k),1095.08,3,365.03,46,369.0,438.03,431.5,443.28,11.78,438.03,0,0.3653,Moderate Risk,0,0,Standard Tier,Normal Alignment
13654,United Kingdom,UK,Loyal Customers,3. High Spend (>GBP 2k),2707.33,6,451.22,43,274.0,1370.98,1343.34,1392.32,48.99,1370.98,0,0.0499,Low Risk,1,1,Maintained VIP,Normal Alignment
13655,United Kingdom,UK,About to Sleep,2. Mid Spend (GBP 500-2k),932.97,2,466.48,114,242.0,464.84,451.64,477.1,25.46,464.84,1,0.4852,Moderate Risk,0,0,Standard Tier,Normal Alignment
13656,United Kingdom,UK,About to Sleep,1. Low Spend (<GBP 500),379.65,2,189.82,165,338.0,238.04,230.09,246.19,16.1,238.04,1,0.5131,Elevated Risk,0,0,Standard Tier,Normal Alignment
13657,United Kingdom,UK,Potential Loyalists,1. Low Spend (<GBP 500),382.14,2,191.07,11,202.0,370.15,357.56,382.03,24.47,370.15,0,0.4891,Moderate Risk,0,0,Standard Tier,Normal Alignment
13658,United Kingdom,UK,Champions,3. High Spend (>GBP 2k),2639.17,5,527.83,10,205.0,1231.12,1179.15,1272.68,93.53,1231.12,0,0.0487,Low Risk,1,1,Maintained VIP,Normal Alignment
13659,United Kingdom,UK,Hibernating / Lost,2. Mid Spend (GBP 500-2k),1563.0,2,781.5,206,321.0,359.78,350.25,368.69,18.44,359.78,1,0.5539,Elevated Risk,0,0,Standard Tier,Normal Alignment
13662,United Kingdom,UK,At Risk,2. Mid Spend (GBP 500-2k),881.26,3,293.75,86,260.0,527.29,517.75,535.74,17.99,527.29,0,0.2718,Moderate Risk,0,0,Standard Tier,Normal Alignment
13663,United Kingdom,UK,About to Sleep,1. Low Spend (<GBP 500),189.47,1,189.47,179,180.0,204.66,194.45,214.04,19.6,204.66,1,0.9842,High Churn Risk,0,0,Standard Tier,Normal Alignment
13666,United Kingdom,UK,Loyal Customers,1. Low Spend (<GBP 500),84.65,3,28.22,60,288.0,195.78,180.38,211.75,31.38,195.78,0,0.4552,Moderate Risk,0,0,Standard Tier,Normal Alignment
13667,United Kingdom,UK,About to Sleep,1. Low Spend (<GBP 500),299.05,1,299.05,149,150.0,234.45,222.88,244.98,22.11,234.45,1,0.9517,High Churn Risk,0,0,Standard Tier,Normal Alignment
13668,United Kingdom,UK,Champions,3. High Spend (>GBP 2k),6309.83,21,300.47,3,363.0,2679.64,2655.48,2699.68,44.2,2679.64,0,0.0324,Low Risk,1,1,Maintained VIP,Normal Alignment
13669,United Kingdom,UK,Need Attention,1. Low Spend (<GBP 500),218.55,2,109.28,51,150.0,424.71,406.43,442.18,35.76,424.71,0,0.3668,Moderate Risk,0,0,Standard Tier,Normal Alignment
13670,United Kingdom,UK,About to Sleep,1. Low Spend (<GBP 500),349.7,1,349.7,75,76.0,365.73,347.94,380.45,32.51,365.73,0,0.0405,Low Risk,0,0,Standard Tier,Normal Alignment
13672,United Kingdom,UK,Hibernating / Lost,1. Low Spend (<GBP 500),186.39,2,93.2,301,333.0,209.02,198.34,219.43,21.09,209.02,1,0.7031,Elevated Risk,0,0,Standard Tier,Normal Alignment
13673,United Kingdom,UK,Potential Loyalists,1. Low Spend (<GBP 500),387.44,2,193.72,19,33.0,1001.6,948.19,1042.44,94.25,1001.6,0,0.0078,Low Risk,0,0,Standard Tier,Normal Alignment
13675,United Kingdom,UK,About to Sleep,1. Low Spend (<GBP 500),486.82,2,243.41,151,285.0,259.79,249.51,270.18,20.66,259.79,1,0.5427,Elevated Risk,0,0,Standard Tier,Normal Alignment
13678,United Kingdom,UK,About to Sleep,1. Low Spend (<GBP 500),232.6,1,232.6,152,152.0,232.19,220.73,242.64,21.91,232.19,1,0.944,High Churn Risk,0,0,Standard Tier,Normal Alignment
13680,United Kingdom,UK,Champions,3. High Spend (>GBP 2k),3719.12,4,929.78,1,340.0,1289.66,1244.35,1326.48,82.13,1289.66,0,0.1402,Low Risk,1,1,Maintained VIP,Normal Alignment
13681,United Kingdom,UK,Champions,2. Mid Spend (GBP 500-2k),827.83,4,206.96,18,156.0,799.04,773.06,823.43,50.37,799.04,0,0.0958,Low Risk,0,0,Standard Tier,Normal Alignment
13682,United Kingdom,UK,Hibernating / Lost,1. Low Spend (<GBP 500),59.5,1,59.5,187,188.0,197.96,188.02,207.07,19.06,197.96,1,0.9863,High Churn Risk,0,0,Standard Tier,Normal Alignment
13684,United Kingdom,UK,Hibernating / Lost,1. Low Spend (<GBP 500),65.13,1,65.13,286,286.0,141.26,134.04,147.89,13.86,141.26,1,0.9889,High Churn Risk,0,0,Standard Tier,Normal Alignment
13685,United Kingdom,UK,Champions,3. High Spend (>GBP 2k),3119.44,7,445.63,3,61.0,3096.23,2994.58,3176.2,181.62,3096.23,0,0.0204,Low Risk,1,1,Maintained VIP,Normal Alignment
13686,United Kingdom,UK,Hibernating / Lost,1. Low Spend (<GBP 500),72.0,1,72.0,183,183.0,202.1,191.99,211.38,19.39,202.1,1,0.9847,High Churn Risk,0,0,Standard Tier,Normal Alignment
13689,United Kingdom,UK,Promising,2. Mid Spend (GBP 500-2k),910.0,1,910.0,63,64.0,402.25,383.53,418.3,34.77,402.25,0,0.0501,Low Risk,0,0,Standard Tier,Normal Alignment
13690,United Kingdom,UK,Promising,1. Low Spend (<GBP 500),172.25,1,172.25,59,60.0,416.11,396.4,432.7,36.3,416.11,0,0.0076,Low Risk,0,0,Standard Tier,Normal Alignment
13692,United Kingdom,UK,Loyal Customers,2. Mid Spend (GBP 500-2k),1488.32,3,496.11,25,237.0,557.68,546.7,567.2,20.51,557.68,0,0.2223,Low Risk,0,0,Standard Tier,Normal Alignment
13694,United Kingdom,UK,Champions,3. High Spend (>GBP 2k),65039.62,50,1300.79,4,374.0,25781.09,25497.73,26030.17,532.44,25781.09,0,0.0402,Low Risk,1,1,Maintained VIP,Normal Alignment
13695,United Kingdom,UK,Champions,3. High Spend (>GBP 2k),2504.13,15,166.94,31,260.0,1540.46,1509.88,1567.29,57.41,1540.46,0,0.0397,Low Risk,1,1,Maintained VIP,Normal Alignment
13697,United Kingdom,UK,Promising,1. Low Spend (<GBP 500),151.3,1,151.3,39,39.0,507.94,483.92,528.05,44.12,507.94,0,0.0058,Low Risk,0,0,Standard Tier,Normal Alignment
13699,United Kingdom,UK,About to Sleep,1. Low Spend (<GBP 500),308.58,1,308.58,155,156.0,227.82,216.57,238.1,21.53,227.82,1,0.9642,High Churn Risk,0,0,Standard Tier,Normal Alignment
13700,United Kingdom,UK,Champions,3. High Spend (>GBP 2k),2248.63,10,224.86,26,328.0,1101.9,1089.19,1113.43,24.24,1101.9,0,0.0407,Low Risk,1,1,Maintained VIP,Normal Alignment
13703,United Kingdom,UK,Hibernating / Lost,1. Low Spend (<GBP 500),99.5,1,99.5,318,319.0,128.83,122.23,134.85,12.62,128.83,1,0.9876,High Churn Risk,0,0,Standard Tier,Normal Alignment
13704,United Kingdom,UK,Champions,3. High Spend (>GBP 2k),2308.06,9,256.45,5,89.0,3061.61,2982.0,3130.78,148.78,3061.61,0,0.0148,Low Risk,1,1,Maintained VIP,Normal Alignment
13705,United Kingdom,UK,Loyal Customers,2. Mid Spend (GBP 500-2k),711.86,3,237.29,8,374.0,298.68,287.59,309.43,21.85,298.68,0,0.4893,Moderate Risk,0,0,Standard Tier,Normal Alignment
13706,United Kingdom,UK,Hibernating / Lost,1. Low Spend (<GBP 500),330.79,1,330.79,303,303.0,134.57,127.68,140.87,13.19,134.57,1,0.9917,High Churn Risk,0,0,Standard Tier,Normal Alignment
13707,United Kingdom,UK,Hibernating / Lost,2. Mid Spend (GBP 500-2k),806.41,2,403.2,267,316.0,254.3,245.97,262.8,16.84,254.3,1,0.5051,Elevated Risk,0,0,Standard Tier,Normal Alignment
13708,United Kingdom,UK,Hibernating / Lost,1. Low Spend (<GBP 500),285.33,1,285.33,271,272.0,147.28,139.76,154.22,14.46,147.28,1,0.9804,High Churn Risk,0,0,Standard Tier,Normal Alignment
13709,United Kingdom,UK,Champions,3. High Spend (>GBP 2k),6307.65,13,485.2,4,316.0,2782.56,2725.68,2827.07,101.39,2782.56,0,0.034,Low Risk,1,1,Maintained VIP,Normal Alignment
13710,United Kingdom,UK,New Customers,1. Low Spend (<GBP 500),180.48,1,180.48,32,32.0,548.28,522.17,571.32,49.15,548.28,0,0.0044,Low Risk,0,0,Standard Tier,Normal Alignment
13711,United Kingdom,UK,Hibernating / Lost,1. Low Spend (<GBP 500),252.06,2,126.03,219,219.0,175.65,166.9,183.86,16.95,175.65,1,0.6376,Elevated Risk,0,0,Standard Tier,Normal Alignment
13712,United Kingdom,UK,Hibernating / Lost,1. Low Spend (<GBP 500),228.84,1,228.84,247,247.0,159.43,151.33,166.95,15.62,159.43,1,0.9777,High Churn Risk,0,0,Standard Tier,Normal Alignment
13715,United Kingdom,UK,At Risk,2. Mid Spend (GBP 500-2k),1077.39,5,215.48,281,373.0,459.54,449.85,468.95,19.1,459.54,1,0.2041,Low Risk,0,0,Standard Tier,Normal Alignment
13716,United Kingdom,UK,Hibernating / Lost,1. Low Spend (<GBP 500),138.28,1,138.28,269,270.0,148.19,140.62,155.17,14.55,148.19,1,0.9947,High Churn Risk,0,0,Standard Tier,Normal Alignment
13717,United Kingdom,UK,Champions,2. Mid Spend (GBP 500-2k),1445.01,6,240.84,32,299.0,733.49,717.88,749.44,31.56,733.49,0,0.0872,Low Risk,0,0,Standard Tier,Normal Alignment
13718,United Kingdom,UK,Hibernating / Lost,1. Low Spend (<GBP 500),306.55,2,153.28,246,296.0,257.08,247.31,266.79,19.48,257.08,1,0.6052,Elevated Risk,0,0,Standard Tier,Normal Alignment
13719,United Kingdom,UK,Champions,2. Mid Spend (GBP 500-2k),1041.68,5,208.34,15,235.0,751.02,732.37,769.49,37.12,751.02,0,0.0994,Low Risk,0,0,Standard Tier,Normal Alignment
13720,United Kingdom,UK,At Risk,2. Mid Spend (GBP 500-2k),799.9,4,199.98,117,255.0,500.06,482.05,517.93,35.88,500.06,1,0.2023,Low Risk,0,0,Standard Tier,Normal Alignment
13721,United Kingdom,UK,Promising,2. Mid Spend (GBP 500-2k),524.14,1,524.14,36,37.0,518.85,494.27,539.52,45.25,518.85,0,0.0058,Low Risk,0,0,Standard Tier,Normal Alignment
13722,United Kingdom,UK,At Risk,3. High Spend (>GBP 2k),2375.41,3,791.8,132,283.0,552.66,525.04,578.78,53.74,552.66,1,0.4149,Moderate Risk,0,0,Standard Tier,Normal Alignment
13723,United Kingdom,UK,Hibernating / Lost,1. Low Spend (<GBP 500),199.85,1,199.85,217,218.0,176.29,167.52,184.53,17.01,176.29,1,0.9843,High Churn Risk,0,0,Standard Tier,Normal Alignment
13725,United Kingdom,UK,Loyal Customers,2. Mid Spend (GBP 500-2k),1980.56,8,247.57,50,309.0,677.31,655.97,700.91,44.94,677.31,0,0.0817,Low Risk,0,0,Standard Tier,Normal Alignment
13726,United Kingdom,UK,Need Attention,2. Mid Spend (GBP 500-2k),1079.66,2,539.83,39,101.0,1085.6,1033.24,1134.04,100.8,1085.6,0,0.1022,Low Risk,1,0,Demoted from VIP,Normal Alignment
13727,United Kingdom,UK,Potential Loyalists,1. Low Spend (<GBP 500),333.48,2,166.74,29,34.0,881.54,823.39,931.82,108.43,881.54,0,0.0054,Low Risk,0,0,Standard Tier,Normal Alignment
13728,United Kingdom,UK,Loyal Customers,2. Mid Spend (GBP 500-2k),1016.14,6,169.36,37,311.0,583.28,565.3,602.51,37.2,583.28,0,0.1398,Low Risk,0,0,Standard Tier,Normal Alignment
13730,United Kingdom,UK,About to Sleep,2. Mid Spend (GBP 500-2k),752.6,2,376.3,136,162.0,571.42,556.63,583.03,26.4,571.42,1,0.3312,Moderate Risk,0,0,Standard Tier,Normal Alignment
13731,United Kingdom,UK,Hibernating / Lost,2. Mid Spend (GBP 500-2k),610.59,2,305.3,219,247.0,347.49,338.02,355.44,17.43,347.49,1,0.5285,Elevated Risk,0,0,Standard Tier,Normal Alignment
13732,United Kingdom,UK,New Customers,1. Low Spend (<GBP 500),491.86,1,491.86,28,29.0,567.59,540.21,590.85,50.64,567.59,0,0.0059,Low Risk,0,0,Standard Tier,Normal Alignment
13735,United Kingdom,UK,Champions,3. High Spend (>GBP 2k),2883.54,4,720.88,25,235.0,1280.5,1246.71,1307.69,60.98,1280.5,0,0.0913,Low Risk,1,1,Maintained VIP,Normal Alignment
13736,United Kingdom,UK,Potential Loyalists,2. Mid Spend (GBP 500-2k),729.8,2,364.9,5,261.0,361.8,353.14,368.66,15.52,361.8,0,0.4343,Moderate Risk,0,0,Standard Tier,Normal Alignment
13737,United Kingdom,UK,Hibernating / Lost,1. Low Spend (<GBP 500),339.6,1,339.6,200,201.0,187.95,178.6,196.66,18.06,187.95,1,0.9915,High Churn Risk,0,0,Standard Tier,Normal Alignment
13739,United Kingdom,UK,New Customers,1. Low Spend (<GBP 500),216.9,1,216.9,18,19.0,643.12,610.48,670.52,60.04,643.12,0,0.0035,Low Risk,0,0,Standard Tier,Normal Alignment
13740,United Kingdom,UK,Hibernating / Lost,1. Low Spend (<GBP 500),350.75,1,350.75,241,241.0,162.65,154.42,170.3,15.89,162.65,1,0.9739,High Churn Risk,0,0,Standard Tier,Normal Alignment
13741,United Kingdom,UK,Loyal Customers,2. Mid Spend (GBP 500-2k),668.43,3,222.81,72,218.0,528.6,513.96,542.05,28.08,528.6,0,0.2474,Low Risk,0,0,Standard Tier,Normal Alignment
13742,United Kingdom,UK,Champions,3. High Spend (>GBP 2k),3107.87,12,258.99,17,321.0,1380.34,1362.64,1395.84,33.2,1380.34,0,0.0384,Low Risk,1,1,Maintained VIP,Normal Alignment
13743,United Kingdom,UK,Champions,2. Mid Spend (GBP 500-2k),1341.6,7,191.66,3,260.0,860.96,839.85,881.79,41.94,860.96,0,0.0897,Low Risk,0,0,Standard Tier,Normal Alignment
13744,United Kingdom,UK,About to Sleep,2. Mid Spend (GBP 500-2k),1080.52,2,540.26,95,293.0,286.56,277.91,294.8,16.9,286.56,1,0.5283,Elevated Risk,0,0,Standard Tier,Normal Alignment
13745,United Kingdom,UK,About to Sleep,1. Low Spend (<GBP 500),300.04,1,300.04,162,163.0,220.54,209.65,230.54,20.9,220.54,1,0.9427,High Churn Risk,0,0,Standard Tier,Normal Alignment
13747,United Kingdom,UK,Hibernating / Lost,1. Low Spend (<GBP 500),79.6,1,79.6,374,374.0,112.36,106.58,117.6,11.02,112.36,1,0.9876,High Churn Risk,0,0,Standard Tier,Normal Alignment
13748,United Kingdom,UK,At Risk,2. Mid Spend (GBP 500-2k),948.25,5,189.65,96,374.0,436.88,426.75,447.28,20.53,436.88,1,0.2733,Moderate Risk,0,0,Standard Tier,Normal Alignment
13750,United Kingdom,UK,Loyal Customers,2. Mid Spend (GBP 500-2k),1647.26,5,329.45,54,337.0,721.63,711.83,729.42,17.59,721.63,0,0.1886,Low Risk,0,0,Standard Tier,Normal Alignment
13751,United Kingdom,UK,Hibernating / Lost,1. Low Spend (<GBP 500),296.25,1,296.25,288,289.0,140.03,132.87,146.61,13.74,140.03,1,0.9935,High Churn Risk,0,0,Standard Tier,Normal Alignment
13752,United Kingdom,UK,Cannot Lose Them,2. Mid Spend (GBP 500-2k),1175.38,6,195.9,124,247.0,727.66,706.52,749.95,43.43,727.66,1,0.0744,Low Risk,0,0,Standard Tier,Normal Alignment
13753,United Kingdom,UK,Hibernating / Lost,2. Mid Spend (GBP 500-2k),741.26,1,741.26,288,288.0,140.44,133.26,147.03,13.78,140.44,1,0.9485,High Churn Risk,0,0,Standard Tier,Normal Alignment
13754,United Kingdom,UK,About to Sleep,1. Low Spend (<GBP 500),282.6,2,141.3,152,318.0,218.24,207.22,229.0,21.79,218.24,1,0.5931,Elevated Risk,0,0,Standard Tier,Normal Alignment
13755,United Kingdom,UK,Champions,3. High Spend (>GBP 2k),2108.06,9,234.23,4,64.0,2891.75,2784.55,2972.94,188.4,2891.75,0,0.0132,Low Risk,1,1,Maintained VIP,Normal Alignment
13756,United Kingdom,UK,Champions,3. High Spend (>GBP 2k),5189.52,14,370.68,2,368.0,2021.36,2002.83,2034.9,32.08,2021.36,0,0.0306,Low Risk,1,1,Maintained VIP,Normal Alignment
13758,United Kingdom,UK,Champions,3. High Spend (>GBP 2k),3190.55,7,455.79,12,374.0,1246.25,1232.29,1255.92,23.62,1246.25,0,0.085,Low Risk,1,1,Maintained VIP,Normal Alignment
13759,United Kingdom,UK,Potential Loyalists,2. Mid Spend (GBP 500-2k),659.41,2,329.71,33,72.0,608.16,569.96,641.39,71.43,608.16,0,0.009,Low Risk,0,0,Standard Tier,Normal Alignment
13760,United Kingdom,UK,Need Attention,1. Low Spend (<GBP 500),286.79,2,143.4,54,257.0,271.55,258.87,283.66,24.79,271.55,0,0.4967,Moderate Risk,0,0,Standard Tier,Normal Alignment
13761,United Kingdom,UK,Need Attention,2. Mid Spend (GBP 500-2k),1070.65,2,535.33,50,180.0,603.77,584.76,620.43,35.68,603.77,0,0.3224,Moderate Risk,0,0,Standard Tier,Normal Alignment
13762,United Kingdom,UK,Hibernating / Lost,1. Low Spend (<GBP 500),306.72,1,306.72,219,219.0,175.65,166.9,183.86,16.95,175.65,1,0.9866,High Churn Risk,0,0,Standard Tier,Normal Alignment
13763,United Kingdom,UK,Promising,2. Mid Spend (GBP 500-2k),1714.96,1,1714.96,63,64.0,402.25,383.53,418.3,34.77,402.25,0,0.0329,Low Risk,0,0,Standard Tier,Normal Alignment
13764,United Kingdom,UK,Loyal Customers,2. Mid Spend (GBP 500-2k),1519.42,3,506.47,71,338.0,559.53,548.41,569.0,20.59,559.53,0,0.3772,Moderate Risk,0,0,Standard Tier,Normal Alignment
13767,United Kingdom,UK,Champions,3. High Spend (>GBP 2k),17220.36,37,465.42,2,374.0,6840.66,6771.31,6892.16,120.85,6840.66,0,0.0436,Low Risk,1,1,Maintained VIP,Normal Alignment
13769,United Kingdom,UK,Champions,3. High Spend (>GBP 2k),2796.51,10,279.65,2,368.0,1146.6,1135.22,1156.68,21.45,1146.6,0,0.0401,Low Risk,1,1,Maintained VIP,Normal Alignment
13771,United Kingdom,UK,Loyal Customers,3. High Spend (>GBP 2k),2634.45,4,658.61,64,248.0,1084.63,1039.23,1121.66,82.43,1084.63,0,0.0941,Low Risk,1,0,Demoted from VIP,Normal Alignment
13772,United Kingdom,UK,Loyal Customers,2. Mid Spend (GBP 500-2k),1122.63,3,374.21,34,240.0,682.44,670.05,691.66,21.61,682.44,0,0.2011,Low Risk,0,0,Standard Tier,Normal Alignment
13774,United Kingdom,UK,About to Sleep,1. Low Spend (<GBP 500),345.0,1,345.0,82,82.0,349.84,332.77,364.07,31.3,349.84,0,0.0315,Low Risk,0,0,Standard Tier,Normal Alignment
13777,United Kingdom,UK,Champions,3. High Spend (>GBP 2k),25977.16,33,787.19,1,374.0,7870.56,7781.23,7946.7,165.47,7870.56,0,0.0502,Low Risk,1,1,Maintained VIP,Normal Alignment
13778,United Kingdom,UK,About to Sleep,1. Low Spend (<GBP 500),178.7,1,178.7,103,104.0,301.79,287.16,314.73,27.56,301.79,1,0.9645,High Churn Risk,0,0,Standard Tier,Normal Alignment
13780,United Kingdom,UK,Potential Loyalists,1. Low Spend (<GBP 500),360.01,2,180.01,7,171.0,428.92,414.87,441.84,26.97,428.92,0,0.3319,Moderate Risk,0,0,Standard Tier,Normal Alignment
13781,United Kingdom,UK,Hibernating / Lost,1. Low Spend (<GBP 500),127.84,1,127.84,251,251.0,157.35,149.34,164.78,15.44,157.35,1,0.9895,High Churn Risk,0,0,Standard Tier,Normal Alignment
13782,United Kingdom,UK,Champions,2. Mid Spend (GBP 500-2k),908.86,6,151.48,13,328.0,498.83,480.61,519.61,39.0,498.83,0,0.1501,Low Risk,0,0,Standard Tier,Normal Alignment
13784,United Kingdom,UK,Champions,3. High Spend (>GBP 2k),2462.79,11,223.89,10,333.0,1208.83,1190.43,1225.85,35.41,1208.83,0,0.0591,Low Risk,1,1,Maintained VIP,Normal Alignment
13786,United Kingdom,UK,Hibernating / Lost,1. Low Spend (<GBP 500),230.4,1,230.4,367,368.0,113.95,108.09,119.25,11.17,113.95,1,0.9953,High Churn Risk,0,0,Standard Tier,Normal Alignment
13787,United Kingdom,UK,About to Sleep,1. Low Spend (<GBP 500),309.04,2,154.52,76,365.0,218.2,210.23,226.11,15.88,218.2,0,0.5759,Elevated Risk,0,0,Standard Tier,Normal Alignment
13790,United Kingdom,UK,New Customers,1. Low Spend (<GBP 500),348.8,1,348.8,4,5.0,790.36,745.05,827.75,82.7,790.36,0,0.006,Low Risk,0,0,Standard Tier,Normal Alignment
13791,United Kingdom,UK,About to Sleep,2. Mid Spend (GBP 500-2k),1516.0,2,758.0,128,169.0,633.3,613.14,650.5,37.36,633.3,1,0.3574,Moderate Risk,0,0,Standard Tier,Normal Alignment
13792,United Kingdom,UK,Need Attention,1. Low Spend (<GBP 500),195.55,2,97.78,66,288.0,235.05,222.74,246.9,24.16,235.05,0,0.6328,Elevated Risk,0,0,Standard Tier,Normal Alignment
13798,United Kingdom,UK,Champions,3. High Spend (>GBP 2k),37153.85,57,651.82,1,373.0,14943.62,14791.74,15063.92,272.19,14943.62,0,0.0353,Low Risk,1,1,Maintained VIP,Normal Alignment
13799,United Kingdom,UK,About to Sleep,2. Mid Spend (GBP 500-2k),688.86,2,344.43,117,295.0,317.13,309.16,323.53,14.37,317.13,1,0.5574,Elevated Risk,0,0,Standard Tier,Normal Alignment
13800,United Kingdom,UK,Hibernating / Lost,2. Mid Spend (GBP 500-2k),558.32,1,558.32,310,310.0,132.0,125.24,138.17,12.93,132.0,1,0.9802,High Churn Risk,0,0,Standard Tier,Normal Alignment
13801,United Kingdom,UK,Promising,1. Low Spend (<GBP 500),324.8,1,324.8,67,67.0,392.46,374.07,408.21,34.14,392.46,0,0.0173,Low Risk,0,0,Standard Tier,Normal Alignment
13802,United Kingdom,UK,At Risk,3. High Spend (>GBP 2k),4599.42,3,1533.14,139,312.0,1642.04,1546.86,1724.16,177.31,1642.04,1,0.431,Moderate Risk,1,1,Maintained VIP,Normal Alignment
13803,United Kingdom,UK,Hibernating / Lost,1. Low Spend (<GBP 500),277.07,1,277.07,255,256.0,154.83,146.94,162.15,15.21,154.83,1,0.9954,High Churn Risk,0,0,Standard Tier,Normal Alignment
13804,United Kingdom,UK,Champions,3. High Spend (>GBP 2k),2588.39,7,369.77,31,290.0,1084.66,1072.25,1094.73,22.48,1084.66,0,0.0412,Low Risk,1,0,Demoted from VIP,Normal Alignment
13805,United Kingdom,UK,Need Attention,2. Mid Spend (GBP 500-2k),924.6,2,462.3,52,130.0,654.09,637.13,666.76,29.63,654.09,0,0.1903,Low Risk,0,0,Standard Tier,Normal Alignment
13806,United Kingdom,UK,Promising,1. Low Spend (<GBP 500),256.38,1,256.38,64,64.0,402.25,383.53,418.3,34.77,402.25,0,0.0141,Low Risk,0,0,Standard Tier,Normal Alignment
13807,United Kingdom,UK,Hibernating / Lost,1. Low Spend (<GBP 500),112.6,1,112.6,367,368.0,113.95,108.09,119.25,11.17,113.95,1,0.989,High Churn Risk,0,0,Standard Tier,Normal Alignment
13808,United Kingdom,UK,Champions,2. Mid Spend (GBP 500-2k),1747.66,5,349.53,6,97.0,1700.68,1654.7,1737.12,82.42,1700.68,0,0.0358,Low Risk,1,1,Maintained VIP,Normal Alignment
13809,Cyprus,International,Hibernating / Lost,1. Low Spend (<GBP 500),155.05,1,155.05,305,306.0,133.46,126.62,139.7,13.08,133.46,1,0.9886,High Churn Risk,0,0,Standard Tier,Normal Alignment
13810,Germany,International,Loyal Customers,2. Mid Spend (GBP 500-2k),1499.01,3,499.67,29,57.0,863.78,828.39,890.4,62.01,1042.53,0,0.0128,Low Risk,0,0,Standard Tier,Normal Alignment
13811,Germany,International,At Risk,2. Mid Spend (GBP 500-2k),814.5,3,271.5,184,240.0,514.31,502.03,525.55,23.52,514.31,1,0.3566,Moderate Risk,0,0,Standard Tier,Normal Alignment
13812,Germany,International,Loyal Customers,2. Mid Spend (GBP 500-2k),539.0,3,179.67,42,106.0,671.25,635.11,706.87,71.76,671.25,0,0.0882,Low Risk,0,0,Standard Tier,Normal Alignment
13813,Germany,International,Loyal Customers,2. Mid Spend (GBP 500-2k),1366.86,4,341.72,40,135.0,1173.88,1150.06,1193.6,43.54,1240.38,0,0.0525,Low Risk,1,1,Maintained VIP,Normal Alignment
13814,Germany,International,About to Sleep,2. Mid Spend (GBP 500-2k),1579.12,2,789.56,92,138.0,999.84,943.11,1049.13,106.02,1416.33,1,0.2504,Moderate Risk,0,1,Promoted to VIP,Normal Alignment
13815,Germany,International,Champions,3. High Spend (>GBP 2k),4027.36,4,1006.84,22,319.0,1430.5,1378.13,1472.89,94.75,2206.33,0,0.1089,Low Risk,1,1,Maintained VIP,Normal Alignment
13816,Germany,International,Potential Loyalists,2. Mid Spend (GBP 500-2k),571.67,2,285.84,24,65.0,755.57,720.53,783.44,62.92,755.57,0,0.0074,Low Risk,0,0,Standard Tier,Normal Alignment
13817,Germany,International,Potential Loyalists,1. Low Spend (<GBP 500),382.98,2,191.49,29,352.0,242.19,234.82,249.64,14.82,242.19,0,0.5826,Elevated Risk,0,0,Standard Tier,Normal Alignment
13819,United Kingdom,UK,At Risk,2. Mid Spend (GBP 500-2k),1140.35,3,380.12,302,320.0,473.88,466.45,479.96,13.51,473.88,1,0.5059,Elevated Risk,0,0,Standard Tier,Normal Alignment
13821,United Kingdom,UK,About to Sleep,1. Low Spend (<GBP 500),385.64,2,192.82,145,262.0,251.95,238.29,264.92,26.63,251.95,1,0.5872,Elevated Risk,0,0,Standard Tier,Normal Alignment
13822,United Kingdom,UK,Potential Loyalists,2. Mid Spend (GBP 500-2k),632.0,2,316.0,6,41.0,891.81,843.57,930.49,86.91,891.81,0,0.0095,Low Risk,0,0,Standard Tier,Normal Alignment
13823,United Kingdom,UK,Potential Loyalists,2. Mid Spend (GBP 500-2k),957.66,2,478.83,19,92.0,715.38,692.74,732.2,39.46,715.38,0,0.0174,Low Risk,0,0,Standard Tier,Normal Alignment
13824,United Kingdom,UK,Champions,2. Mid Spend (GBP 500-2k),1698.94,5,339.79,33,311.0,744.53,733.64,753.61,19.97,744.53,0,0.1672,Low Risk,0,0,Standard Tier,Normal Alignment
13826,United Kingdom,UK,About to Sleep,1. Low Spend (<GBP 500),189.5,1,189.5,176,177.0,207.3,196.98,216.78,19.81,207.3,1,0.9864,High Churn Risk,0,0,Standard Tier,Normal Alignment
13827,United Kingdom,UK,Loyal Customers,1. Low Spend (<GBP 500),409.8,3,136.6,58,144.0,570.86,543.04,598.07,55.03,570.86,0,0.1624,Low Risk,0,0,Standard Tier,Normal Alignment
13828,United Kingdom,UK,New Customers,1. Low Spend (<GBP 500),209.49,1,209.49,22,23.0,610.62,580.37,636.23,55.86,610.62,0,0.003,Low Risk,0,0,Standard Tier,Normal Alignment
13831,United Kingdom,UK,Champions,3. High Spend (>GBP 2k),2198.45,6,366.41,16,370.0,853.11,843.65,859.74,16.09,853.11,0,0.1074,Low Risk,0,0,Standard Tier,Normal Alignment
13832,United Kingdom,UK,New Customers,1. Low Spend (<GBP 500),52.2,1,52.2,19,20.0,634.68,602.69,661.61,58.92,634.68,0,0.0059,Low Risk,0,0,Standard Tier,Normal Alignment
13833,United Kingdom,UK,About to Sleep,1. Low Spend (<GBP 500),383.85,1,383.85,159,160.0,223.6,212.56,233.72,21.16,223.6,1,0.9649,High Churn Risk,0,0,Standard Tier,Normal Alignment
13835,United Kingdom,UK,Champions,2. Mid Spend (GBP 500-2k),834.57,4,208.64,25,216.0,556.16,534.56,577.76,43.21,556.16,0,0.1499,Low Risk,0,0,Standard Tier,Normal Alignment
13837,United Kingdom,UK,Hibernating / Lost,1. Low Spend (<GBP 500),266.59,2,133.3,212,318.0,229.38,219.28,239.37,20.1,229.38,1,0.5842,Elevated Risk,0,0,Standard Tier,Normal Alignment
13838,United Kingdom,UK,Champions,2. Mid Spend (GBP 500-2k),674.82,4,168.7,6,370.0,318.9,309.03,328.66,19.63,318.9,0,0.3294,Moderate Risk,0,0,Standard Tier,Normal Alignment
13841,United Kingdom,UK,Hibernating / Lost,1. Low Spend (<GBP 500),85.0,1,85.0,253,253.0,156.34,148.37,163.72,15.35,156.34,1,0.9932,High Churn Risk,0,0,Standard Tier,Normal Alignment
13842,United Kingdom,UK,Loyal Customers,3. High Spend (>GBP 2k),3385.62,9,376.18,59,367.0,1383.1,1370.58,1392.85,22.27,1383.1,0,0.035,Low Risk,1,1,Maintained VIP,Normal Alignment
13844,United Kingdom,UK,New Customers,1. Low Spend (<GBP 500),361.62,1,361.62,11,12.0,709.18,671.24,740.15,68.92,709.18,0,0.0034,Low Risk,0,0,Standard Tier,Normal Alignment
13845,United Kingdom,UK,Promising,1. Low Spend (<GBP 500),312.98,1,312.98,65,65.0,398.93,380.34,414.88,34.54,398.93,0,0.0124,Low Risk,0,0,Standard Tier,Normal Alignment
13846,United Kingdom,UK,Loyal Customers,2. Mid Spend (GBP 500-2k),865.06,3,288.35,25,361.0,329.13,319.37,338.93,19.56,329.13,0,0.3865,Moderate Risk,0,0,Standard Tier,Normal Alignment
13848,United Kingdom,UK,At Risk,2. Mid Spend (GBP 500-2k),1255.0,3,418.33,92,367.0,491.8,483.49,499.26,15.77,491.8,1,0.5204,Elevated Risk,0,0,Standard Tier,Normal Alignment
13849,United Kingdom,UK,Need Attention,2. Mid Spend (GBP 500-2k),1537.95,2,768.97,52,171.0,844.38,798.81,884.92,86.11,844.38,0,0.2699,Moderate Risk,0,0,Standard Tier,Normal Alignment
13850,United Kingdom,UK,About to Sleep,2. Mid Spend (GBP 500-2k),1595.48,1,1595.48,129,130.0,259.63,246.86,271.11,24.25,259.63,1,0.8739,High Churn Risk,0,0,Standard Tier,Normal Alignment
13851,United Kingdom,UK,At Risk,3. High Spend (>GBP 2k),2651.46,3,883.82,96,289.0,1229.54,1168.61,1281.33,112.72,1229.54,1,0.3928,Moderate Risk,1,1,Maintained VIP,Normal Alignment
13853,United Kingdom,UK,Promising,2. Mid Spend (GBP 500-2k),1090.14,1,1090.14,57,58.0,423.4,403.07,440.41,37.34,423.4,0,0.031,Low Risk,0,0,Standard Tier,Normal Alignment
13854,United Kingdom,UK,Champions,3. High Spend (>GBP 2k),8109.52,25,324.38,9,366.0,3344.23,3313.18,3369.48,56.3,3344.23,0,0.0322,Low Risk,1,1,Maintained VIP,Normal Alignment
13856,United Kingdom,UK,At Risk,1. Low Spend (<GBP 500),388.5,3,129.5,169,204.0,437.52,416.1,457.86,41.76,437.52,1,0.3498,Moderate Risk,0,0,Standard Tier,Normal Alignment
13858,United Kingdom,UK,Promising,1. Low Spend (<GBP 500),216.17,1,216.17,57,58.0,423.4,403.07,440.41,37.34,423.4,0,0.0092,Low Risk,0,0,Standard Tier,Normal Alignment
13859,United Kingdom,UK,Hibernating / Lost,1. Low Spend (<GBP 500),201.16,1,201.16,326,327.0,126.14,119.67,132.02,12.35,126.14,1,0.9954,High Churn Risk,0,0,Standard Tier,Normal Alignment
13860,United Kingdom,UK,Champions,2. Mid Spend (GBP 500-2k),1245.9,5,249.18,1,87.0,1415.5,1376.96,1449.17,72.21,1415.5,0,0.0134,Low Risk,1,1,Maintained VIP,Normal Alignment
13862,United Kingdom,UK,Champions,3. High Spend (>GBP 2k),2209.36,8,276.17,18,333.0,951.24,936.44,964.73,28.29,951.24,0,0.046,Low Risk,0,0,Standard Tier,Normal Alignment
13863,United Kingdom,UK,Hibernating / Lost,1. Low Spend (<GBP 500),305.78,1,305.78,248,248.0,158.91,150.83,166.4,15.57,158.91,1,0.9928,High Churn Risk,0,0,Standard Tier,Normal Alignment
13865,United Kingdom,UK,Loyal Customers,2. Mid Spend (GBP 500-2k),501.56,4,125.39,58,290.0,380.55,361.33,401.17,39.84,380.55,0,0.3467,Moderate Risk,0,0,Standard Tier,Normal Alignment
13866,United Kingdom,UK,About to Sleep,1. Low Spend (<GBP 500),145.67,1,145.67,74,75.0,368.52,350.61,383.33,32.71,368.52,0,0.0216,Low Risk,0,0,Standard Tier,Normal Alignment
13867,United Kingdom,UK,Loyal Customers,2. Mid Spend (GBP 500-2k),1005.09,3,335.03,31,219.0,719.57,706.39,728.99,22.59,719.57,0,0.2097,Low Risk,0,0,Standard Tier,Normal Alignment
13868,United Kingdom,UK,Potential Loyalists,3. High Spend (>GBP 2k),3192.54,2,1596.27,7,39.0,4479.76,4018.46,4890.16,871.7,4479.76,0,0.0209,Low Risk,1,1,Maintained VIP,Normal Alignment
13869,United Kingdom,UK,At Risk,3. High Spend (>GBP 2k),3083.65,4,770.91,123,358.0,1201.13,1159.96,1234.69,74.73,1201.13,1,0.2568,Moderate Risk,1,1,Maintained VIP,Normal Alignment
13870,United Kingdom,UK,Champions,3. High Spend (>GBP 2k),2770.94,8,346.37,2,288.0,1259.49,1243.22,1270.93,27.7,1259.49,0,0.0438,Low Risk,1,1,Maintained VIP,Normal Alignment
13871,United Kingdom,UK,Champions,3. High Spend (>GBP 2k),6403.25,13,492.56,23,309.0,2937.87,2903.36,2966.24,62.88,2937.87,0,0.0334,Low Risk,1,1,Maintained VIP,Normal Alignment
13873,United Kingdom,UK,At Risk,1. Low Spend (<GBP 500),389.6,3,129.87,120,310.0,300.43,284.83,316.33,31.5,300.43,1,0.6019,Elevated Risk,0,0,Standard Tier,Normal Alignment
13874,United Kingdom,UK,Hibernating / Lost,2. Mid Spend (GBP 500-2k),540.45,1,540.45,358,359.0,116.42,110.43,121.83,11.4,116.42,1,0.9813,High Churn Risk,0,0,Standard Tier,Normal Alignment
13875,United Kingdom,UK,Loyal Customers,2. Mid Spend (GBP 500-2k),1786.79,5,357.36,54,302.0,846.82,835.9,854.58,18.68,846.82,0,0.1107,Low Risk,0,0,Standard Tier,Normal Alignment
13876,United Kingdom,UK,Promising,1. Low Spend (<GBP 500),122.7,1,122.7,64,64.0,402.25,383.53,418.3,34.77,402.25,0,0.0216,Low Risk,0,0,Standard Tier,Normal Alignment
13877,United Kingdom,UK,About to Sleep,1. Low Spend (<GBP 500),117.24,1,117.24,86,87.0,337.62,321.1,351.46,30.35,337.62,0,0.0271,Low Risk,0,0,Standard Tier,Normal Alignment
13878,United Kingdom,UK,Promising,2. Mid Spend (GBP 500-2k),1271.57,1,1271.57,55,55.0,434.82,414.0,452.3,38.3,434.82,0,0.0268,Low Risk,0,0,Standard Tier,Normal Alignment
13880,United Kingdom,UK,Champions,3. High Spend (>GBP 2k),3219.77,13,247.67,21,368.0,1405.76,1393.46,1415.73,22.27,1405.76,0,0.0346,Low Risk,1,1,Maintained VIP,Normal Alignment
13881,United Kingdom,UK,Champions,3. High Spend (>GBP 2k),17159.52,20,857.98,4,312.0,7610.32,7489.01,7702.97,213.96,7610.32,0,0.0396,Low Risk,1,1,Maintained VIP,Normal Alignment
13882,United Kingdom,UK,Champions,2. Mid Spend (GBP 500-2k),1191.13,5,238.23,3,65.0,1921.32,1848.9,1977.26,128.36,1921.32,0,0.0119,Low Risk,1,1,Maintained VIP,Normal Alignment
13883,United Kingdom,UK,Champions,3. High Spend (>GBP 2k),2674.48,5,534.9,11,254.0,1031.02,989.01,1065.45,76.44,1031.02,0,0.0672,Low Risk,0,0,Standard Tier,Normal Alignment
13884,United Kingdom,UK,Champions,2. Mid Spend (GBP 500-2k),787.6,5,157.52,7,284.0,509.68,495.09,525.07,29.98,509.68,0,0.1731,Low Risk,0,0,Standard Tier,Normal Alignment
13885,United Kingdom,UK,Hibernating / Lost,2. Mid Spend (GBP 500-2k),506.8,2,253.4,189,201.0,307.61,289.76,323.93,34.17,307.61,1,0.5497,Elevated Risk,0,0,Standard Tier,Normal Alignment
13886,United Kingdom,UK,Promising,1. Low Spend (<GBP 500),243.56,1,243.56,71,72.0,377.14,359.06,392.22,33.16,377.14,0,0.0146,Low Risk,0,0,Standard Tier,Normal Alignment
13887,United Kingdom,UK,Hibernating / Lost,1. Low Spend (<GBP 500),349.55,1,349.55,204,205.0,185.07,175.9,193.66,17.76,185.07,1,0.993,High Churn Risk,0,0,Standard Tier,Normal Alignment
13888,United Kingdom,UK,About to Sleep,2. Mid Spend (GBP 500-2k),595.67,2,297.84,120,219.0,414.01,404.13,421.64,17.51,414.01,1,0.5338,Elevated Risk,0,0,Standard Tier,Normal Alignment
13889,United Kingdom,UK,About to Sleep,1. Low Spend (<GBP 500),416.9,1,416.9,93,93.0,324.04,308.16,337.43,29.27,324.04,1,0.8339,High Churn Risk,0,0,Standard Tier,Normal Alignment
13890,United Kingdom,UK,Champions,2. Mid Spend (GBP 500-2k),1883.81,10,188.38,1,359.0,861.82,845.83,877.81,31.98,861.82,0,0.0638,Low Risk,0,0,Standard Tier,Normal Alignment
13892,United Kingdom,UK,Champions,2. Mid Spend (GBP 500-2k),632.97,4,158.24,27,247.0,535.93,518.03,554.04,36.01,535.93,0,0.2387,Low Risk,0,0,Standard Tier,Normal Alignment
13893,United Kingdom,UK,Hibernating / Lost,2. Mid Spend (GBP 500-2k),821.1,1,821.1,298,298.0,136.47,129.49,142.87,13.38,136.47,1,0.9554,High Churn Risk,0,0,Standard Tier,Normal Alignment
13894,United Kingdom,UK,Loyal Customers,2. Mid Spend (GBP 500-2k),564.62,3,188.21,24,311.0,324.08,316.75,330.16,13.41,324.08,0,0.4736,Moderate Risk,0,0,Standard Tier,Normal Alignment
13895,United Kingdom,UK,Champions,3. High Spend (>GBP 2k),2593.07,4,648.27,28,165.0,1867.88,1809.7,1917.05,107.35,1867.88,0,0.0526,Low Risk,1,1,Maintained VIP,Normal Alignment
13897,United Kingdom,UK,Promising,1. Low Spend (<GBP 500),311.16,1,311.16,50,51.0,451.06,429.56,468.99,39.44,451.06,0,0.0064,Low Risk,0,0,Standard Tier,Normal Alignment
13898,United Kingdom,UK,Hibernating / Lost,1. Low Spend (<GBP 500),155.93,1,155.93,326,326.0,126.47,119.98,132.37,12.38,126.47,1,0.9939,High Churn Risk,0,0,Standard Tier,Normal Alignment
13899,United Kingdom,UK,Potential Loyalists,1. Low Spend (<GBP 500),388.52,2,194.26,16,275.0,231.7,217.85,245.17,27.31,231.7,0,0.648,Elevated Risk,0,0,Standard Tier,Normal Alignment
13900,United Kingdom,UK,At Risk,2. Mid Spend (GBP 500-2k),740.95,3,246.98,183,263.0,397.79,382.35,412.86,30.5,397.79,1,0.3043,Moderate Risk,0,0,Standard Tier,Normal Alignment
13901,United Kingdom,UK,Loyal Customers,3. High Spend (>GBP 2k),2867.2,5,573.44,72,319.0,1315.01,1284.92,1338.46,53.54,1315.01,0,0.0924,Low Risk,1,1,Maintained VIP,Normal Alignment
13904,United Kingdom,UK,Need Attention,1. Low Spend (<GBP 500),332.64,2,166.32,37,295.0,234.42,222.71,245.77,23.06,234.42,0,0.5599,Elevated Risk,0,0,Standard Tier,Normal Alignment
13908,United Kingdom,UK,At Risk,3. High Spend (>GBP 2k),2369.55,4,592.39,80,277.0,1084.58,1057.79,1105.74,47.95,1084.58,0,0.1159,Low Risk,1,0,Demoted from VIP,Normal Alignment
13911,United Kingdom,UK,Loyal Customers,3. High Spend (>GBP 2k),2580.91,9,286.77,57,309.0,1228.69,1212.86,1242.69,29.83,1228.69,0,0.0368,Low Risk,1,1,Maintained VIP,Normal Alignment
13914,United Kingdom,UK,Potential Loyalists,2. Mid Spend (GBP 500-2k),626.45,2,313.23,12,37.0,1135.08,1091.29,1171.37,80.08,1135.08,0,0.0068,Low Risk,1,1,Maintained VIP,Normal Alignment
13917,United Kingdom,UK,Need Attention,1. Low Spend (<GBP 500),272.04,2,136.02,50,192.0,372.5,358.94,385.45,26.51,372.5,0,0.4466,Moderate Risk,0,0,Standard Tier,Normal Alignment
13918,United Kingdom,UK,Need Attention,2. Mid Spend (GBP 500-2k),1212.84,2,606.42,50,254.0,648.93,613.14,681.87,68.72,648.93,0,0.5638,Elevated Risk,0,0,Standard Tier,Normal Alignment
13919,Denmark,International,Need Attention,1. Low Spend (<GBP 500),384.81,2,192.4,59,122.0,492.41,470.67,512.37,41.7,492.41,0,0.1768,Low Risk,0,0,Standard Tier,Normal Alignment
13922,United Kingdom,UK,Hibernating / Lost,1. Low Spend (<GBP 500),172.25,1,172.25,352,352.0,118.42,112.33,123.92,11.59,118.42,1,0.9931,High Churn Risk,0,0,Standard Tier,Normal Alignment
13923,United Kingdom,UK,Promising,1. Low Spend (<GBP 500),351.13,1,351.13,54,54.0,438.77,417.79,456.36,38.58,438.77,0,0.0073,Low Risk,0,0,Standard Tier,Normal Alignment
13924,United Kingdom,UK,Champions,2. Mid Spend (GBP 500-2k),1838.85,6,306.47,2,73.0,2032.95,1957.91,2089.52,131.61,2032.95,0,0.0168,Low Risk,1,1,Maintained VIP,Normal Alignment
13925,United Kingdom,UK,At Risk,2. Mid Spend (GBP 500-2k),678.25,4,169.56,93,135.0,598.56,568.97,627.32,58.36,598.56,1,0.1092,Low Risk,0,0,Standard Tier,Normal Alignment
13926,United Kingdom,UK,New Customers,1. Low Spend (<GBP 500),223.85,1,223.85,23,24.0,603.0,573.05,628.2,55.15,603.0,0,0.0019,Low Risk,0,0,Standard Tier,Normal Alignment
13927,United Kingdom,UK,About to Sleep,1. Low Spend (<GBP 500),348.99,1,348.99,75,75.0,368.52,350.61,383.33,32.71,368.52,0,0.0342,Low Risk,0,0,Standard Tier,Normal Alignment
13928,United Kingdom,UK,Champions,1. Low Spend (<GBP 500),464.57,4,116.14,11,134.0,678.3,641.37,714.95,73.59,678.3,0,0.1492,Low Risk,0,0,Standard Tier,Normal Alignment
13929,United Kingdom,UK,About to Sleep,2. Mid Spend (GBP 500-2k),842.65,2,421.32,169,327.0,319.7,312.08,326.03,13.95,319.7,1,0.6646,Elevated Risk,0,0,Standard Tier,Normal Alignment
13930,United Kingdom,UK,Need Attention,1. Low Spend (<GBP 500),337.34,2,168.67,58,137.0,423.26,399.87,444.28,44.4,423.26,0,0.2504,Moderate Risk,0,0,Standard Tier,Normal Alignment
13931,United Kingdom,UK,About to Sleep,2. Mid Spend (GBP 500-2k),1237.53,2,618.77,96,281.0,534.91,509.31,558.88,49.57,534.91,1,0.5459,Elevated Risk,0,0,Standard Tier,Normal Alignment
13932,United Kingdom,UK,Hibernating / Lost,1. Low Spend (<GBP 500),307.4,1,307.4,295,295.0,137.64,130.59,144.09,13.5,137.64,1,0.9935,High Churn Risk,0,0,Standard Tier,Normal Alignment
13933,United Kingdom,UK,About to Sleep,2. Mid Spend (GBP 500-2k),608.79,2,304.4,109,149.0,516.99,503.26,528.14,24.88,516.99,1,0.3731,Moderate Risk,0,0,Standard Tier,Normal Alignment
13934,United Kingdom,UK,Hibernating / Lost,2. Mid Spend (GBP 500-2k),922.1,1,922.1,264,264.0,150.96,143.26,158.09,14.83,150.96,1,0.9416,High Churn Risk,0,0,Standard Tier,Normal Alignment
13936,United Kingdom,UK,Hibernating / Lost,1. Low Spend (<GBP 500),376.58,1,376.58,180,180.0,204.66,194.45,214.04,19.6,204.66,1,0.9558,High Churn Risk,0,0,Standard Tier,Normal Alignment
13937,United Kingdom,UK,About to Sleep,1. Low Spend (<GBP 500),158.85,1,158.85,169,170.0,213.71,203.14,223.45,20.31,213.71,1,0.9841,High Churn Risk,0,0,Standard Tier,Normal Alignment
13938,United Kingdom,UK,Promising,1. Low Spend (<GBP 500),71.66,1,71.66,35,36.0,524.48,499.6,545.45,45.84,524.48,0,0.0156,Low Risk,0,0,Standard Tier,Normal Alignment
13939,United Kingdom,UK,Loyal Customers,2. Mid Spend (GBP 500-2k),568.55,3,189.52,23,312.0,345.12,331.91,358.02,26.11,345.12,0,0.4494,Moderate Risk,0,0,Standard Tier,Normal Alignment
13940,United Kingdom,UK,Champions,2. Mid Spend (GBP 500-2k),839.14,4,209.78,17,145.0,839.8,812.42,865.65,53.23,839.8,0,0.0844,Low Risk,0,0,Standard Tier,Normal Alignment
13941,United Kingdom,UK,Champions,3. High Spend (>GBP 2k),5112.96,5,1022.59,22,373.0,1650.49,1598.04,1690.75,92.71,1650.49,0,0.1355,Low Risk,1,1,Maintained VIP,Normal Alignment
13946,United Kingdom,UK,At Risk,2. Mid Spend (GBP 500-2k),561.57,3,187.19,79,268.0,377.29,361.31,392.86,31.55,377.29,0,0.3543,Moderate Risk,0,0,Standard Tier,Normal Alignment
13947,United Kingdom,UK,Promising,1. Low Spend (<GBP 500),90.6,1,90.6,65,66.0,395.67,377.2,411.52,34.32,395.67,0,0.0191,Low Risk,0,0,Standard Tier,Normal Alignment
13948,United Kingdom,UK,Hibernating / Lost,1. Low Spend (<GBP 500),102.0,1,102.0,361,361.0,115.86,109.9,121.25,11.35,115.86,1,0.9894,High Churn Risk,0,0,Standard Tier,Normal Alignment
13949,United Kingdom,UK,Champions,3. High Spend (>GBP 2k),2427.32,6,404.55,3,95.0,2510.1,2447.08,2558.84,111.76,2510.1,0,0.0293,Low Risk,1,1,Maintained VIP,Normal Alignment
13950,United Kingdom,UK,Champions,2. Mid Spend (GBP 500-2k),745.06,4,186.26,11,247.0,529.49,511.45,547.66,36.21,529.49,0,0.175,Low Risk,0,0,Standard Tier,Normal Alignment
13951,United Kingdom,UK,At Risk,2. Mid Spend (GBP 500-2k),674.45,3,224.82,176,295.0,394.43,382.87,405.88,23.01,394.43,1,0.4766,Moderate Risk,0,0,Standard Tier,Normal Alignment
13952,United Kingdom,UK,Hibernating / Lost,3. High Spend (>GBP 2k),3251.07,2,1625.54,218,239.0,770.29,723.15,814.56,91.41,770.29,1,0.4221,Moderate Risk,0,0,Standard Tier,Normal Alignment
13953,United Kingdom,UK,Champions,3. High Spend (>GBP 2k),3515.68,7,502.24,7,353.0,1384.51,1367.08,1396.68,29.6,1384.51,0,0.0968,Low Risk,1,1,Maintained VIP,Normal Alignment
13954,United Kingdom,UK,Loyal Customers,1. Low Spend (<GBP 500),439.92,2,219.96,2,71.0,733.19,701.01,758.8,57.79,733.19,0,0.0076,Low Risk,0,0,Standard Tier,Normal Alignment
13955,United Kingdom,UK,At Risk,1. Low Spend (<GBP 500),322.96,2,161.48,154,306.0,222.22,210.52,233.57,23.05,222.22,1,0.6331,Elevated Risk,0,0,Standard Tier,Normal Alignment
13956,United Kingdom,UK,Champions,2. Mid Spend (GBP 500-2k),1019.27,5,203.85,5,272.0,662.73,646.3,679.5,33.2,662.73,0,0.1395,Low Risk,0,0,Standard Tier,Normal Alignment
13959,United Kingdom,UK,At Risk,2. Mid Spend (GBP 500-2k),594.04,3,198.01,79,363.0,301.46,289.77,312.75,22.98,301.46,0,0.405,Moderate Risk,0,0,Standard Tier,Normal Alignment
13960,United Kingdom,UK,Loyal Customers,1. Low Spend (<GBP 500),230.22,2,115.11,21,72.0,611.44,573.6,644.55,70.95,611.44,0,0.0113,Low Risk,0,0,Standard Tier,Normal Alignment
13962,United Kingdom,UK,Loyal Customers,1. Low Spend (<GBP 500),169.55,2,84.78,22,246.0,236.96,220.58,253.46,32.88,236.96,0,0.6214,Elevated Risk,0,0,Standard Tier,Normal Alignment
13963,United Kingdom,UK,At Risk,2. Mid Spend (GBP 500-2k),664.54,4,166.14,308,368.0,359.43,345.13,373.61,28.48,359.43,1,0.4069,Moderate Risk,0,0,Standard Tier,Normal Alignment
13967,United Kingdom,UK,About to Sleep,1. Low Spend (<GBP 500),80.7,1,80.7,146,146.0,239.08,227.29,249.8,22.51,239.08,1,0.9783,High Churn Risk,0,0,Standard Tier,Normal Alignment
13969,United Kingdom,UK,Champions,3. High Spend (>GBP 2k),9024.17,18,501.34,7,366.0,3676.31,3639.91,3706.92,67.01,3676.31,0,0.0333,Low Risk,1,1,Maintained VIP,Normal Alignment
13971,United Kingdom,UK,Champions,3. High Spend (>GBP 2k),2758.26,8,344.78,19,286.0,1388.02,1372.91,1400.24,27.33,1388.02,0,0.0377,Low Risk,1,1,Maintained VIP,Normal Alignment
13972,United Kingdom,UK,Loyal Customers,1. Low Spend (<GBP 500),190.25,2,95.12,71,202.0,273.39,253.71,292.81,39.1,273.39,0,0.5083,Elevated Risk,0,0,Standard Tier,Normal Alignment
13973,United Kingdom,UK,Hibernating / Lost,1. Low Spend (<GBP 500),264.7,1,264.7,287,288.0,140.44,133.26,147.03,13.78,140.44,1,0.9945,High Churn Risk,0,0,Standard Tier,Normal Alignment
13974,United Kingdom,UK,Promising,1. Low Spend (<GBP 500),413.59,1,413.59,49,50.0,455.31,433.62,473.36,39.74,455.31,0,0.0103,Low Risk,0,0,Standard Tier,Normal Alignment
13975,United Kingdom,UK,Champions,3. High Spend (>GBP 2k),2461.24,6,410.21,31,277.0,1072.96,1057.28,1082.91,25.62,1072.96,0,0.0492,Low Risk,0,0,Standard Tier,Normal Alignment
13976,United Kingdom,UK,Hibernating / Lost,1. Low Spend (<GBP 500),357.98,1,357.98,207,207.0,183.66,174.58,192.2,17.62,183.66,1,0.992,High Churn Risk,0,0,Standard Tier,Normal Alignment
13978,United Kingdom,UK,Loyal Customers,1. Low Spend (<GBP 500),196.79,2,98.4,15,46.0,682.25,629.29,731.43,102.14,682.25,0,0.0113,Low Risk,0,0,Standard Tier,Normal Alignment
13979,United Kingdom,UK,About to Sleep,2. Mid Spend (GBP 500-2k),869.87,1,869.87,73,74.0,371.35,353.38,386.24,32.86,371.35,0,0.0514,Low Risk,0,0,Standard Tier,Normal Alignment
13980,United Kingdom,UK,Promising,1. Low Spend (<GBP 500),200.14,1,200.14,60,61.0,412.56,393.24,428.94,35.7,412.56,0,0.0096,Low Risk,0,0,Standard Tier,Normal Alignment
13982,United Kingdom,UK,Loyal Customers,2. Mid Spend (GBP 500-2k),1871.81,4,467.95,39,366.0,699.39,689.31,708.01,18.7,699.39,0,0.2667,Moderate Risk,0,0,Standard Tier,Normal Alignment
13983,United Kingdom,UK,Champions,3. High Spend (>GBP 2k),2603.43,12,216.95,30,367.0,1077.35,1062.8,1091.13,28.33,1077.35,0,0.0377,Low Risk,0,0,Standard Tier,Normal Alignment
13984,United Kingdom,UK,Champions,2. Mid Spend (GBP 500-2k),920.51,5,184.1,27,367.0,463.49,449.77,477.54,27.77,463.49,0,0.2252,Low Risk,0,0,Standard Tier,Normal Alignment
13985,United Kingdom,UK,Champions,3. High Spend (>GBP 2k),7060.13,15,470.68,4,265.0,3745.16,3695.5,3779.71,84.21,3745.16,0,0.0341,Low Risk,1,1,Maintained VIP,Normal Alignment
13986,United Kingdom,UK,New Customers,1. Low Spend (<GBP 500),320.46,1,320.46,17,18.0,651.79,618.48,679.68,61.2,651.79,0,0.0039,Low Risk,0,0,Standard Tier,Normal Alignment
13988,United Kingdom,UK,Champions,3. High Spend (>GBP 2k),4147.96,6,691.33,20,255.0,2057.03,2011.56,2092.89,81.33,2057.03,0,0.041,Low Risk,1,1,Maintained VIP,Normal Alignment
13989,United Kingdom,UK,Loyal Customers,2. Mid Spend (GBP 500-2k),1266.08,2,633.04,66,240.0,386.15,376.9,393.37,16.47,386.15,0,0.5302,Elevated Risk,0,0,Standard Tier,Normal Alignment
13990,United Kingdom,UK,Hibernating / Lost,1. Low Spend (<GBP 500),311.3,1,311.3,213,214.0,178.9,170.03,187.24,17.22,178.9,1,0.9913,High Churn Risk,0,0,Standard Tier,Normal Alignment
13991,United Kingdom,UK,Champions,2. Mid Spend (GBP 500-2k),852.88,6,142.15,12,144.0,949.07,914.77,982.24,67.47,949.07,0,0.0742,Low Risk,0,0,Standard Tier,Normal Alignment
13992,United Kingdom,UK,New Customers,1. Low Spend (<GBP 500),76.8,1,76.8,30,31.0,554.57,528.09,577.48,49.38,554.57,0,0.006,Low Risk,0,0,Standard Tier,Normal Alignment
13993,United Kingdom,UK,Loyal Customers,3. High Spend (>GBP 2k),3466.36,9,385.15,43,331.0,1540.69,1525.33,1552.02,26.69,1540.69,0,0.0421,Low Risk,1,1,Maintained VIP,Normal Alignment
13994,United Kingdom,UK,Champions,3. High Spend (>GBP 2k),2274.14,6,379.02,4,149.0,1924.45,1889.71,1950.73,61.02,1924.45,0,0.0463,Low Risk,1,1,Maintained VIP,Normal Alignment
13995,United Kingdom,UK,Champions,2. Mid Spend (GBP 500-2k),1393.69,5,278.74,15,246.0,814.61,797.88,828.36,30.48,814.61,0,0.0824,Low Risk,0,0,Standard Tier,Normal Alignment
13999,United Kingdom,UK,Champions,3. High Spend (>GBP 2k),3901.81,12,325.15,10,362.0,1628.42,1612.75,1640.83,28.08,1628.42,0,0.0317,Low Risk,1,1,Maintained VIP,Normal Alignment
14000,United Kingdom,UK,Hibernating / Lost,2. Mid Spend (GBP 500-2k),635.66,1,635.66,211,212.0,180.24,171.31,188.63,17.32,180.24,1,0.9357,High Churn Risk,0,0,Standard Tier,Normal Alignment
14001,United Kingdom,UK,Loyal Customers,3. High Spend (>GBP 2k),2043.08,3,681.03,46,374.0,759.73,729.91,785.18,55.27,759.73,0,0.4314,Moderate Risk,0,0,Standard Tier,Normal Alignment
14002,United Kingdom,UK,At Risk,2. Mid Spend (GBP 500-2k),529.73,2,264.86,134,157.0,495.78,482.42,506.46,24.03,495.78,1,0.3403,Moderate Risk,0,0,Standard Tier,Normal Alignment
14004,United Kingdom,UK,Loyal Customers,3. High Spend (>GBP 2k),4582.64,7,654.66,43,289.0,1954.4,1920.32,1978.9,58.59,1954.4,0,0.036,Low Risk,1,1,Maintained VIP,Normal Alignment
14005,United Kingdom,UK,Champions,3. High Spend (>GBP 2k),2874.72,5,574.94,10,216.0,1832.81,1788.51,1867.88,79.36,1832.81,0,0.0532,Low Risk,1,1,Maintained VIP,Normal Alignment
14006,United Kingdom,UK,At Risk,2. Mid Spend (GBP 500-2k),962.19,3,320.73,116,313.0,453.25,444.93,460.34,15.42,453.25,1,0.4748,Moderate Risk,0,0,Standard Tier,Normal Alignment
14009,United Kingdom,UK,At Risk,2. Mid Spend (GBP 500-2k),695.61,2,347.8,198,206.0,408.12,397.36,416.65,19.29,408.12,1,0.4555,Moderate Risk,0,0,Standard Tier,Normal Alignment
14012,United Kingdom,UK,Hibernating / Lost,1. Low Spend (<GBP 500),328.8,1,328.8,278,278.0,144.64,137.25,151.45,14.2,144.64,1,0.9945,High Churn Risk,0,0,Standard Tier,Normal Alignment
14013,United Kingdom,UK,At Risk,1. Low Spend (<GBP 500),473.02,3,157.67,110,276.0,369.44,353.91,384.63,30.73,369.44,1,0.4699,Moderate Risk,0,0,Standard Tier,Normal Alignment
14014,United Kingdom,UK,About to Sleep,2. Mid Spend (GBP 500-2k),505.18,1,505.18,77,78.0,360.27,342.73,374.83,32.1,360.27,0,0.055,Low Risk,0,0,Standard Tier,Normal Alignment
14015,United Kingdom,UK,Promising,2. Mid Spend (GBP 500-2k),917.34,1,917.34,53,53.0,442.79,421.64,460.5,38.86,442.79,0,0.0214,Low Risk,0,0,Standard Tier,Normal Alignment
14016,EIRE,International,At Risk,3. High Spend (>GBP 2k),4341.21,4,1085.3,162,358.0,1507.91,1447.38,1557.15,109.78,2387.61,1,0.2171,Low Risk,1,1,Maintained VIP,Normal Alignment
14019,United Kingdom,UK,Loyal Customers,2. Mid Spend (GBP 500-2k),1421.61,3,473.87,47,139.0,1143.51,1115.04,1164.97,49.94,1143.51,0,0.0705,Low Risk,1,1,Maintained VIP,Normal Alignment
14020,United Kingdom,UK,Loyal Customers,2. Mid Spend (GBP 500-2k),642.8,2,321.4,17,89.0,734.27,711.04,751.5,40.46,734.27,0,0.0133,Low Risk,0,0,Standard Tier,Normal Alignment
14021,United Kingdom,UK,At Risk,2. Mid Spend (GBP 500-2k),631.9,3,210.63,155,257.0,428.73,414.38,442.67,28.29,428.73,1,0.3451,Moderate Risk,0,0,Standard Tier,Normal Alignment
14022,United Kingdom,UK,Hibernating / Lost,1. Low Spend (<GBP 500),440.0,1,440.0,225,226.0,171.3,162.72,179.32,16.6,171.3,1,0.9773,High Churn Risk,0,0,Standard Tier,Normal Alignment
14023,United Kingdom,UK,Loyal Customers,2. Mid Spend (GBP 500-2k),584.07,2,292.03,7,251.0,346.68,337.46,354.25,16.79,346.68,0,0.5496,Elevated Risk,0,0,Standard Tier,Normal Alignment
14024,United Kingdom,UK,At Risk,1. Low Spend (<GBP 500),327.7,2,163.85,122,125.0,405.13,376.26,431.0,54.74,405.13,1,0.2371,Low Risk,0,0,Standard Tier,Normal Alignment
14027,United Kingdom,UK,Promising,1. Low Spend (<GBP 500),104.82,1,104.82,61,61.0,412.56,393.24,428.94,35.7,412.56,0,0.0165,Low Risk,0,0,Standard Tier,Normal Alignment
14029,United Kingdom,UK,Loyal Customers,1. Low Spend (<GBP 500),467.66,2,233.83,63,145.0,523.69,509.62,535.26,25.64,523.69,0,0.2833,Moderate Risk,0,0,Standard Tier,Normal Alignment
14030,United Kingdom,UK,Champions,3. High Spend (>GBP 2k),2358.84,8,294.86,18,367.0,828.04,815.85,838.35,22.51,828.04,0,0.0644,Low Risk,0,0,Standard Tier,Normal Alignment
14031,United Kingdom,UK,Champions,3. High Spend (>GBP 2k),17286.86,19,909.83,7,373.0,6319.3,6231.9,6385.67,153.77,6319.3,0,0.0358,Low Risk,1,1,Maintained VIP,Normal Alignment
14032,United Kingdom,UK,Champions,3. High Spend (>GBP 2k),2975.59,11,270.51,2,367.0,1238.48,1223.13,1251.88,28.75,1238.48,0,0.0394,Low Risk,1,1,Maintained VIP,Normal Alignment
14034,United Kingdom,UK,Loyal Customers,2. Mid Spend (GBP 500-2k),648.89,3,216.3,22,158.0,411.72,394.59,428.34,33.75,411.72,0,0.1632,Low Risk,0,0,Standard Tier,Normal Alignment
14035,United Kingdom,UK,Champions,2. Mid Spend (GBP 500-2k),1428.02,5,285.6,29,298.0,714.2,700.69,725.39,24.7,714.2,0,0.1219,Low Risk,0,0,Standard Tier,Normal Alignment
14036,United Kingdom,UK,Hibernating / Lost,2. Mid Spend (GBP 500-2k),626.65,1,626.65,285,285.0,141.67,134.43,148.33,13.9,141.67,1,0.9688,High Churn Risk,0,0,Standard Tier,Normal Alignment
14037,United Kingdom,UK,At Risk,1. Low Spend (<GBP 500),147.2,2,73.6,176,365.0,164.71,152.74,177.4,24.66,164.71,1,0.6994,Elevated Risk,0,0,Standard Tier,Normal Alignment
14038,United Kingdom,UK,At Risk,2. Mid Spend (GBP 500-2k),1560.38,3,520.13,78,208.0,737.18,723.7,747.32,23.61,737.18,0,0.1257,Low Risk,0,0,Standard Tier,Normal Alignment
14039,United Kingdom,UK,New Customers,1. Low Spend (<GBP 500),152.2,1,152.2,33,34.0,536.11,510.64,558.27,47.63,536.11,0,0.0053,Low Risk,0,0,Standard Tier,Normal Alignment
14040,United Kingdom,UK,Loyal Customers,3. High Spend (>GBP 2k),3560.32,12,296.69,41,332.0,1606.74,1590.21,1619.89,29.68,1606.74,0,0.0371,Low Risk,1,1,Maintained VIP,Normal Alignment
14041,United Kingdom,UK,Hibernating / Lost,1. Low Spend (<GBP 500),141.41,1,141.41,266,267.0,149.56,141.93,156.62,14.69,149.56,1,0.9939,High Churn Risk,0,0,Standard Tier,Normal Alignment
14044,United Kingdom,UK,Champions,2. Mid Spend (GBP 500-2k),646.42,4,161.6,27,310.0,400.74,383.86,417.8,33.94,400.74,0,0.245,Low Risk,0,0,Standard Tier,Normal Alignment
14045,United Kingdom,UK,At Risk,2. Mid Spend (GBP 500-2k),1659.75,4,414.94,109,374.0,620.03,601.57,636.4,34.83,620.03,1,0.495,Moderate Risk,0,0,Standard Tier,Normal Alignment
14046,United Kingdom,UK,Hibernating / Lost,1. Low Spend (<GBP 500),154.99,1,154.99,284,285.0,141.67,134.43,148.33,13.9,141.67,1,0.9732,High Churn Risk,0,0,Standard Tier,Normal Alignment
14047,United Kingdom,UK,Champions,2. Mid Spend (GBP 500-2k),1308.61,5,261.72,9,373.0,550.95,539.97,561.84,21.87,550.95,0,0.2277,Low Risk,0,0,Standard Tier,Normal Alignment
14048,United Kingdom,UK,Hibernating / Lost,1. Low Spend (<GBP 500),409.93,1,409.93,305,306.0,133.46,126.62,139.7,13.08,133.46,1,0.9874,High Churn Risk,0,0,Standard Tier,Normal Alignment
14049,United Kingdom,UK,Champions,3. High Spend (>GBP 2k),5578.72,4,1394.68,17,318.0,2064.39,1971.97,2139.11,167.14,2064.39,0,0.1074,Low Risk,1,1,Maintained VIP,Normal Alignment
14050,United Kingdom,UK,Loyal Customers,2. Mid Spend (GBP 500-2k),746.36,2,373.18,32,107.0,610.93,590.35,626.6,36.26,610.93,0,0.1345,Low Risk,0,0,Standard Tier,Normal Alignment
14051,United Kingdom,UK,Champions,3. High Spend (>GBP 2k),15610.39,23,678.71,1,367.0,6215.67,6146.48,6273.87,127.39,6215.67,0,0.0403,Low Risk,1,1,Maintained VIP,Normal Alignment
14052,United Kingdom,UK,New Customers,1. Low Spend (<GBP 500),225.36,1,225.36,20,20.0,634.68,602.69,661.61,58.92,634.68,0,0.0039,Low Risk,0,0,Standard Tier,Normal Alignment
14053,United Kingdom,UK,At Risk,1. Low Spend (<GBP 500),260.25,2,130.12,124,160.0,364.93,343.49,384.66,41.17,364.93,1,0.3632,Moderate Risk,0,0,Standard Tier,Normal Alignment
14054,United Kingdom,UK,Promising,1. Low Spend (<GBP 500),92.46,1,92.46,65,66.0,395.67,377.2,411.52,34.32,395.67,0,0.0191,Low Risk,0,0,Standard Tier,Normal Alignment
14055,United Kingdom,UK,About to Sleep,2. Mid Spend (GBP 500-2k),725.64,1,725.64,106,107.0,296.24,281.85,308.99,27.14,296.24,1,0.8625,High Churn Risk,0,0,Standard Tier,Normal Alignment
14056,United Kingdom,UK,Champions,3. High Spend (>GBP 2k),8152.71,23,354.47,1,285.0,4016.57,3969.67,4052.0,82.33,4016.57,0,0.0298,Low Risk,1,1,Maintained VIP,Normal Alignment
14057,United Kingdom,UK,Champions,3. High Spend (>GBP 2k),6211.66,17,365.39,24,361.0,2320.53,2299.04,2335.95,36.9,2320.53,0,0.0279,Low Risk,1,1,Maintained VIP,Normal Alignment
14059,United Kingdom,UK,Hibernating / Lost,1. Low Spend (<GBP 500),183.6,1,183.6,267,267.0,149.56,141.93,156.62,14.69,149.56,1,0.9949,High Churn Risk,0,0,Standard Tier,Normal Alignment
14060,United Kingdom,UK,Champions,3. High Spend (>GBP 2k),6140.42,19,323.18,5,373.0,2479.85,2456.45,2497.52,41.07,2479.85,0,0.0316,Low Risk,1,1,Maintained VIP,Normal Alignment
14062,United Kingdom,UK,Champions,3. High Spend (>GBP 2k),10464.85,12,872.07,10,365.0,3939.91,3869.69,3991.6,121.91,3939.91,0,0.0426,Low Risk,1,1,Maintained VIP,Normal Alignment
14064,United Kingdom,UK,Champions,2. Mid Spend (GBP 500-2k),1334.34,5,266.87,29,275.0,774.64,760.62,786.25,25.63,774.64,0,0.1119,Low Risk,0,0,Standard Tier,Normal Alignment
14066,United Kingdom,UK,Hibernating / Lost,1. Low Spend (<GBP 500),152.55,1,152.55,267,267.0,149.56,141.93,156.62,14.69,149.56,1,0.9908,High Churn Risk,0,0,Standard Tier,Normal Alignment
14067,United Kingdom,UK,Loyal Customers,1. Low Spend (<GBP 500),374.7,2,187.35,64,97.0,553.77,525.95,578.46,52.51,553.77,0,0.0873,Low Risk,0,0,Standard Tier,Normal Alignment
14068,United Kingdom,UK,Hibernating / Lost,1. Low Spend (<GBP 500),265.85,1,265.85,320,321.0,128.15,121.58,134.13,12.55,128.15,1,0.9935,High Churn Risk,0,0,Standard Tier,Normal Alignment
14071,United Kingdom,UK,Champions,2. Mid Spend (GBP 500-2k),1437.57,8,179.7,4,265.0,853.76,833.24,874.16,40.92,853.76,0,0.0624,Low Risk,0,0,Standard Tier,Normal Alignment
14073,United Kingdom,UK,New Customers,1. Low Spend (<GBP 500),151.04,1,151.04,32,33.0,542.13,516.34,564.98,48.64,542.13,0,0.005,Low Risk,0,0,Standard Tier,Normal Alignment
14075,United Kingdom,UK,Loyal Customers,2. Mid Spend (GBP 500-2k),942.26,3,314.09,5,262.0,515.09,505.25,524.0,18.75,515.09,0,0.3117,Moderate Risk,0,0,Standard Tier,Normal Alignment
14076,United Kingdom,UK,About to Sleep,1. Low Spend (<GBP 500),118.67,1,118.67,129,130.0,259.63,246.86,271.11,24.25,259.63,1,0.9623,High Churn Risk,0,0,Standard Tier,Normal Alignment
14077,United Kingdom,UK,Loyal Customers,1. Low Spend (<GBP 500),499.42,5,99.88,41,275.0,409.92,386.77,436.52,49.75,409.92,0,0.2812,Moderate Risk,0,0,Standard Tier,Normal Alignment
14078,United Kingdom,UK,Cannot Lose Them,2. Mid Spend (GBP 500-2k),1049.37,6,174.9,102,374.0,518.54,504.17,534.05,29.88,518.54,1,0.2713,Moderate Risk,0,0,Standard Tier,Normal Alignment
14079,United Kingdom,UK,About to Sleep,1. Low Spend (<GBP 500),375.1,1,375.1,125,125.0,266.8,253.7,278.53,24.83,266.8,1,0.9382,High Churn Risk,0,0,Standard Tier,Normal Alignment
14080,United Kingdom,UK,New Customers,1. Low Spend (<GBP 500),45.6,1,45.6,33,33.0,542.13,516.34,564.98,48.64,542.13,0,0.0139,Low Risk,0,0,Standard Tier,Normal Alignment
14081,United Kingdom,UK,At Risk,2. Mid Spend (GBP 500-2k),921.62,2,460.81,302,370.0,309.03,301.46,316.2,14.74,309.03,1,0.4932,Moderate Risk,0,0,Standard Tier,Normal Alignment
14082,United Kingdom,UK,Hibernating / Lost,1. Low Spend (<GBP 500),182.25,1,182.25,365,365.0,114.76,108.86,120.1,11.24,114.76,1,0.9932,High Churn Risk,0,0,Standard Tier,Normal Alignment
14083,United Kingdom,UK,Champions,2. Mid Spend (GBP 500-2k),1002.9,9,111.43,4,372.0,453.9,433.42,477.9,44.49,453.9,0,0.1607,Low Risk,0,0,Standard Tier,Normal Alignment
14085,United Kingdom,UK,Champions,3. High Spend (>GBP 2k),4421.29,18,245.63,2,369.0,1821.8,1801.66,1837.09,35.43,1821.8,0,0.0275,Low Risk,1,1,Maintained VIP,Normal Alignment
14087,United Kingdom,UK,New Customers,1. Low Spend (<GBP 500),191.47,1,191.47,3,3.0,817.08,769.42,855.62,86.2,817.08,0,0.0041,Low Risk,0,0,Standard Tier,Normal Alignment
14088,United Kingdom,UK,Champions,3. High Spend (>GBP 2k),50491.81,13,3883.99,10,323.0,19118.43,18647.3,19486.44,839.14,19118.43,0,0.0371,Low Risk,1,1,Maintained VIP,Normal Alignment
14089,United Kingdom,UK,Promising,1. Low Spend (<GBP 500),158.75,1,158.75,57,57.0,427.14,406.64,444.37,37.73,427.14,0,0.0126,Low Risk,0,0,Standard Tier,Normal Alignment
14090,United Kingdom,UK,Hibernating / Lost,1. Low Spend (<GBP 500),76.32,1,76.32,325,325.0,126.8,120.3,132.72,12.42,126.8,1,0.9913,High Churn Risk,0,0,Standard Tier,Normal Alignment
14092,United Kingdom,UK,Champions,3. High Spend (>GBP 2k),4076.91,14,291.21,8,359.0,1731.27,1714.87,1743.45,28.59,1731.27,0,0.03,Low Risk,1,1,Maintained VIP,Normal Alignment
14093,United Kingdom,UK,New Customers,1. Low Spend (<GBP 500),433.86,1,433.86,12,13.0,698.92,661.83,729.5,67.67,698.92,0,0.0088,Low Risk,0,0,Standard Tier,Normal Alignment
14096,United Kingdom,UK,Champions,3. High Spend (>GBP 2k),65164.79,17,3833.22,4,102.0,70101.09,67948.4,71898.12,3949.72,70101.09,0,0.0332,Low Risk,1,1,Maintained VIP,Normal Alignment
14098,United Kingdom,UK,Promising,1. Low Spend (<GBP 500),147.35,1,147.35,37,37.0,518.85,494.27,539.52,45.25,518.85,0,0.0044,Low Risk,0,0,Standard Tier,Normal Alignment
14099,United Kingdom,UK,Champions,3. High Spend (>GBP 2k),3104.17,11,282.2,16,355.0,1294.41,1279.07,1307.93,28.86,1294.41,0,0.0354,Low Risk,1,1,Maintained VIP,Normal Alignment
14100,United Kingdom,UK,About to Sleep,1. Low Spend (<GBP 500),191.95,1,191.95,138,138.0,248.94,236.66,260.02,23.36,248.94,1,0.9734,High Churn Risk,0,0,Standard Tier,Normal Alignment
14101,United Kingdom,UK,Cannot Lose Them,3. High Spend (>GBP 2k),5976.79,6,996.13,74,327.0,2384.52,2310.39,2439.03,128.64,2384.52,0,0.0797,Low Risk,1,1,Maintained VIP,Normal Alignment
14102,United Kingdom,UK,Champions,2. Mid Spend (GBP 500-2k),1105.88,5,221.18,5,45.0,2135.25,2035.62,2212.5,176.88,2135.25,0,0.0119,Low Risk,1,1,Maintained VIP,Normal Alignment
14104,United Kingdom,UK,At Risk,1. Low Spend (<GBP 500),216.21,2,108.1,155,166.0,354.43,333.55,373.63,40.07,354.43,1,0.4566,Moderate Risk,0,0,Standard Tier,Normal Alignment
14105,United Kingdom,UK,Hibernating / Lost,2. Mid Spend (GBP 500-2k),1266.23,1,1266.23,239,240.0,163.2,154.94,170.88,15.93,163.2,1,0.9344,High Churn Risk,0,0,Standard Tier,Normal Alignment
14107,United Kingdom,UK,Loyal Customers,3. High Spend (>GBP 2k),2703.23,7,386.18,52,365.0,1085.04,1074.75,1092.64,17.89,1085.04,0,0.0567,Low Risk,1,0,Demoted from VIP,Normal Alignment
14108,United Kingdom,UK,Loyal Customers,2. Mid Spend (GBP 500-2k),597.91,2,298.96,31,102.0,669.59,649.47,684.98,35.5,669.59,0,0.1478,Low Risk,0,0,Standard Tier,Normal Alignment
14109,United Kingdom,UK,About to Sleep,1. Low Spend (<GBP 500),144.2,1,144.2,73,73.0,374.22,356.2,389.21,33.01,374.22,0,0.0149,Low Risk,0,0,Standard Tier,Normal Alignment
14110,United Kingdom,UK,Champions,3. High Spend (>GBP 2k),5683.15,12,473.6,4,267.0,2716.23,2683.53,2739.99,56.46,2716.23,0,0.0345,Low Risk,1,1,Maintained VIP,Normal Alignment
14111,United Kingdom,UK,Champions,2. Mid Spend (GBP 500-2k),692.85,4,173.21,14,242.0,555.32,537.31,573.71,36.41,555.32,0,0.2277,Low Risk,0,0,Standard Tier,Normal Alignment
14112,United Kingdom,UK,Champions,3. High Spend (>GBP 2k),2915.15,7,416.45,23,276.0,1317.04,1291.93,1335.75,43.82,1317.04,0,0.0439,Low Risk,1,1,Maintained VIP,Normal Alignment
14113,United Kingdom,UK,Champions,2. Mid Spend (GBP 500-2k),1840.42,4,460.1,4,355.0,704.55,694.39,712.82,18.42,704.55,0,0.2918,Moderate Risk,0,0,Standard Tier,Normal Alignment
14114,United Kingdom,UK,At Risk,1. Low Spend (<GBP 500),386.53,2,193.26,274,331.0,233.45,224.63,242.31,17.69,233.45,1,0.6641,Elevated Risk,0,0,Standard Tier,Normal Alignment
14116,United Kingdom,UK,Champions,2. Mid Spend (GBP 500-2k),1382.74,5,276.55,20,122.0,1363.52,1329.55,1390.75,61.2,1363.52,0,0.0425,Low Risk,1,1,Maintained VIP,Normal Alignment
14117,United Kingdom,UK,About to Sleep,1. Low Spend (<GBP 500),90.0,1,90.0,144,144.0,241.47,229.56,252.28,22.72,241.47,1,0.9802,High Churn Risk,0,0,Standard Tier,Normal Alignment
14121,United Kingdom,UK,Champions,3. High Spend (>GBP 2k),2780.15,4,695.04,4,60.0,4001.21,3815.39,4154.14,338.74,4001.21,0,0.0222,Low Risk,1,1,Maintained VIP,Normal Alignment
14124,United Kingdom,UK,About to Sleep,1. Low Spend (<GBP 500),419.58,1,419.58,84,85.0,342.41,325.67,356.39,30.73,342.41,0,0.054,Low Risk,0,0,Standard Tier,Normal Alignment
14125,United Kingdom,UK,Loyal Customers,3. High Spend (>GBP 2k),2720.63,3,906.88,11,79.0,2073.37,1986.21,2139.12,152.9,2073.37,0,0.0234,Low Risk,1,1,Maintained VIP,Normal Alignment
14126,United Kingdom,UK,Loyal Customers,2. Mid Spend (GBP 500-2k),706.13,3,235.38,8,11.0,1087.4,993.24,1162.7,169.46,1087.4,0,0.0177,Low Risk,1,0,Demoted from VIP,Normal Alignment
14127,United Kingdom,UK,At Risk,2. Mid Spend (GBP 500-2k),709.71,3,236.57,123,311.0,350.48,337.61,363.24,25.64,350.48,1,0.4471,Moderate Risk,0,0,Standard Tier,Normal Alignment
14128,United Kingdom,UK,Loyal Customers,2. Mid Spend (GBP 500-2k),637.5,2,318.75,61,256.0,350.2,340.93,357.24,16.31,350.2,0,0.5107,Elevated Risk,0,0,Standard Tier,Normal Alignment
14129,United Kingdom,UK,Champions,2. Mid Spend (GBP 500-2k),1123.86,5,224.77,2,261.0,602.57,588.26,615.66,27.4,602.57,0,0.1506,Low Risk,0,0,Standard Tier,Normal Alignment
14130,United Kingdom,UK,Hibernating / Lost,1. Low Spend (<GBP 500),480.91,1,480.91,319,320.0,128.49,121.9,134.49,12.58,128.49,1,0.991,High Churn Risk,0,0,Standard Tier,Normal Alignment
14132,United Kingdom,UK,Champions,3. High Spend (>GBP 2k),3586.03,11,326.0,2,184.0,2602.86,2559.21,2636.14,76.93,2602.86,0,0.0315,Low Risk,1,1,Maintained VIP,Normal Alignment
14133,United Kingdom,UK,At Risk,2. Mid Spend (GBP 500-2k),605.64,3,201.88,130,316.0,277.7,269.81,284.77,14.96,277.7,1,0.4787,Moderate Risk,0,0,Standard Tier,Normal Alignment
14135,United Kingdom,UK,Champions,3. High Spend (>GBP 2k),4690.31,15,312.69,2,373.0,1832.84,1815.07,1846.58,31.52,1832.84,0,0.0317,Low Risk,1,1,Maintained VIP,Normal Alignment
14138,United Kingdom,UK,Loyal Customers,2. Mid Spend (GBP 500-2k),965.88,2,482.94,2,64.0,923.5,894.16,947.25,53.1,923.5,0,0.0084,Low Risk,0,0,Standard Tier,Normal Alignment
14139,United Kingdom,UK,Promising,1. Low Spend (<GBP 500),415.82,1,415.82,46,47.0,468.55,446.28,486.96,40.68,468.55,0,0.0082,Low Risk,0,0,Standard Tier,Normal Alignment
14140,United Kingdom,UK,Loyal Customers,2. Mid Spend (GBP 500-2k),935.05,2,467.52,4,32.0,1334.97,1281.95,1376.51,94.56,1334.97,0,0.0081,Low Risk,1,1,Maintained VIP,Normal Alignment
14141,United Kingdom,UK,Champions,2. Mid Spend (GBP 500-2k),915.13,4,228.78,3,106.0,1050.73,1013.6,1084.29,70.68,1050.73,0,0.0568,Low Risk,0,0,Standard Tier,Normal Alignment
14142,United Kingdom,UK,Hibernating / Lost,1. Low Spend (<GBP 500),311.81,1,311.81,373,374.0,112.36,106.58,117.6,11.02,112.36,1,0.9891,High Churn Risk,0,0,Standard Tier,Normal Alignment
14143,United Kingdom,UK,About to Sleep,1. Low Spend (<GBP 500),115.8,1,115.8,134,134.0,254.17,241.64,265.44,23.8,254.17,1,0.9729,High Churn Risk,0,0,Standard Tier,Normal Alignment
14145,United Kingdom,UK,Loyal Customers,3. High Spend (>GBP 2k),3742.2,4,935.55,47,218.0,1732.49,1670.12,1782.19,112.07,1732.49,0,0.1848,Low Risk,1,1,Maintained VIP,Normal Alignment
14146,United Kingdom,UK,Champions,3. High Spend (>GBP 2k),4191.0,5,838.2,9,358.0,1271.4,1225.8,1308.56,82.76,1271.4,0,0.0958,Low Risk,1,1,Maintained VIP,Normal Alignment
14147,United Kingdom,UK,At Risk,1. Low Spend (<GBP 500),483.4,2,241.7,78,286.0,307.15,298.73,314.35,15.62,307.15,0,0.5822,Elevated Risk,0,0,Standard Tier,Normal Alignment
14148,United Kingdom,UK,Hibernating / Lost,1. Low Spend (<GBP 500),157.2,1,157.2,234,234.0,166.57,158.18,174.39,16.21,166.57,1,0.989,High Churn Risk,0,0,Standard Tier,Normal Alignment
14149,United Kingdom,UK,Hibernating / Lost,1. Low Spend (<GBP 500),446.62,1,446.62,221,221.0,174.39,165.69,182.54,16.85,174.39,1,0.9866,High Churn Risk,0,0,Standard Tier,Normal Alignment
14150,United Kingdom,UK,Loyal Customers,2. Mid Spend (GBP 500-2k),658.64,2,329.32,36,360.0,269.32,262.37,274.89,12.52,269.32,0,0.5594,Elevated Risk,0,0,Standard Tier,Normal Alignment
14152,United Kingdom,UK,At Risk,2. Mid Spend (GBP 500-2k),621.29,2,310.64,75,235.0,363.81,354.02,371.89,17.87,363.81,0,0.472,Moderate Risk,0,0,Standard Tier,Normal Alignment
14154,United Kingdom,UK,At Risk,2. Mid Spend (GBP 500-2k),1345.62,2,672.81,239,240.0,163.2,154.94,170.88,15.93,163.2,1,0.5194,Elevated Risk,0,0,Standard Tier,Normal Alignment
14155,United Kingdom,UK,Hibernating / Lost,1. Low Spend (<GBP 500),118.75,1,118.75,266,267.0,149.56,141.93,156.62,14.69,149.56,1,0.989,High Churn Risk,0,0,Standard Tier,Normal Alignment
14156,EIRE,International,Champions,3. High Spend (>GBP 2k),117210.08,55,2131.09,10,372.0,47124.66,46582.77,47570.81,988.04,94494.45,0,0.0413,Low Risk,1,1,Maintained VIP,Normal Alignment
14157,United Kingdom,UK,Loyal Customers,1. Low Spend (<GBP 500),424.89,2,212.44,20,286.0,250.11,238.83,261.09,22.26,250.11,0,0.5028,Elevated Risk,0,0,Standard Tier,Normal Alignment
14158,United Kingdom,UK,Promising,2. Mid Spend (GBP 500-2k),507.66,1,507.66,40,41.0,497.49,473.98,517.05,43.07,497.49,0,0.0068,Low Risk,0,0,Standard Tier,Normal Alignment
14159,United Kingdom,UK,Champions,3. High Spend (>GBP 2k),4630.35,11,420.94,20,363.0,1952.03,1933.85,1966.7,32.85,1952.03,0,0.0324,Low Risk,1,1,Maintained VIP,Normal Alignment
14161,United Kingdom,UK,At Risk,2. Mid Spend (GBP 500-2k),1097.62,3,365.87,216,370.0,446.73,439.71,452.19,12.48,446.73,1,0.3665,Moderate Risk,0,0,Standard Tier,Normal Alignment
14162,United Kingdom,UK,At Risk,1. Low Spend (<GBP 500),289.36,2,144.68,174,293.0,228.11,215.72,240.03,24.31,228.11,1,0.6504,Elevated Risk,0,0,Standard Tier,Normal Alignment
14163,United Kingdom,UK,At Risk,3. High Spend (>GBP 2k),2445.91,4,611.48,87,240.0,1303.29,1266.58,1332.24,65.65,1303.29,0,0.1156,Low Risk,1,1,Maintained VIP,Normal Alignment
14164,United Kingdom,UK,Loyal Customers,2. Mid Spend (GBP 500-2k),1631.77,2,815.88,71,81.0,822.61,799.4,841.11,41.7,822.61,0,0.0201,Low Risk,0,0,Standard Tier,Normal Alignment
14165,United Kingdom,UK,Hibernating / Lost,1. Low Spend (<GBP 500),120.44,1,120.44,276,276.0,145.51,138.08,152.36,14.28,145.51,1,0.9909,High Churn Risk,0,0,Standard Tier,Normal Alignment
14167,United Kingdom,UK,Loyal Customers,2. Mid Spend (GBP 500-2k),562.59,4,140.65,39,332.0,353.6,336.73,371.29,34.56,353.6,0,0.4329,Moderate Risk,0,0,Standard Tier,Normal Alignment
14171,United Kingdom,UK,About to Sleep,1. Low Spend (<GBP 500),363.79,1,363.79,98,99.0,311.51,296.38,324.69,28.31,311.51,1,0.8901,High Churn Risk,0,0,Standard Tier,Normal Alignment
14173,United Kingdom,UK,Champions,1. Low Spend (<GBP 500),450.84,4,112.71,11,220.0,434.92,415.96,453.26,37.3,434.92,0,0.2877,Moderate Risk,0,0,Standard Tier,Normal Alignment
14174,United Kingdom,UK,New Customers,1. Low Spend (<GBP 500),134.46,1,134.46,33,34.0,536.11,510.64,558.27,47.63,536.11,0,0.0044,Low Risk,0,0,Standard Tier,Normal Alignment
14175,United Kingdom,UK,Loyal Customers,3. High Spend (>GBP 2k),3222.3,3,1074.1,60,330.0,1287.41,1219.3,1346.63,127.33,1287.41,0,0.3627,Moderate Risk,1,1,Maintained VIP,Normal Alignment
14176,United Kingdom,UK,At Risk,2. Mid Spend (GBP 500-2k),576.9,4,144.23,297,368.0,311.1,300.39,321.57,21.18,311.1,1,0.4622,Moderate Risk,0,0,Standard Tier,Normal Alignment
14177,United Kingdom,UK,At Risk,2. Mid Spend (GBP 500-2k),549.46,4,137.36,86,180.0,573.71,554.22,591.42,37.19,573.71,0,0.1514,Low Risk,0,0,Standard Tier,Normal Alignment
14178,United Kingdom,UK,Champions,2. Mid Spend (GBP 500-2k),1600.26,7,228.61,9,183.0,1275.74,1246.85,1301.46,54.61,1275.74,0,0.0376,Low Risk,1,1,Maintained VIP,Normal Alignment
14179,United Kingdom,UK,Loyal Customers,2. Mid Spend (GBP 500-2k),701.57,2,350.78,41,53.0,793.31,751.13,827.27,76.14,793.31,0,0.0092,Low Risk,0,0,Standard Tier,Normal Alignment
14180,United Kingdom,UK,Champions,3. High Spend (>GBP 2k),4748.52,25,189.94,11,373.0,1995.44,1969.93,2016.24,46.31,1995.44,0,0.0989,Low Risk,1,1,Maintained VIP,Normal Alignment
14184,United Kingdom,UK,Promising,1. Low Spend (<GBP 500),452.89,1,452.89,67,67.0,392.46,374.07,408.21,34.14,392.46,0,0.0143,Low Risk,0,0,Standard Tier,Normal Alignment
14185,United Kingdom,UK,Hibernating / Lost,1. Low Spend (<GBP 500),197.65,1,197.65,331,332.0,124.52,118.13,130.32,12.19,124.52,1,0.9825,High Churn Risk,0,0,Standard Tier,Normal Alignment
14188,United Kingdom,UK,Champions,3. High Spend (>GBP 2k),2054.36,6,342.39,31,311.0,931.71,919.79,940.88,21.08,931.71,0,0.0842,Low Risk,0,0,Standard Tier,Normal Alignment
14189,United Kingdom,UK,Champions,3. High Spend (>GBP 2k),4654.08,15,310.27,2,369.0,1904.5,1885.83,1917.97,32.13,1904.5,0,0.0269,Low Risk,1,1,Maintained VIP,Normal Alignment
14191,United Kingdom,UK,Champions,3. High Spend (>GBP 2k),4684.76,13,360.37,2,221.0,3029.38,2986.87,3061.94,75.08,3029.38,0,0.0303,Low Risk,1,1,Maintained VIP,Normal Alignment
14193,United Kingdom,UK,Loyal Customers,2. Mid Spend (GBP 500-2k),853.39,2,426.7,68,270.0,376.0,366.73,383.41,16.68,376.0,0,0.4988,Moderate Risk,0,0,Standard Tier,Normal Alignment
14194,United Kingdom,UK,Champions,3. High Spend (>GBP 2k),11349.52,21,540.45,5,309.0,5213.69,5135.89,5276.19,140.29,5213.69,0,0.034,Low Risk,1,1,Maintained VIP,Normal Alignment
14195,United Kingdom,UK,At Risk,2. Mid Spend (GBP 500-2k),1012.0,2,506.0,202,253.0,288.96,277.73,300.27,22.54,288.96,1,0.6052,Elevated Risk,0,0,Standard Tier,Normal Alignment
14196,United Kingdom,UK,About to Sleep,1. Low Spend (<GBP 500),335.52,1,335.52,107,107.0,296.24,281.85,308.99,27.14,296.24,1,0.9605,High Churn Risk,0,0,Standard Tier,Normal Alignment
14198,United Kingdom,UK,Champions,2. Mid Spend (GBP 500-2k),701.4,4,175.35,18,240.0,517.3,498.08,536.59,38.5,517.3,0,0.1785,Low Risk,0,0,Standard Tier,Normal Alignment
14199,United Kingdom,UK,Hibernating / Lost,1. Low Spend (<GBP 500),185.4,1,185.4,218,219.0,175.65,166.9,183.86,16.95,175.65,1,0.9869,High Churn Risk,0,0,Standard Tier,Normal Alignment
14201,United Kingdom,UK,Loyal Customers,2. Mid Spend (GBP 500-2k),747.44,7,106.78,60,360.0,451.69,432.19,474.38,42.19,451.69,0,0.218,Low Risk,0,0,Standard Tier,Normal Alignment
14204,United Kingdom,UK,New Customers,1. Low Spend (<GBP 500),150.61,1,150.61,2,3.0,817.08,769.42,855.62,86.2,817.08,0,0.0022,Low Risk,0,0,Standard Tier,Normal Alignment
14205,United Kingdom,UK,Loyal Customers,1. Low Spend (<GBP 500),466.7,2,233.35,17,265.0,303.41,293.74,313.25,19.51,303.41,0,0.5068,Elevated Risk,0,0,Standard Tier,Normal Alignment
14206,United Kingdom,UK,Hibernating / Lost,1. Low Spend (<GBP 500),328.16,1,328.16,239,240.0,163.2,154.94,170.88,15.93,163.2,1,0.9867,High Churn Risk,0,0,Standard Tier,Normal Alignment
14208,United Kingdom,UK,About to Sleep,1. Low Spend (<GBP 500),151.74,1,151.74,95,95.0,319.75,304.13,333.0,28.87,319.75,1,0.8984,High Churn Risk,0,0,Standard Tier,Normal Alignment
14209,United Kingdom,UK,Champions,3. High Spend (>GBP 2k),2073.43,6,345.57,11,333.0,907.49,896.84,915.62,18.78,907.49,0,0.0968,Low Risk,0,0,Standard Tier,Normal Alignment
14210,United Kingdom,UK,Cannot Lose Them,2. Mid Spend (GBP 500-2k),1905.84,6,317.64,106,372.0,778.22,768.63,786.09,17.46,778.22,1,0.1216,Low Risk,0,0,Standard Tier,Normal Alignment
14211,United Kingdom,UK,Loyal Customers,3. High Spend (>GBP 2k),2241.1,9,249.01,53,296.0,1204.16,1186.19,1220.05,33.86,1204.16,0,0.0392,Low Risk,1,1,Maintained VIP,Normal Alignment
14212,United Kingdom,UK,About to Sleep,2. Mid Spend (GBP 500-2k),1070.48,1,1070.48,90,90.0,330.69,314.49,344.3,29.81,330.69,0,0.0791,Low Risk,0,0,Standard Tier,Normal Alignment
14214,United Kingdom,UK,Champions,2. Mid Spend (GBP 500-2k),1004.38,5,200.88,31,278.0,398.43,375.23,425.21,49.97,398.43,0,0.1419,Low Risk,0,0,Standard Tier,Normal Alignment
14215,United Kingdom,UK,Champions,2. Mid Spend (GBP 500-2k),1789.72,6,298.29,12,369.0,792.31,782.66,800.23,17.57,792.31,0,0.107,Low Risk,0,0,Standard Tier,Normal Alignment
14216,United Kingdom,UK,Champions,2. Mid Spend (GBP 500-2k),1839.3,4,459.82,3,38.0,3032.01,2907.7,3126.75,219.04,3032.01,0,0.0182,Low Risk,1,1,Maintained VIP,Normal Alignment
14217,United Kingdom,UK,Champions,3. High Spend (>GBP 2k),2004.98,17,117.94,2,367.0,943.05,919.94,968.07,48.13,943.05,0,0.0781,Low Risk,0,0,Standard Tier,Normal Alignment
14218,United Kingdom,UK,Promising,1. Low Spend (<GBP 500),169.48,1,169.48,43,43.0,487.45,464.37,506.5,42.13,487.45,0,0.0051,Low Risk,0,0,Standard Tier,Normal Alignment
14219,United Kingdom,UK,New Customers,1. Low Spend (<GBP 500),89.94,1,89.94,4,5.0,790.36,745.05,827.75,82.7,790.36,0,0.0024,Low Risk,0,0,Standard Tier,Normal Alignment
14220,United Kingdom,UK,At Risk,2. Mid Spend (GBP 500-2k),632.4,2,316.2,247,359.0,259.24,252.56,264.86,12.3,259.24,1,0.5746,Elevated Risk,0,0,Standard Tier,Normal Alignment
14221,United Kingdom,UK,Loyal Customers,3. High Spend (>GBP 2k),3432.8,9,381.42,42,340.0,1472.56,1452.87,1486.48,33.61,1472.56,0,0.0377,Low Risk,1,1,Maintained VIP,Normal Alignment
14222,United Kingdom,UK,About to Sleep,2. Mid Spend (GBP 500-2k),683.17,1,683.17,177,178.0,206.41,196.13,215.86,19.74,206.41,1,0.8887,High Churn Risk,0,0,Standard Tier,Normal Alignment
14223,United Kingdom,UK,At Risk,2. Mid Spend (GBP 500-2k),991.13,3,330.38,92,265.0,534.04,524.95,541.64,16.69,534.04,1,0.2781,Moderate Risk,0,0,Standard Tier,Normal Alignment
14224,United Kingdom,UK,At Risk,2. Mid Spend (GBP 500-2k),1009.73,4,252.43,110,321.0,506.9,495.44,518.22,22.78,506.9,1,0.2061,Low Risk,0,0,Standard Tier,Normal Alignment
14226,United Kingdom,UK,Champions,3. High Spend (>GBP 2k),2214.79,5,442.96,29,270.0,834.66,821.43,845.45,24.01,834.66,0,0.08,Low Risk,0,0,Standard Tier,Normal Alignment
14227,United Kingdom,UK,Champions,3. High Spend (>GBP 2k),3350.96,10,335.1,26,285.0,1452.4,1430.02,1468.34,38.33,1452.4,0,0.0375,Low Risk,1,1,Maintained VIP,Normal Alignment
14229,United Kingdom,UK,Loyal Customers,2. Mid Spend (GBP 500-2k),1547.2,3,515.73,52,334.0,591.93,578.1,603.25,25.15,591.93,0,0.4805,Moderate Risk,0,0,Standard Tier,Normal Alignment
14231,United Kingdom,UK,At Risk,2. Mid Spend (GBP 500-2k),925.71,3,308.57,184,289.0,467.3,457.93,476.19,18.26,467.3,1,0.3738,Moderate Risk,0,0,Standard Tier,Normal Alignment
14232,United Kingdom,UK,Loyal Customers,3. High Spend (>GBP 2k),2048.07,5,409.61,43,265.0,899.63,886.74,909.51,22.76,899.63,0,0.0664,Low Risk,0,0,Standard Tier,Normal Alignment
14233,United Kingdom,UK,Loyal Customers,2. Mid Spend (GBP 500-2k),1462.72,4,365.68,49,318.0,755.74,744.52,763.66,19.14,755.74,0,0.2397,Low Risk,0,0,Standard Tier,Normal Alignment
14234,United Kingdom,UK,Champions,2. Mid Spend (GBP 500-2k),754.12,4,188.53,22,58.0,1190.86,1118.99,1254.13,135.14,1190.86,0,0.0106,Low Risk,1,1,Maintained VIP,Normal Alignment
14235,United Kingdom,UK,At Risk,3. High Spend (>GBP 2k),3144.86,5,628.97,75,261.0,1343.12,1301.56,1377.35,75.79,1343.12,0,0.0691,Low Risk,1,1,Maintained VIP,Normal Alignment
14236,United Kingdom,UK,At Risk,1. Low Spend (<GBP 500),490.86,2,245.43,81,373.0,245.18,238.52,250.99,12.47,245.18,0,0.5453,Elevated Risk,0,0,Standard Tier,Normal Alignment
14237,United Kingdom,UK,Hibernating / Lost,1. Low Spend (<GBP 500),161.0,1,161.0,373,374.0,112.36,106.58,117.6,11.02,112.36,1,0.9896,High Churn Risk,0,0,Standard Tier,Normal Alignment
14238,United Kingdom,UK,Hibernating / Lost,1. Low Spend (<GBP 500),146.85,1,146.85,326,327.0,126.14,119.67,132.02,12.35,126.14,1,0.9929,High Churn Risk,0,0,Standard Tier,Normal Alignment
14239,United Kingdom,UK,Loyal Customers,3. High Spend (>GBP 2k),2380.85,11,216.44,43,317.0,1203.67,1183.36,1222.77,39.41,1203.67,0,0.0382,Low Risk,1,1,Maintained VIP,Normal Alignment
14240,United Kingdom,UK,Loyal Customers,2. Mid Spend (GBP 500-2k),890.34,2,445.17,30,226.0,545.7,525.45,564.89,39.44,545.7,0,0.4888,Moderate Risk,0,0,Standard Tier,Normal Alignment
14241,United Kingdom,UK,Hibernating / Lost,1. Low Spend (<GBP 500),213.7,1,213.7,184,184.0,201.25,191.18,210.5,19.32,201.25,1,0.9862,High Churn Risk,0,0,Standard Tier,Normal Alignment
14242,United Kingdom,UK,At Risk,1. Low Spend (<GBP 500),280.55,2,140.27,235,326.0,219.17,208.86,229.34,20.48,219.17,1,0.6586,Elevated Risk,0,0,Standard Tier,Normal Alignment
14243,United Kingdom,UK,Champions,3. High Spend (>GBP 2k),2588.77,10,258.88,9,366.0,1119.67,1104.99,1132.76,27.77,1119.67,0,0.0406,Low Risk,1,1,Maintained VIP,Normal Alignment
14245,United Kingdom,UK,At Risk,2. Mid Spend (GBP 500-2k),1693.45,2,846.72,220,264.0,491.39,473.54,509.33,35.79,491.39,1,0.5288,Elevated Risk,0,0,Standard Tier,Normal Alignment
14246,United Kingdom,UK,At Risk,2. Mid Spend (GBP 500-2k),1474.06,3,491.35,111,246.0,732.28,717.14,744.69,27.54,732.28,1,0.2023,Low Risk,0,0,Standard Tier,Normal Alignment
14247,United Kingdom,UK,Hibernating / Lost,1. Low Spend (<GBP 500),136.77,1,136.77,278,279.0,144.21,136.84,150.99,14.15,144.21,1,0.9909,High Churn Risk,0,0,Standard Tier,Normal Alignment
14248,United Kingdom,UK,Hibernating / Lost,1. Low Spend (<GBP 500),302.58,1,302.58,318,319.0,128.83,122.23,134.85,12.62,128.83,1,0.9944,High Churn Risk,0,0,Standard Tier,Normal Alignment
14250,United Kingdom,UK,Loyal Customers,2. Mid Spend (GBP 500-2k),1904.05,3,634.68,7,90.0,1064.31,1019.49,1103.11,83.62,1064.31,0,0.0235,Low Risk,0,0,Standard Tier,Normal Alignment
14251,United Kingdom,UK,Champions,3. High Spend (>GBP 2k),2879.7,5,575.94,2,58.0,2897.11,2798.74,2972.12,173.38,2897.11,0,0.0174,Low Risk,1,1,Maintained VIP,Normal Alignment
14256,United Kingdom,UK,At Risk,2. Mid Spend (GBP 500-2k),969.06,2,484.53,260,365.0,295.78,288.29,301.97,13.68,295.78,1,0.4912,Moderate Risk,0,0,Standard Tier,Normal Alignment
14257,United Kingdom,UK,Loyal Customers,3. High Spend (>GBP 2k),3099.72,5,619.94,64,319.0,1242.29,1216.35,1262.62,46.27,1242.29,0,0.0943,Low Risk,1,1,Maintained VIP,Normal Alignment
14258,United Kingdom,UK,Champions,3. High Spend (>GBP 2k),12669.98,9,1407.78,9,338.0,4160.71,4042.7,4248.23,205.53,4160.71,0,0.0442,Low Risk,1,1,Maintained VIP,Normal Alignment
14259,United Kingdom,UK,About to Sleep,1. Low Spend (<GBP 500),120.0,1,120.0,142,142.0,243.91,231.88,254.8,22.93,243.91,1,0.9801,High Churn Risk,0,0,Standard Tier,Normal Alignment
14261,United Kingdom,UK,Loyal Customers,2. Mid Spend (GBP 500-2k),1163.45,2,581.72,51,79.0,696.95,667.57,720.05,52.48,696.95,0,0.0166,Low Risk,0,0,Standard Tier,Normal Alignment
14262,United Kingdom,UK,Champions,3. High Spend (>GBP 2k),2618.23,8,327.28,8,241.0,1572.6,1552.58,1588.11,35.53,1572.6,0,0.0394,Low Risk,1,1,Maintained VIP,Normal Alignment
14264,United Kingdom,UK,At Risk,1. Low Spend (<GBP 500),333.97,2,166.98,155,246.0,311.11,300.21,321.61,21.4,311.11,1,0.6657,Elevated Risk,0,0,Standard Tier,Normal Alignment
14265,Unspecified,International,At Risk,2. Mid Spend (GBP 500-2k),530.18,2,265.09,109,149.0,497.51,482.76,510.33,27.57,497.51,1,0.3394,Moderate Risk,0,0,Standard Tier,Normal Alignment
14267,United Kingdom,UK,At Risk,2. Mid Spend (GBP 500-2k),1516.24,3,505.41,163,261.0,492.44,474.74,510.35,35.61,492.44,1,0.369,Moderate Risk,0,0,Standard Tier,Normal Alignment
14270,United Kingdom,UK,Hibernating / Lost,1. Low Spend (<GBP 500),492.65,1,492.65,332,332.0,124.52,118.13,130.32,12.19,124.52,1,0.9761,High Churn Risk,0,0,Standard Tier,Normal Alignment
14271,United Kingdom,UK,Hibernating / Lost,1. Low Spend (<GBP 500),112.32,1,112.32,226,226.0,171.3,162.72,179.32,16.6,171.3,1,0.9933,High Churn Risk,0,0,Standard Tier,Normal Alignment
14272,United Kingdom,UK,At Risk,1. Low Spend (<GBP 500),437.96,2,218.98,74,255.0,340.03,330.85,347.68,16.83,340.03,0,0.5373,Elevated Risk,0,0,Standard Tier,Normal Alignment
14273,United Kingdom,UK,Loyal Customers,2. Mid Spend (GBP 500-2k),559.97,4,139.99,51,243.0,475.71,455.45,496.9,41.45,475.71,0,0.2194,Low Risk,0,0,Standard Tier,Normal Alignment
14276,United Kingdom,UK,At Risk,2. Mid Spend (GBP 500-2k),1119.74,3,373.25,99,290.0,534.7,526.63,541.01,14.39,534.7,1,0.3678,Moderate Risk,0,0,Standard Tier,Normal Alignment
14277,France,International,Loyal Customers,3. High Spend (>GBP 2k),4188.0,3,1396.0,15,213.0,1660.81,1574.64,1732.97,158.33,2871.95,0,0.1004,Low Risk,1,1,Maintained VIP,Normal Alignment
14280,United Kingdom,UK,Hibernating / Lost,1. Low Spend (<GBP 500),134.04,1,134.04,197,197.0,190.92,181.38,199.75,18.37,190.92,1,0.9908,High Churn Risk,0,0,Standard Tier,Normal Alignment
14282,United Kingdom,UK,Champions,3. High Spend (>GBP 2k),3701.44,15,246.76,3,368.0,1432.4,1412.96,1449.8,36.84,1432.4,0,0.0361,Low Risk,1,1,Maintained VIP,Normal Alignment
14284,United Kingdom,UK,Loyal Customers,2. Mid Spend (GBP 500-2k),595.25,2,297.62,31,87.0,774.16,751.85,792.09,40.24,774.16,0,0.0102,Low Risk,0,0,Standard Tier,Normal Alignment
14285,United Kingdom,UK,Champions,2. Mid Spend (GBP 500-2k),1910.01,4,477.5,21,177.0,1569.89,1526.76,1602.69,75.93,1569.89,0,0.0892,Low Risk,1,1,Maintained VIP,Normal Alignment
14286,United Kingdom,UK,Loyal Customers,3. High Spend (>GBP 2k),4628.75,3,1542.92,24,243.0,1503.94,1426.12,1569.54,143.42,1503.94,0,0.121,Low Risk,1,1,Maintained VIP,Normal Alignment
14287,United Kingdom,UK,Loyal Customers,1. Low Spend (<GBP 500),176.63,3,58.88,8,199.0,302.47,284.09,319.58,35.5,302.47,0,0.4433,Moderate Risk,0,0,Standard Tier,Normal Alignment
14288,United Kingdom,UK,Hibernating / Lost,1. Low Spend (<GBP 500),426.6,1,426.6,213,214.0,178.9,170.03,187.24,17.22,178.9,1,0.9907,High Churn Risk,0,0,Standard Tier,Normal Alignment
14289,United Kingdom,UK,Champions,2. Mid Spend (GBP 500-2k),911.26,6,151.88,9,290.0,494.42,472.02,520.02,48.0,494.42,0,0.1434,Low Risk,0,0,Standard Tier,Normal Alignment
14290,United Kingdom,UK,Champions,3. High Spend (>GBP 2k),2314.65,5,462.93,11,362.0,759.57,751.45,765.83,14.38,759.57,0,0.1578,Low Risk,0,0,Standard Tier,Normal Alignment
14291,United Kingdom,UK,Champions,3. High Spend (>GBP 2k),3883.25,11,353.02,2,276.0,1648.24,1626.59,1664.37,37.78,1648.24,0,0.0344,Low Risk,1,1,Maintained VIP,Normal Alignment
14292,United Kingdom,UK,Champions,3. High Spend (>GBP 2k),4871.93,9,541.33,8,283.0,2308.43,2246.68,2356.76,110.08,2308.43,0,0.0412,Low Risk,1,1,Maintained VIP,Normal Alignment
14293,United Kingdom,UK,Champions,2. Mid Spend (GBP 500-2k),1046.56,4,261.64,3,369.0,419.41,407.67,431.07,23.4,419.41,0,0.274,Moderate Risk,0,0,Standard Tier,Normal Alignment
14295,United Kingdom,UK,Promising,1. Low Spend (<GBP 500),166.2,1,166.2,40,41.0,497.49,473.98,517.05,43.07,497.49,0,0.0044,Low Risk,0,0,Standard Tier,Normal Alignment
14297,United Kingdom,UK,Champions,2. Mid Spend (GBP 500-2k),1305.33,4,326.33,18,275.0,719.8,709.56,727.66,18.1,719.8,0,0.1784,Low Risk,0,0,Standard Tier,Normal Alignment
14298,United Kingdom,UK,Champions,3. High Spend (>GBP 2k),51527.3,44,1171.08,8,361.0,20042.42,19767.06,20262.42,495.36,20042.42,0,0.036,Low Risk,1,1,Maintained VIP,Normal Alignment
14299,United Kingdom,UK,Champions,3. High Spend (>GBP 2k),3965.62,9,440.62,8,366.0,1566.3,1550.9,1577.64,26.73,1566.3,0,0.0373,Low Risk,1,1,Maintained VIP,Normal Alignment
14300,United Kingdom,UK,New Customers,1. Low Spend (<GBP 500),43.2,1,43.2,19,19.0,643.12,610.48,670.52,60.04,643.12,0,0.0047,Low Risk,0,0,Standard Tier,Normal Alignment
14301,United Kingdom,UK,About to Sleep,2. Mid Spend (GBP 500-2k),640.14,1,640.14,117,118.0,277.52,263.96,289.64,25.68,277.52,1,0.9085,High Churn Risk,0,0,Standard Tier,Normal Alignment
14304,United Kingdom,UK,Hibernating / Lost,1. Low Spend (<GBP 500),383.45,1,383.45,223,223.0,173.14,164.49,181.24,16.75,173.14,1,0.9915,High Churn Risk,0,0,Standard Tier,Normal Alignment
14305,United Kingdom,UK,Loyal Customers,2. Mid Spend (GBP 500-2k),1858.96,3,619.65,71,136.0,990.97,969.65,1007.34,37.69,990.97,0,0.0546,Low Risk,0,0,Standard Tier,Normal Alignment
14306,United Kingdom,UK,Loyal Customers,3. High Spend (>GBP 2k),2093.32,2,1046.66,51,86.0,824.36,801.11,843.09,41.98,824.36,0,0.0217,Low Risk,0,0,Standard Tier,Normal Alignment
14307,United Kingdom,UK,Cannot Lose Them,3. High Spend (>GBP 2k),2995.72,6,499.29,89,374.0,985.7,969.08,998.6,29.52,985.7,0,0.1347,Low Risk,0,0,Standard Tier,Normal Alignment
14309,United Kingdom,UK,Champions,3. High Spend (>GBP 2k),2352.53,9,261.39,8,359.0,1064.61,1050.71,1077.32,26.61,1064.61,0,0.0485,Low Risk,0,0,Standard Tier,Normal Alignment
14311,United Kingdom,UK,Hibernating / Lost,1. Low Spend (<GBP 500),310.26,1,310.26,243,243.0,161.56,153.37,169.17,15.8,161.56,1,0.9955,High Churn Risk,0,0,Standard Tier,Normal Alignment
14312,United Kingdom,UK,Loyal Customers,2. Mid Spend (GBP 500-2k),1611.59,6,268.6,47,338.0,723.92,711.11,736.01,24.9,723.92,0,0.1127,Low Risk,0,0,Standard Tier,Normal Alignment
14314,United Kingdom,UK,About to Sleep,1. Low Spend (<GBP 500),120.0,1,120.0,107,107.0,296.24,281.85,308.99,27.14,296.24,1,0.9445,High Churn Risk,0,0,Standard Tier,Normal Alignment
14315,United Kingdom,UK,Loyal Customers,3. High Spend (>GBP 2k),2481.13,6,413.52,45,267.0,1204.46,1190.17,1214.49,24.32,1204.46,0,0.0566,Low Risk,1,1,Maintained VIP,Normal Alignment
14317,United Kingdom,UK,Promising,2. Mid Spend (GBP 500-2k),508.58,1,508.58,65,65.0,398.93,380.34,414.88,34.54,398.93,0,0.019,Low Risk,0,0,Standard Tier,Normal Alignment
14320,United Kingdom,UK,At Risk,1. Low Spend (<GBP 500),477.79,2,238.9,207,333.0,209.37,198.72,219.75,21.03,209.37,1,0.5535,Elevated Risk,0,0,Standard Tier,Normal Alignment
14321,United Kingdom,UK,Champions,2. Mid Spend (GBP 500-2k),1530.75,5,306.15,11,334.0,679.59,668.89,688.78,19.89,679.59,0,0.1735,Low Risk,0,0,Standard Tier,Normal Alignment
14323,United Kingdom,UK,At Risk,2. Mid Spend (GBP 500-2k),605.06,2,302.53,115,239.0,358.17,348.49,366.21,17.72,358.17,1,0.5284,Elevated Risk,0,0,Standard Tier,Normal Alignment
14326,United Kingdom,UK,Hibernating / Lost,1. Low Spend (<GBP 500),183.85,1,183.85,242,243.0,161.56,153.37,169.17,15.8,161.56,1,0.994,High Churn Risk,0,0,Standard Tier,Normal Alignment
14327,United Kingdom,UK,About to Sleep,1. Low Spend (<GBP 500),311.65,1,311.65,163,164.0,219.54,208.69,229.5,20.81,219.54,1,0.9754,High Churn Risk,0,0,Standard Tier,Normal Alignment
14329,United Kingdom,UK,Champions,3. High Spend (>GBP 2k),4975.24,7,710.75,17,330.0,1620.49,1587.67,1647.44,59.77,1620.49,0,0.0396,Low Risk,1,1,Maintained VIP,Normal Alignment
14331,United Kingdom,UK,At Risk,1. Low Spend (<GBP 500),462.66,2,231.33,124,136.0,391.58,365.18,415.38,50.2,391.58,1,0.3077,Moderate Risk,0,0,Standard Tier,Normal Alignment
14332,United Kingdom,UK,Loyal Customers,2. Mid Spend (GBP 500-2k),840.21,3,280.07,23,148.0,865.28,847.28,878.49,31.22,865.28,0,0.1079,Low Risk,0,0,Standard Tier,Normal Alignment
14333,United Kingdom,UK,Promising,1. Low Spend (<GBP 500),415.2,1,415.2,68,68.0,389.29,370.97,404.95,33.99,389.29,0,0.0307,Low Risk,0,0,Standard Tier,Normal Alignment
14334,United Kingdom,UK,Champions,3. High Spend (>GBP 2k),2552.21,8,319.03,17,359.0,1068.04,1056.95,1077.37,20.42,1068.04,0,0.0405,Low Risk,0,0,Standard Tier,Normal Alignment
14335,Germany,International,Loyal Customers,1. Low Spend (<GBP 500),454.86,2,227.43,16,97.0,516.24,486.52,543.53,57.02,516.24,0,0.1076,Low Risk,0,0,Standard Tier,Normal Alignment
14336,United Kingdom,UK,Champions,2. Mid Spend (GBP 500-2k),1614.91,4,403.73,17,277.0,719.06,709.06,726.76,17.7,719.06,0,0.1694,Low Risk,0,0,Standard Tier,Normal Alignment
14338,United Kingdom,UK,At Risk,2. Mid Spend (GBP 500-2k),588.22,2,294.11,161,197.0,259.58,237.84,281.35,43.51,259.58,1,0.5501,Elevated Risk,0,0,Standard Tier,Normal Alignment
14339,United Kingdom,UK,Hibernating / Lost,1. Low Spend (<GBP 500),309.52,1,309.52,243,243.0,161.56,153.37,169.17,15.8,161.56,1,0.9926,High Churn Risk,0,0,Standard Tier,Normal Alignment
14340,United Kingdom,UK,Hibernating / Lost,1. Low Spend (<GBP 500),134.7,1,134.7,219,219.0,175.65,166.9,183.86,16.95,175.65,1,0.9906,High Churn Risk,0,0,Standard Tier,Normal Alignment
14341,United Kingdom,UK,Loyal Customers,3. High Spend (>GBP 2k),2166.98,8,270.87,45,319.0,970.16,956.93,979.22,22.29,970.16,0,0.0476,Low Risk,0,0,Standard Tier,Normal Alignment
14342,United Kingdom,UK,Champions,2. Mid Spend (GBP 500-2k),668.56,4,167.14,21,211.0,481.99,457.12,508.8,51.68,481.99,0,0.1656,Low Risk,0,0,Standard Tier,Normal Alignment
14344,United Kingdom,UK,Cannot Lose Them,2. Mid Spend (GBP 500-2k),889.93,8,111.24,127,369.0,402.58,380.47,428.33,47.86,402.58,1,0.1891,Low Risk,0,0,Standard Tier,Normal Alignment
14345,United Kingdom,UK,Promising,1. Low Spend (<GBP 500),108.98,1,108.98,39,39.0,507.94,483.92,528.05,44.12,507.94,0,0.0042,Low Risk,0,0,Standard Tier,Normal Alignment
14346,United Kingdom,UK,At Risk,2. Mid Spend (GBP 500-2k),1021.58,2,510.79,121,298.0,471.14,451.8,490.02,38.23,471.14,1,0.523,Elevated Risk,0,0,Standard Tier,Normal Alignment
14348,United Kingdom,UK,Hibernating / Lost,1. Low Spend (<GBP 500),409.57,1,409.57,260,261.0,152.39,144.62,159.59,14.97,152.39,1,0.9909,High Churn Risk,0,0,Standard Tier,Normal Alignment
14349,United Kingdom,UK,New Customers,1. Low Spend (<GBP 500),133.5,1,133.5,10,11.0,719.74,680.92,751.21,70.29,719.74,0,0.002,Low Risk,0,0,Standard Tier,Normal Alignment
14350,United Kingdom,UK,Hibernating / Lost,1. Low Spend (<GBP 500),282.93,1,282.93,274,275.0,145.95,138.5,152.82,14.33,145.95,1,0.9838,High Churn Risk,0,0,Standard Tier,Normal Alignment
14351,United Kingdom,UK,About to Sleep,1. Low Spend (<GBP 500),51.0,1,51.0,165,165.0,218.54,207.75,228.47,20.72,218.54,1,0.9737,High Churn Risk,0,0,Standard Tier,Normal Alignment
14352,United Kingdom,UK,At Risk,2. Mid Spend (GBP 500-2k),1078.96,4,269.74,157,274.0,591.42,581.52,599.16,17.64,591.42,1,0.2291,Low Risk,0,0,Standard Tier,Normal Alignment
14353,United Kingdom,UK,Hibernating / Lost,1. Low Spend (<GBP 500),90.6,1,90.6,215,216.0,177.59,168.77,185.88,17.11,177.59,1,0.99,High Churn Risk,0,0,Standard Tier,Normal Alignment
14354,United Kingdom,UK,Loyal Customers,1. Low Spend (<GBP 500),163.62,2,81.81,6,31.0,858.47,798.1,912.2,114.11,858.47,0,0.0058,Low Risk,0,0,Standard Tier,Normal Alignment
14355,United Kingdom,UK,Hibernating / Lost,1. Low Spend (<GBP 500),174.4,1,174.4,366,366.0,114.49,108.6,119.82,11.22,114.49,1,0.9932,High Churn Risk,0,0,Standard Tier,Normal Alignment
14356,United Kingdom,UK,At Risk,2. Mid Spend (GBP 500-2k),701.23,2,350.62,80,82.0,814.9,791.87,833.32,41.45,814.9,0,0.0081,Low Risk,0,0,Standard Tier,Normal Alignment
14357,United Kingdom,UK,Promising,1. Low Spend (<GBP 500),225.12,1,225.12,43,44.0,482.58,459.71,501.39,41.68,482.58,0,0.008,Low Risk,0,0,Standard Tier,Normal Alignment
14359,United Kingdom,UK,Loyal Customers,2. Mid Spend (GBP 500-2k),912.18,3,304.06,19,88.0,927.06,891.13,958.2,67.07,927.06,0,0.0144,Low Risk,0,0,Standard Tier,Normal Alignment
14360,United Kingdom,UK,Champions,3. High Spend (>GBP 2k),2118.03,4,529.51,32,95.0,1433.78,1392.63,1463.97,71.34,1433.78,0,0.0384,Low Risk,1,1,Maintained VIP,Normal Alignment
14362,United Kingdom,UK,New Customers,1. Low Spend (<GBP 500),151.5,1,151.5,22,23.0,610.62,580.37,636.23,55.86,610.62,0,0.0072,Low Risk,0,0,Standard Tier,Normal Alignment
14364,United Kingdom,UK,Cannot Lose Them,3. High Spend (>GBP 2k),3717.35,8,464.67,109,212.0,2101.96,2069.38,2128.47,59.09,2101.96,1,0.0416,Low Risk,1,1,Maintained VIP,Normal Alignment
14367,United Kingdom,UK,Champions,3. High Spend (>GBP 2k),9227.82,16,576.74,8,277.0,4385.0,4315.74,4439.88,124.14,4385.0,0,0.0334,Low Risk,1,1,Maintained VIP,Normal Alignment
14368,United Kingdom,UK,Hibernating / Lost,1. Low Spend (<GBP 500),155.0,1,155.0,320,320.0,128.49,121.9,134.49,12.58,128.49,1,0.9896,High Churn Risk,0,0,Standard Tier,Normal Alignment
14371,United Kingdom,UK,Hibernating / Lost,1. Low Spend (<GBP 500),100.5,1,100.5,295,296.0,137.25,130.22,143.68,13.46,137.25,1,0.989,High Churn Risk,0,0,Standard Tier,Normal Alignment
14373,United Kingdom,UK,Hibernating / Lost,1. Low Spend (<GBP 500),76.55,1,76.55,358,359.0,116.42,110.43,121.83,11.4,116.42,1,0.9876,High Churn Risk,0,0,Standard Tier,Normal Alignment
14375,United Kingdom,UK,Hibernating / Lost,1. Low Spend (<GBP 500),235.56,1,235.56,185,186.0,199.59,189.58,208.77,19.19,199.59,1,0.9467,High Churn Risk,0,0,Standard Tier,Normal Alignment
14377,United Kingdom,UK,At Risk,2. Mid Spend (GBP 500-2k),617.05,2,308.52,191,263.0,330.06,321.06,337.66,16.6,330.06,1,0.6069,Elevated Risk,0,0,Standard Tier,Normal Alignment
14379,United Kingdom,UK,Loyal Customers,1. Low Spend (<GBP 500),348.1,2,174.05,44,296.0,274.14,265.29,283.16,17.87,274.14,0,0.5191,Elevated Risk,0,0,Standard Tier,Normal Alignment
14381,United Kingdom,UK,Promising,1. Low Spend (<GBP 500),202.68,1,202.68,52,53.0,442.79,421.64,460.5,38.86,442.79,0,0.0128,Low Risk,0,0,Standard Tier,Normal Alignment
14382,United Kingdom,UK,New Customers,2. Mid Spend (GBP 500-2k),615.49,1,615.49,26,27.0,581.25,552.9,605.28,52.38,581.25,0,0.011,Low Risk,0,0,Standard Tier,Normal Alignment
14383,United Kingdom,UK,Loyal Customers,2. Mid Spend (GBP 500-2k),1247.69,3,415.9,38,164.0,992.46,970.43,1009.98,39.55,992.46,0,0.0927,Low Risk,0,0,Standard Tier,Normal Alignment
14385,United Kingdom,UK,Loyal Customers,1. Low Spend (<GBP 500),202.11,3,67.37,9,24.0,1150.01,1046.97,1239.31,192.34,1150.01,0,0.0167,Low Risk,1,1,Maintained VIP,Normal Alignment
14386,United Kingdom,UK,Hibernating / Lost,1. Low Spend (<GBP 500),142.4,1,142.4,297,297.0,136.86,129.85,143.27,13.42,136.86,1,0.9899,High Churn Risk,0,0,Standard Tier,Normal Alignment
14387,United Kingdom,UK,Loyal Customers,2. Mid Spend (GBP 500-2k),1727.6,3,575.87,33,110.0,1564.02,1508.72,1605.74,97.02,1564.02,0,0.046,Low Risk,1,1,Maintained VIP,Normal Alignment
14388,United Kingdom,UK,Champions,3. High Spend (>GBP 2k),3212.84,8,401.6,10,373.0,1287.71,1275.78,1296.92,21.14,1287.71,0,0.0393,Low Risk,1,1,Maintained VIP,Normal Alignment
14389,United Kingdom,UK,Loyal Customers,2. Mid Spend (GBP 500-2k),1043.46,2,521.73,65,191.0,660.49,632.83,686.07,53.24,660.49,0,0.4634,Moderate Risk,0,0,Standard Tier,Normal Alignment
14390,United Kingdom,UK,Champions,3. High Spend (>GBP 2k),4642.57,9,515.84,10,373.0,1866.41,1838.02,1887.44,49.42,1866.41,0,0.0363,Low Risk,1,1,Maintained VIP,Normal Alignment
14393,United Kingdom,UK,Hibernating / Lost,1. Low Spend (<GBP 500),67.95,1,67.95,218,219.0,175.65,166.9,183.86,16.95,175.65,1,0.9882,High Churn Risk,0,0,Standard Tier,Normal Alignment
14395,United Kingdom,UK,Champions,3. High Spend (>GBP 2k),3479.91,9,386.66,2,373.0,1400.66,1388.02,1410.25,22.23,1400.66,0,0.0387,Low Risk,1,1,Maintained VIP,Normal Alignment
14396,United Kingdom,UK,Loyal Customers,1. Low Spend (<GBP 500),487.99,2,244.0,65,372.0,269.69,263.15,275.08,11.93,269.69,0,0.4449,Moderate Risk,0,0,Standard Tier,Normal Alignment
14397,United Kingdom,UK,Champions,3. High Spend (>GBP 2k),2612.96,19,137.52,3,214.0,1836.11,1791.2,1874.56,83.36,1836.11,0,0.0476,Low Risk,1,1,Maintained VIP,Normal Alignment
14400,United Kingdom,UK,About to Sleep,2. Mid Spend (GBP 500-2k),574.7,1,574.7,149,150.0,234.45,222.88,244.98,22.11,234.45,1,0.9225,High Churn Risk,0,0,Standard Tier,Normal Alignment
14401,United Kingdom,UK,Champions,3. High Spend (>GBP 2k),4051.48,13,311.65,4,360.0,1723.66,1706.66,1737.41,30.74,1723.66,0,0.0293,Low Risk,1,1,Maintained VIP,Normal Alignment
14403,United Kingdom,UK,At Risk,2. Mid Spend (GBP 500-2k),1475.81,4,368.95,130,248.0,588.01,571.41,604.01,32.61,588.01,1,0.2164,Low Risk,0,0,Standard Tier,Normal Alignment
14404,United Kingdom,UK,Loyal Customers,2. Mid Spend (GBP 500-2k),1449.32,6,241.55,34,370.0,676.35,664.78,687.32,22.53,676.35,0,0.1246,Low Risk,0,0,Standard Tier,Normal Alignment
14406,United Kingdom,UK,About to Sleep,1. Low Spend (<GBP 500),156.75,1,156.75,119,120.0,274.37,260.94,286.37,25.43,274.37,1,0.9822,High Churn Risk,0,0,Standard Tier,Normal Alignment
14407,United Kingdom,UK,Cannot Lose Them,3. High Spend (>GBP 2k),2157.73,6,359.62,107,277.0,1096.11,1083.89,1106.3,22.4,1096.11,1,0.0516,Low Risk,1,1,Maintained VIP,Normal Alignment
14408,United Kingdom,UK,Champions,3. High Spend (>GBP 2k),2599.03,7,371.29,11,265.0,1376.6,1359.71,1389.4,29.69,1376.6,0,0.0454,Low Risk,1,1,Maintained VIP,Normal Alignment
14409,United Kingdom,UK,Loyal Customers,3. High Spend (>GBP 2k),2059.45,6,343.24,71,369.0,818.76,809.12,825.07,15.95,818.76,0,0.1322,Low Risk,0,0,Standard Tier,Normal Alignment
14410,United Kingdom,UK,Cannot Lose Them,2. Mid Spend (GBP 500-2k),1100.27,9,122.25,92,306.0,645.42,625.46,666.54,41.08,645.42,1,0.132,Low Risk,0,0,Standard Tier,Normal Alignment
14411,United Kingdom,UK,Hibernating / Lost,2. Mid Spend (GBP 500-2k),1063.0,1,1063.0,311,311.0,131.64,124.89,137.79,12.9,131.64,1,0.9398,High Churn Risk,0,0,Standard Tier,Normal Alignment
14412,United Kingdom,UK,Loyal Customers,2. Mid Spend (GBP 500-2k),770.03,2,385.02,43,73.0,820.98,793.82,841.13,47.31,820.98,0,0.0116,Low Risk,0,0,Standard Tier,Normal Alignment
14413,United Kingdom,UK,Hibernating / Lost,1. Low Spend (<GBP 500),121.05,1,121.05,362,363.0,115.31,109.38,120.67,11.3,115.31,1,0.9912,High Churn Risk,0,0,Standard Tier,Normal Alignment
14414,United Kingdom,UK,Cannot Lose Them,2. Mid Spend (GBP 500-2k),1496.98,7,213.85,92,359.0,686.84,672.55,701.79,29.24,686.84,1,0.132,Low Risk,0,0,Standard Tier,Normal Alignment
14415,United Kingdom,UK,Champions,3. High Spend (>GBP 2k),5855.57,13,450.43,1,361.0,2200.73,2180.72,2215.03,34.31,2200.73,0,0.0339,Low Risk,1,1,Maintained VIP,Normal Alignment
14416,United Kingdom,UK,Loyal Customers,1. Low Spend (<GBP 500),490.22,2,245.11,22,43.0,827.09,778.3,867.49,89.18,827.09,0,0.0084,Low Risk,0,0,Standard Tier,Normal Alignment
14418,United Kingdom,UK,Loyal Customers,2. Mid Spend (GBP 500-2k),1937.25,3,645.75,4,109.0,2018.85,1926.93,2095.22,168.29,2018.85,0,0.0423,Low Risk,1,1,Maintained VIP,Normal Alignment
14419,United Kingdom,UK,Champions,2. Mid Spend (GBP 500-2k),1051.79,6,175.3,11,365.0,535.16,520.48,550.82,30.35,535.16,0,0.1357,Low Risk,0,0,Standard Tier,Normal Alignment
14420,United Kingdom,UK,About to Sleep,1. Low Spend (<GBP 500),387.52,1,387.52,99,100.0,309.52,294.5,322.68,28.18,309.52,1,0.9049,High Churn Risk,0,0,Standard Tier,Normal Alignment
14421,United Kingdom,UK,Loyal Customers,2. Mid Spend (GBP 500-2k),813.11,2,406.56,57,212.0,420.71,410.62,428.73,18.11,420.71,0,0.5071,Elevated Risk,0,0,Standard Tier,Normal Alignment
14422,United Kingdom,UK,Champions,3. High Spend (>GBP 2k),4263.64,6,710.61,1,268.0,2145.2,2093.58,2185.52,91.94,2145.2,0,0.0417,Low Risk,1,1,Maintained VIP,Normal Alignment
14423,United Kingdom,UK,Hibernating / Lost,1. Low Spend (<GBP 500),265.2,1,265.2,218,219.0,175.65,166.9,183.86,16.95,175.65,1,0.9953,High Churn Risk,0,0,Standard Tier,Normal Alignment
14424,United Kingdom,UK,New Customers,1. Low Spend (<GBP 500),322.08,1,322.08,18,18.0,651.79,618.48,679.68,61.2,651.79,0,0.0052,Low Risk,0,0,Standard Tier,Normal Alignment
14426,United Kingdom,UK,Champions,3. High Spend (>GBP 2k),4481.67,10,448.17,24,313.0,1870.31,1838.02,1894.02,56.0,1870.31,0,0.0307,Low Risk,1,1,Maintained VIP,Normal Alignment
14427,United Kingdom,UK,Loyal Customers,1. Low Spend (<GBP 500),363.34,2,181.67,50,64.0,584.31,539.58,626.57,86.99,584.31,0,0.0068,Low Risk,0,0,Standard Tier,Normal Alignment
14428,United Kingdom,UK,Champions,2. Mid Spend (GBP 500-2k),1224.06,5,244.81,7,326.0,618.23,605.82,630.39,24.57,618.23,0,0.1665,Low Risk,0,0,Standard Tier,Normal Alignment
14431,United Kingdom,UK,Hibernating / Lost,1. Low Spend (<GBP 500),470.36,1,470.36,303,303.0,134.57,127.68,140.87,13.19,134.57,1,0.981,High Churn Risk,0,0,Standard Tier,Normal Alignment
14432,United Kingdom,UK,Champions,3. High Spend (>GBP 2k),2248.5,6,374.75,10,90.0,2716.41,2642.99,2770.46,127.47,2716.41,0,0.0166,Low Risk,1,1,Maintained VIP,Normal Alignment
14434,United Kingdom,UK,Champions,2. Mid Spend (GBP 500-2k),1372.8,6,228.8,22,73.0,1911.65,1839.77,1968.92,129.14,1911.65,0,0.0312,Low Risk,1,1,Maintained VIP,Normal Alignment
14436,United Kingdom,UK,About to Sleep,1. Low Spend (<GBP 500),89.06,1,89.06,99,99.0,311.51,296.38,324.69,28.31,311.51,1,0.9734,High Churn Risk,0,0,Standard Tier,Normal Alignment
14437,United Kingdom,UK,Hibernating / Lost,1. Low Spend (<GBP 500),63.0,1,63.0,366,366.0,114.49,108.6,119.82,11.22,114.49,1,0.9889,High Churn Risk,0,0,Standard Tier,Normal Alignment
14438,United Kingdom,UK,Hibernating / Lost,1. Low Spend (<GBP 500),131.9,1,131.9,306,307.0,133.09,126.27,139.32,13.04,133.09,1,0.9929,High Churn Risk,0,0,Standard Tier,Normal Alignment
14439,Greece,International,Hibernating / Lost,3. High Spend (>GBP 2k),2661.24,1,2661.24,320,320.0,128.49,121.9,134.49,12.58,278.48,1,0.8832,High Churn Risk,0,0,Standard Tier,Normal Alignment
14440,United Kingdom,UK,Champions,3. High Spend (>GBP 2k),2357.68,5,471.54,8,366.0,813.51,804.05,820.31,16.26,813.51,0,0.2006,Low Risk,0,0,Standard Tier,Normal Alignment
14441,United Kingdom,UK,Champions,2. Mid Spend (GBP 500-2k),1712.89,4,428.22,1,256.0,902.98,887.94,912.61,24.67,902.98,0,0.1594,Low Risk,0,0,Standard Tier,Normal Alignment
14442,Channel Islands,International,At Risk,2. Mid Spend (GBP 500-2k),1589.82,2,794.91,205,317.0,503.13,478.23,527.09,48.86,714.4,1,0.5812,Elevated Risk,0,0,Standard Tier,Normal Alignment
14443,United Kingdom,UK,Loyal Customers,2. Mid Spend (GBP 500-2k),1420.2,4,355.05,54,369.0,576.54,569.81,582.05,12.24,576.54,0,0.2589,Moderate Risk,0,0,Standard Tier,Normal Alignment
14446,United Kingdom,UK,Champions,2. Mid Spend (GBP 500-2k),1010.35,4,252.59,1,247.0,601.19,585.14,616.52,31.38,601.19,0,0.1391,Low Risk,0,0,Standard Tier,Normal Alignment
14447,United Kingdom,UK,Champions,2. Mid Spend (GBP 500-2k),1163.23,5,232.65,19,281.0,627.52,615.97,637.54,21.58,627.52,0,0.136,Low Risk,0,0,Standard Tier,Normal Alignment
14448,United Kingdom,UK,Loyal Customers,1. Low Spend (<GBP 500),375.35,2,187.68,9,365.0,240.7,233.65,247.31,13.66,240.7,0,0.6687,Elevated Risk,0,0,Standard Tier,Normal Alignment
14449,United Kingdom,UK,Champions,2. Mid Spend (GBP 500-2k),885.8,4,221.45,19,373.0,413.32,401.64,425.01,23.37,413.32,0,0.3032,Moderate Risk,0,0,Standard Tier,Normal Alignment
14450,United Kingdom,UK,At Risk,1. Low Spend (<GBP 500),483.25,3,161.08,181,321.0,312.76,298.84,326.94,28.1,312.76,1,0.5227,Elevated Risk,0,0,Standard Tier,Normal Alignment
14451,United Kingdom,UK,Loyal Customers,2. Mid Spend (GBP 500-2k),643.9,2,321.95,60,195.0,409.48,398.26,419.68,21.42,409.48,0,0.4944,Moderate Risk,0,0,Standard Tier,Normal Alignment
14452,United Kingdom,UK,Loyal Customers,1. Low Spend (<GBP 500),259.05,2,129.52,11,94.0,548.37,518.85,574.67,55.81,548.37,0,0.1466,Low Risk,0,0,Standard Tier,Normal Alignment
14453,United Kingdom,UK,Hibernating / Lost,1. Low Spend (<GBP 500),119.93,1,119.93,190,191.0,195.55,185.72,204.57,18.85,195.55,1,0.9909,High Churn Risk,0,0,Standard Tier,Normal Alignment
14456,United Kingdom,UK,Champions,3. High Spend (>GBP 2k),3017.28,9,335.25,5,143.0,2754.25,2700.4,2793.94,93.54,2754.25,0,0.0346,Low Risk,1,1,Maintained VIP,Normal Alignment
14457,United Kingdom,UK,Hibernating / Lost,1. Low Spend (<GBP 500),113.64,1,113.64,311,311.0,131.64,124.89,137.79,12.9,131.64,1,0.9923,High Churn Risk,0,0,Standard Tier,Normal Alignment
14459,United Kingdom,UK,About to Sleep,2. Mid Spend (GBP 500-2k),1837.92,1,1837.92,155,156.0,227.82,216.57,238.1,21.53,227.82,1,0.8802,High Churn Risk,0,0,Standard Tier,Normal Alignment
14460,United Kingdom,UK,At Risk,1. Low Spend (<GBP 500),434.34,3,144.78,110,311.0,354.19,341.57,366.66,25.09,354.19,1,0.5723,Elevated Risk,0,0,Standard Tier,Normal Alignment
14461,United Kingdom,UK,At Risk,3. High Spend (>GBP 2k),2103.06,3,701.02,148,262.0,835.29,809.49,857.56,48.07,835.29,1,0.2592,Moderate Risk,0,0,Standard Tier,Normal Alignment
14462,United Kingdom,UK,Loyal Customers,2. Mid Spend (GBP 500-2k),1980.57,11,180.05,66,340.0,977.06,960.51,992.77,32.26,977.06,0,0.0574,Low Risk,0,0,Standard Tier,Normal Alignment
14463,United Kingdom,UK,At Risk,2. Mid Spend (GBP 500-2k),529.62,3,176.54,98,206.0,501.3,483.81,518.16,34.34,501.3,1,0.3028,Moderate Risk,0,0,Standard Tier,Normal Alignment
14465,United Kingdom,UK,At Risk,2. Mid Spend (GBP 500-2k),1038.44,3,346.15,247,303.0,345.32,336.6,352.35,15.75,345.32,1,0.4078,Moderate Risk,0,0,Standard Tier,Normal Alignment
14466,United Kingdom,UK,Champions,3. High Spend (>GBP 2k),2272.4,7,324.63,29,373.0,895.88,885.36,904.66,19.3,895.88,0,0.1001,Low Risk,0,0,Standard Tier,Normal Alignment
14467,United Kingdom,UK,Champions,2. Mid Spend (GBP 500-2k),596.26,4,149.06,18,313.0,392.73,375.77,409.96,34.2,392.73,0,0.2897,Moderate Risk,0,0,Standard Tier,Normal Alignment
14470,United Kingdom,UK,Loyal Customers,1. Low Spend (<GBP 500),461.19,2,230.6,12,288.0,251.72,240.77,262.36,21.58,251.72,0,0.479,Moderate Risk,0,0,Standard Tier,Normal Alignment
14472,United Kingdom,UK,Cannot Lose Them,2. Mid Spend (GBP 500-2k),1852.67,8,231.58,104,356.0,827.55,813.25,842.32,29.07,827.55,1,0.0736,Low Risk,0,0,Standard Tier,Normal Alignment
14473,United Kingdom,UK,At Risk,1. Low Spend (<GBP 500),234.34,2,117.17,74,283.0,249.79,238.18,261.05,22.87,249.79,0,0.6248,Elevated Risk,0,0,Standard Tier,Normal Alignment
14474,United Kingdom,UK,Promising,2. Mid Spend (GBP 500-2k),547.66,1,547.66,46,47.0,468.55,446.28,486.96,40.68,468.55,0,0.0055,Low Risk,0,0,Standard Tier,Normal Alignment
14475,United Kingdom,UK,Loyal Customers,2. Mid Spend (GBP 500-2k),925.85,3,308.62,72,305.0,447.63,438.83,456.21,17.39,447.63,0,0.4544,Moderate Risk,0,0,Standard Tier,Normal Alignment
14476,United Kingdom,UK,Hibernating / Lost,1. Low Spend (<GBP 500),193.0,1,193.0,257,258.0,153.85,146.01,161.12,15.12,153.85,1,0.9941,High Churn Risk,0,0,Standard Tier,Normal Alignment
14477,United Kingdom,UK,Champions,2. Mid Spend (GBP 500-2k),1309.6,4,327.4,20,298.0,704.22,695.28,711.35,16.07,704.22,0,0.2381,Low Risk,0,0,Standard Tier,Normal Alignment
14479,United Kingdom,UK,At Risk,1. Low Spend (<GBP 500),316.25,2,158.12,254,366.0,198.29,188.91,207.51,18.6,198.29,1,0.6815,Elevated Risk,0,0,Standard Tier,Normal Alignment
14480,United Kingdom,UK,New Customers,1. Low Spend (<GBP 500),279.05,1,279.05,11,12.0,709.18,671.24,740.15,68.92,709.18,0,0.0025,Low Risk,0,0,Standard Tier,Normal Alignment
14481,United Kingdom,UK,At Risk,2. Mid Spend (GBP 500-2k),636.51,2,318.26,165,288.0,318.3,309.86,324.81,14.94,318.3,1,0.5689,Elevated Risk,0,0,Standard Tier,Normal Alignment
14482,United Kingdom,UK,Champions,3. High Spend (>GBP 2k),2022.81,6,337.14,18,240.0,1224.49,1208.66,1236.75,28.1,1224.49,0,0.0457,Low Risk,1,1,Maintained VIP,Normal Alignment
14483,United Kingdom,UK,Hibernating / Lost,1. Low Spend (<GBP 500),137.1,1,137.1,282,282.0,142.93,135.62,149.65,14.03,142.93,1,0.9938,High Churn Risk,0,0,Standard Tier,Normal Alignment
14484,United Kingdom,UK,Promising,1. Low Spend (<GBP 500),321.92,1,321.92,50,51.0,451.06,429.56,468.99,39.44,451.06,0,0.0064,Low Risk,0,0,Standard Tier,Normal Alignment
14485,United Kingdom,UK,Promising,1. Low Spend (<GBP 500),162.8,1,162.8,39,39.0,507.94,483.92,528.05,44.12,507.94,0,0.0082,Low Risk,0,0,Standard Tier,Normal Alignment
14487,United Kingdom,UK,Champions,2. Mid Spend (GBP 500-2k),1165.48,6,194.25,27,369.0,563.06,552.03,573.68,21.65,563.06,0,0.1304,Low Risk,0,0,Standard Tier,Normal Alignment
14488,United Kingdom,UK,Promising,2. Mid Spend (GBP 500-2k),1064.28,1,1064.28,68,68.0,389.29,370.97,404.95,33.99,389.29,0,0.0421,Low Risk,0,0,Standard Tier,Normal Alignment
14489,United Kingdom,UK,Hibernating / Lost,1. Low Spend (<GBP 500),463.38,1,463.38,207,208.0,182.97,173.92,191.48,17.56,182.97,1,0.9702,High Churn Risk,0,0,Standard Tier,Normal Alignment
14491,United Kingdom,UK,At Risk,1. Low Spend (<GBP 500),340.93,2,170.46,175,373.0,217.62,210.1,225.3,15.2,217.62,1,0.6895,Elevated Risk,0,0,Standard Tier,Normal Alignment
14493,United Kingdom,UK,Champions,3. High Spend (>GBP 2k),2383.24,5,476.65,7,156.0,1671.51,1640.48,1694.64,54.16,1671.51,0,0.0398,Low Risk,1,1,Maintained VIP,Normal Alignment
14494,United Kingdom,UK,New Customers,1. Low Spend (<GBP 500),139.56,1,139.56,26,26.0,588.32,559.58,612.73,53.15,588.32,0,0.0033,Low Risk,0,0,Standard Tier,Normal Alignment
14495,United Kingdom,UK,Loyal Customers,1. Low Spend (<GBP 500),123.8,2,61.9,51,122.0,425.53,397.79,450.78,52.99,425.53,0,0.4453,Moderate Risk,0,0,Standard Tier,Normal Alignment
14496,United Kingdom,UK,At Risk,2. Mid Spend (GBP 500-2k),538.81,2,269.41,312,374.0,223.6,216.51,230.94,14.43,223.6,1,0.6362,Elevated Risk,0,0,Standard Tier,Normal Alignment
14497,United Kingdom,UK,Hibernating / Lost,1. Low Spend (<GBP 500),475.37,1,475.37,309,310.0,132.0,125.24,138.17,12.93,132.0,1,0.9811,High Churn Risk,0,0,Standard Tier,Normal Alignment
14498,United Kingdom,UK,Loyal Customers,2. Mid Spend (GBP 500-2k),1957.32,5,391.46,43,362.0,855.23,844.14,862.25,18.11,855.23,0,0.156,Low Risk,0,0,Standard Tier,Normal Alignment
14499,United Kingdom,UK,Loyal Customers,2. Mid Spend (GBP 500-2k),808.44,3,269.48,26,279.0,511.45,502.73,518.8,16.07,511.45,0,0.3338,Moderate Risk,0,0,Standard Tier,Normal Alignment
14500,United Kingdom,UK,At Risk,1. Low Spend (<GBP 500),356.85,3,118.95,88,190.0,329.67,299.67,361.49,61.82,329.67,0,0.3373,Moderate Risk,0,0,Standard Tier,Normal Alignment
14501,United Kingdom,UK,At Risk,1. Low Spend (<GBP 500),251.21,2,125.6,184,320.0,237.73,228.47,247.02,18.54,237.73,1,0.6298,Elevated Risk,0,0,Standard Tier,Normal Alignment
14502,United Kingdom,UK,Champions,3. High Spend (>GBP 2k),2429.83,11,220.89,20,314.0,1226.5,1211.5,1240.0,28.5,1226.5,0,0.0363,Low Risk,1,1,Maintained VIP,Normal Alignment
14503,United Kingdom,UK,Champions,3. High Spend (>GBP 2k),3543.26,6,590.54,3,179.0,2333.17,2281.75,2371.4,89.65,2333.17,0,0.0428,Low Risk,1,1,Maintained VIP,Normal Alignment
14504,United Kingdom,UK,Loyal Customers,2. Mid Spend (GBP 500-2k),673.26,4,168.32,47,279.0,460.74,443.69,477.76,34.07,460.74,0,0.2124,Low Risk,0,0,Standard Tier,Normal Alignment
14505,United Kingdom,UK,Champions,3. High Spend (>GBP 2k),5859.43,8,732.43,17,363.0,2067.75,2033.13,2094.66,61.53,2067.75,0,0.0351,Low Risk,1,1,Maintained VIP,Normal Alignment
14506,United Kingdom,UK,Champions,2. Mid Spend (GBP 500-2k),1960.65,5,392.13,17,370.0,806.86,797.51,813.53,16.02,806.86,0,0.1679,Low Risk,0,0,Standard Tier,Normal Alignment
14507,United Kingdom,UK,Champions,2. Mid Spend (GBP 500-2k),1367.88,6,227.98,24,277.0,694.28,679.23,708.7,29.47,694.28,0,0.0896,Low Risk,0,0,Standard Tier,Normal Alignment
14508,United Kingdom,UK,Loyal Customers,1. Low Spend (<GBP 500),268.05,2,134.02,22,90.0,562.28,531.58,589.37,57.79,562.28,0,0.0165,Low Risk,0,0,Standard Tier,Normal Alignment
14511,United Kingdom,UK,Champions,2. Mid Spend (GBP 500-2k),1314.81,5,262.96,11,134.0,1371.79,1344.11,1396.11,52.01,1371.79,0,0.0424,Low Risk,1,1,Maintained VIP,Normal Alignment
14512,United Kingdom,UK,At Risk,1. Low Spend (<GBP 500),275.28,2,137.64,188,233.0,292.81,278.76,306.02,27.26,292.81,1,0.6354,Elevated Risk,0,0,Standard Tier,Normal Alignment
14513,United Kingdom,UK,At Risk,1. Low Spend (<GBP 500),455.59,3,151.86,101,289.0,390.61,377.84,402.99,25.15,390.61,1,0.5039,Elevated Risk,0,0,Standard Tier,Normal Alignment
14514,United Kingdom,UK,Loyal Customers,2. Mid Spend (GBP 500-2k),990.2,3,330.07,61,332.0,460.33,452.95,466.26,13.3,460.33,0,0.382,Moderate Risk,0,0,Standard Tier,Normal Alignment
14515,United Kingdom,UK,Champions,3. High Spend (>GBP 2k),2076.89,6,346.15,18,219.0,1219.8,1201.88,1233.49,31.61,1219.8,0,0.0457,Low Risk,1,1,Maintained VIP,Normal Alignment
14517,United Kingdom,UK,Loyal Customers,1. Low Spend (<GBP 500),330.45,2,165.22,33,142.0,379.04,353.6,402.22,48.61,379.04,0,0.2945,Moderate Risk,0,0,Standard Tier,Normal Alignment
14518,United Kingdom,UK,Promising,1. Low Spend (<GBP 500),174.37,1,174.37,64,65.0,398.93,380.34,414.88,34.54,398.93,0,0.0355,Low Risk,0,0,Standard Tier,Normal Alignment
14520,United Kingdom,UK,Loyal Customers,1. Low Spend (<GBP 500),270.6,2,135.3,2,291.0,227.06,214.41,239.22,24.81,227.06,0,0.636,Elevated Risk,0,0,Standard Tier,Normal Alignment
14522,United Kingdom,UK,Champions,2. Mid Spend (GBP 500-2k),974.54,4,243.64,24,199.0,707.43,687.65,725.71,38.07,707.43,0,0.1217,Low Risk,0,0,Standard Tier,Normal Alignment
14523,United Kingdom,UK,About to Sleep,1. Low Spend (<GBP 500),241.09,1,241.09,108,109.0,292.65,278.42,305.29,26.87,292.65,1,0.9353,High Churn Risk,0,0,Standard Tier,Normal Alignment
14524,United Kingdom,UK,Champions,2. Mid Spend (GBP 500-2k),1843.83,9,204.87,32,361.0,786.26,776.2,794.62,18.42,786.26,0,0.0688,Low Risk,0,0,Standard Tier,Normal Alignment
14525,United Kingdom,UK,Champions,3. High Spend (>GBP 2k),4215.9,9,468.43,20,362.0,1666.81,1650.0,1679.7,29.7,1666.81,0,0.036,Low Risk,1,1,Maintained VIP,Normal Alignment
14527,United Kingdom,UK,Champions,3. High Spend (>GBP 2k),8507.13,55,154.68,3,370.0,3515.17,3472.68,3549.34,76.65,3515.17,0,0.0848,Low Risk,1,1,Maintained VIP,Normal Alignment
14528,United Kingdom,UK,Promising,1. Low Spend (<GBP 500),364.22,1,364.22,37,38.0,513.34,489.04,533.72,44.68,513.34,0,0.0042,Low Risk,0,0,Standard Tier,Normal Alignment
14529,United Kingdom,UK,Loyal Customers,2. Mid Spend (GBP 500-2k),578.61,3,192.87,60,111.0,812.33,782.56,836.86,54.3,812.33,0,0.0977,Low Risk,0,0,Standard Tier,Normal Alignment
14530,United Kingdom,UK,Champions,3. High Spend (>GBP 2k),2862.11,6,477.02,26,297.0,1214.85,1199.69,1225.19,25.5,1214.85,0,0.0573,Low Risk,1,1,Maintained VIP,Normal Alignment
14532,United Kingdom,UK,At Risk,2. Mid Spend (GBP 500-2k),932.85,4,233.21,236,353.0,446.54,434.99,457.97,22.99,446.54,1,0.2882,Moderate Risk,0,0,Standard Tier,Normal Alignment
14533,United Kingdom,UK,Champions,2. Mid Spend (GBP 500-2k),1949.72,7,278.53,25,353.0,790.57,777.33,803.18,25.85,790.57,0,0.0946,Low Risk,0,0,Standard Tier,Normal Alignment
14534,United Kingdom,UK,Champions,3. High Spend (>GBP 2k),4397.3,18,244.29,3,319.0,2039.6,2012.31,2061.06,48.75,2039.6,0,0.0294,Low Risk,1,1,Maintained VIP,Normal Alignment
14535,United Kingdom,UK,Loyal Customers,3. High Spend (>GBP 2k),2854.84,3,951.61,60,249.0,1196.35,1142.84,1241.59,98.75,1196.35,0,0.1359,Low Risk,1,1,Maintained VIP,Normal Alignment
14536,United Kingdom,UK,Hibernating / Lost,1. Low Spend (<GBP 500),170.95,1,170.95,260,260.0,152.87,145.08,160.1,15.02,152.87,1,0.9878,High Churn Risk,0,0,Standard Tier,Normal Alignment
14537,United Kingdom,UK,Promising,1. Low Spend (<GBP 500),355.56,1,355.56,58,58.0,423.4,403.07,440.41,37.34,423.4,0,0.013,Low Risk,0,0,Standard Tier,Normal Alignment
14538,United Kingdom,UK,Loyal Customers,1. Low Spend (<GBP 500),388.25,2,194.12,65,257.0,327.48,318.63,335.76,17.13,327.48,0,0.647,Elevated Risk,0,0,Standard Tier,Normal Alignment
14539,United Kingdom,UK,Loyal Customers,2. Mid Spend (GBP 500-2k),537.48,2,268.74,16,45.0,1258.33,1210.74,1294.89,84.15,1258.33,0,0.0091,Low Risk,1,1,Maintained VIP,Normal Alignment
14540,United Kingdom,UK,Loyal Customers,2. Mid Spend (GBP 500-2k),952.66,3,317.55,10,310.0,496.75,489.18,502.88,13.7,496.75,0,0.4043,Moderate Risk,0,0,Standard Tier,Normal Alignment
14541,United Kingdom,UK,Loyal Customers,2. Mid Spend (GBP 500-2k),1453.35,8,181.67,59,320.0,762.59,746.59,779.21,32.62,762.59,0,0.077,Low Risk,0,0,Standard Tier,Normal Alignment
14542,United Kingdom,UK,Hibernating / Lost,1. Low Spend (<GBP 500),103.25,1,103.25,186,186.0,199.59,189.58,208.77,19.19,199.59,1,0.9815,High Churn Risk,0,0,Standard Tier,Normal Alignment
14543,United Kingdom,UK,Champions,3. High Spend (>GBP 2k),3599.73,16,224.98,29,365.0,1528.48,1509.7,1544.61,34.91,1528.48,0,0.0768,Low Risk,1,1,Maintained VIP,Normal Alignment
14544,United Kingdom,UK,Loyal Customers,3. High Spend (>GBP 2k),2004.3,2,1002.15,24,362.0,445.21,423.53,466.3,42.77,445.21,0,0.4844,Moderate Risk,0,0,Standard Tier,Normal Alignment
14546,United Kingdom,UK,Champions,3. High Spend (>GBP 2k),2573.93,5,514.79,5,249.0,1286.27,1264.94,1301.21,36.27,1286.27,0,0.0587,Low Risk,1,1,Maintained VIP,Normal Alignment
14547,United Kingdom,UK,Champions,3. High Spend (>GBP 2k),3974.75,8,496.84,4,55.0,5859.86,5645.36,6030.1,384.74,5859.86,0,0.0161,Low Risk,1,1,Maintained VIP,Normal Alignment
14548,United Kingdom,UK,At Risk,2. Mid Spend (GBP 500-2k),652.8,2,326.4,151,318.0,290.17,282.82,296.26,13.43,290.17,1,0.6088,Elevated Risk,0,0,Standard Tier,Normal Alignment
14549,United Kingdom,UK,Hibernating / Lost,1. Low Spend (<GBP 500),289.24,1,289.24,311,312.0,131.28,124.55,137.42,12.86,131.28,1,0.9974,High Churn Risk,0,0,Standard Tier,Normal Alignment
14550,United Kingdom,UK,Loyal Customers,2. Mid Spend (GBP 500-2k),757.37,2,378.69,11,45.0,1193.39,1150.43,1228.99,78.55,1193.39,0,0.0085,Low Risk,1,1,Maintained VIP,Normal Alignment
14551,United Kingdom,UK,Loyal Customers,1. Low Spend (<GBP 500),186.23,2,93.12,18,205.0,278.73,259.97,297.02,37.06,278.73,0,0.5467,Elevated Risk,0,0,Standard Tier,Normal Alignment
14552,United Kingdom,UK,About to Sleep,1. Low Spend (<GBP 500),164.22,1,164.22,152,152.0,232.19,220.73,242.64,21.91,232.19,1,0.9584,High Churn Risk,0,0,Standard Tier,Normal Alignment
14553,United Kingdom,UK,Champions,2. Mid Spend (GBP 500-2k),859.27,5,171.85,19,340.0,440.69,427.83,453.62,25.79,440.69,0,0.1868,Low Risk,0,0,Standard Tier,Normal Alignment
14554,United Kingdom,UK,Champions,3. High Spend (>GBP 2k),2279.49,4,569.87,10,53.0,3410.25,3269.04,3529.1,260.06,3410.25,0,0.0222,Low Risk,1,1,Maintained VIP,Normal Alignment
14555,United Kingdom,UK,Loyal Customers,1. Low Spend (<GBP 500),312.54,2,156.27,57,303.0,227.2,215.64,238.43,22.79,227.2,0,0.6593,Elevated Risk,0,0,Standard Tier,Normal Alignment
14557,United Kingdom,UK,About to Sleep,2. Mid Spend (GBP 500-2k),788.38,1,788.38,85,86.0,340.0,323.37,353.91,30.54,340.0,0,0.0576,Low Risk,0,0,Standard Tier,Normal Alignment
14560,United Kingdom,UK,Champions,3. High Spend (>GBP 2k),2237.77,22,101.72,7,358.0,946.08,919.62,975.01,55.39,946.08,0,0.0765,Low Risk,0,0,Standard Tier,Normal Alignment
14561,United Kingdom,UK,At Risk,2. Mid Spend (GBP 500-2k),1080.76,3,360.25,76,185.0,816.41,800.68,827.5,26.82,816.41,0,0.1244,Low Risk,0,0,Standard Tier,Normal Alignment
14562,United Kingdom,UK,Champions,3. High Spend (>GBP 2k),5006.77,18,278.15,4,305.0,2443.54,2416.3,2465.16,48.85,2443.54,0,0.0282,Low Risk,1,1,Maintained VIP,Normal Alignment
14565,United Kingdom,UK,At Risk,3. High Spend (>GBP 2k),3099.12,4,774.78,96,362.0,885.47,863.57,903.4,39.83,885.47,1,0.2553,Moderate Risk,0,0,Standard Tier,Normal Alignment
14566,Channel Islands,International,About to Sleep,2. Mid Spend (GBP 500-2k),1432.0,1,1432.0,111,111.0,289.15,275.07,301.67,26.59,504.48,1,0.9098,High Churn Risk,0,0,Standard Tier,Normal Alignment
14567,United Kingdom,UK,Loyal Customers,2. Mid Spend (GBP 500-2k),1530.36,2,765.18,57,131.0,870.28,831.58,904.66,73.07,870.28,0,0.2057,Low Risk,0,0,Standard Tier,Normal Alignment
14569,United Kingdom,UK,New Customers,1. Low Spend (<GBP 500),227.39,1,227.39,1,2.0,831.13,782.48,871.45,88.98,831.13,0,0.0018,Low Risk,0,0,Standard Tier,Normal Alignment
14570,United Kingdom,UK,At Risk,1. Low Spend (<GBP 500),218.06,2,109.03,281,281.0,143.35,136.03,150.09,14.07,143.35,1,0.6198,Elevated Risk,0,0,Standard Tier,Normal Alignment
14572,United Kingdom,UK,Champions,3. High Spend (>GBP 2k),2804.54,7,400.65,3,325.0,1255.69,1242.46,1265.71,23.25,1255.69,0,0.04,Low Risk,1,1,Maintained VIP,Normal Alignment
14573,United Kingdom,UK,Cannot Lose Them,2. Mid Spend (GBP 500-2k),1639.82,9,182.2,180,373.0,654.38,638.15,671.6,33.46,654.38,1,0.0931,Low Risk,0,0,Standard Tier,Normal Alignment
14576,United Kingdom,UK,Hibernating / Lost,1. Low Spend (<GBP 500),35.4,1,35.4,372,373.0,112.62,106.83,117.87,11.04,112.62,1,0.9763,High Churn Risk,0,0,Standard Tier,Normal Alignment
14577,United Kingdom,UK,Champions,2. Mid Spend (GBP 500-2k),859.71,4,214.93,13,363.0,363.56,349.04,377.9,28.86,363.56,0,0.2578,Moderate Risk,0,0,Standard Tier,Normal Alignment
14578,United Kingdom,UK,New Customers,1. Low Spend (<GBP 500),168.63,1,168.63,3,4.0,803.5,757.04,840.96,83.92,803.5,0,0.0022,Low Risk,0,0,Standard Tier,Normal Alignment
14581,United Kingdom,UK,New Customers,1. Low Spend (<GBP 500),138.6,1,138.6,17,17.0,660.7,626.69,689.09,62.4,660.7,0,0.0022,Low Risk,0,0,Standard Tier,Normal Alignment
14582,United Kingdom,UK,Promising,1. Low Spend (<GBP 500),114.11,1,114.11,41,41.0,497.49,473.98,517.05,43.07,497.49,0,0.0044,Low Risk,0,0,Standard Tier,Normal Alignment
14583,United Kingdom,UK,Champions,2. Mid Spend (GBP 500-2k),986.96,5,197.39,6,206.0,799.38,777.55,820.85,43.3,799.38,0,0.0792,Low Risk,0,0,Standard Tier,Normal Alignment
14584,United Kingdom,UK,At Risk,2. Mid Spend (GBP 500-2k),1033.06,4,258.26,169,199.0,777.71,759.05,792.84,33.79,777.71,1,0.1329,Low Risk,0,0,Standard Tier,Normal Alignment
14585,United Kingdom,UK,Promising,1. Low Spend (<GBP 500),157.05,1,157.05,50,51.0,451.06,429.56,468.99,39.44,451.06,0,0.0123,Low Risk,0,0,Standard Tier,Normal Alignment
14586,United Kingdom,UK,Hibernating / Lost,1. Low Spend (<GBP 500),237.36,1,237.36,277,277.0,145.07,137.66,151.9,14.24,145.07,1,0.9661,High Churn Risk,0,0,Standard Tier,Normal Alignment
14587,United Kingdom,UK,Champions,2. Mid Spend (GBP 500-2k),1580.29,9,175.59,19,332.0,785.52,766.76,805.12,38.35,785.52,0,0.0743,Low Risk,0,0,Standard Tier,Normal Alignment
14589,United Kingdom,UK,Hibernating / Lost,1. Low Spend (<GBP 500),39.75,1,39.75,372,372.0,112.88,107.08,118.14,11.07,112.88,1,0.9873,High Churn Risk,0,0,Standard Tier,Normal Alignment
14591,United Kingdom,UK,Champions,2. Mid Spend (GBP 500-2k),1320.21,4,330.05,15,214.0,795.65,749.37,838.92,89.55,795.65,0,0.105,Low Risk,0,0,Standard Tier,Normal Alignment
14592,United Kingdom,UK,Loyal Customers,2. Mid Spend (GBP 500-2k),557.94,3,185.98,35,65.0,940.88,889.8,987.58,97.78,940.88,0,0.0128,Low Risk,0,0,Standard Tier,Normal Alignment
14593,United Kingdom,UK,Loyal Customers,2. Mid Spend (GBP 500-2k),617.15,3,205.72,22,199.0,399.71,388.49,410.02,21.53,399.71,0,0.2214,Low Risk,0,0,Standard Tier,Normal Alignment
14594,United Kingdom,UK,Loyal Customers,1. Low Spend (<GBP 500),363.33,2,181.66,7,374.0,184.11,173.94,193.88,19.94,184.11,0,0.5344,Elevated Risk,0,0,Standard Tier,Normal Alignment
14595,United Kingdom,UK,Champions,2. Mid Spend (GBP 500-2k),1740.6,6,290.1,20,314.0,889.74,877.75,899.4,21.65,889.74,0,0.1116,Low Risk,0,0,Standard Tier,Normal Alignment
14597,United Kingdom,UK,Loyal Customers,2. Mid Spend (GBP 500-2k),866.24,2,433.12,11,192.0,640.9,615.31,664.16,48.85,640.9,0,0.4255,Moderate Risk,0,0,Standard Tier,Normal Alignment
14598,United Kingdom,UK,Promising,1. Low Spend (<GBP 500),221.97,1,221.97,44,45.0,477.81,455.14,496.47,41.33,477.81,0,0.0082,Low Risk,0,0,Standard Tier,Normal Alignment
14600,United Kingdom,UK,Hibernating / Lost,1. Low Spend (<GBP 500),393.33,1,393.33,306,306.0,133.46,126.62,139.7,13.08,133.46,1,0.9954,High Churn Risk,0,0,Standard Tier,Normal Alignment
14601,United Kingdom,UK,New Customers,1. Low Spend (<GBP 500),213.96,1,213.96,11,11.0,719.74,680.92,751.21,70.29,719.74,0,0.0022,Low Risk,0,0,Standard Tier,Normal Alignment
14603,United Kingdom,UK,Hibernating / Lost,2. Mid Spend (GBP 500-2k),660.0,1,660.0,275,275.0,145.95,138.5,152.82,14.33,145.95,1,0.9515,High Churn Risk,0,0,Standard Tier,Normal Alignment
14606,United Kingdom,UK,Champions,3. High Spend (>GBP 2k),12076.15,93,129.85,1,374.0,4967.61,4912.37,5011.46,99.09,4967.61,0,0.0414,Low Risk,1,1,Maintained VIP,Normal Alignment
14607,United Kingdom,UK,Champions,3. High Spend (>GBP 2k),16209.5,14,1157.82,16,262.0,8249.37,7937.69,8490.14,552.46,8249.37,0,0.0473,Low Risk,1,1,Maintained VIP,Normal Alignment
14608,United Kingdom,UK,Champions,2. Mid Spend (GBP 500-2k),1785.15,4,446.29,4,363.0,754.93,741.57,765.7,24.13,754.93,0,0.3187,Moderate Risk,0,0,Standard Tier,Normal Alignment
14609,United Kingdom,UK,Loyal Customers,2. Mid Spend (GBP 500-2k),601.56,4,150.39,72,297.0,407.48,389.79,425.58,35.78,407.48,0,0.3168,Moderate Risk,0,0,Standard Tier,Normal Alignment
14616,United Kingdom,UK,At Risk,1. Low Spend (<GBP 500),406.08,3,135.36,243,318.0,254.82,237.51,273.28,35.77,254.82,1,0.6401,Elevated Risk,0,0,Standard Tier,Normal Alignment
14618,United Kingdom,UK,Loyal Customers,2. Mid Spend (GBP 500-2k),553.44,3,184.48,9,338.0,306.52,293.6,319.55,25.96,306.52,0,0.473,Moderate Risk,0,0,Standard Tier,Normal Alignment
14619,United Kingdom,UK,Hibernating / Lost,1. Low Spend (<GBP 500),394.44,1,394.44,246,246.0,159.96,151.83,167.5,15.66,159.96,1,0.992,High Churn Risk,0,0,Standard Tier,Normal Alignment
14620,United Kingdom,UK,At Risk,1. Low Spend (<GBP 500),412.78,2,206.39,206,284.0,260.18,249.84,270.61,20.77,260.18,1,0.5738,Elevated Risk,0,0,Standard Tier,Normal Alignment
14621,United Kingdom,UK,Champions,2. Mid Spend (GBP 500-2k),1788.36,5,357.67,1,359.0,744.41,736.15,750.74,14.59,744.41,0,0.1472,Low Risk,0,0,Standard Tier,Normal Alignment
14622,United Kingdom,UK,Hibernating / Lost,1. Low Spend (<GBP 500),320.58,1,320.58,185,185.0,200.42,190.38,209.63,19.25,200.42,1,0.9838,High Churn Risk,0,0,Standard Tier,Normal Alignment
14623,United Kingdom,UK,Champions,2. Mid Spend (GBP 500-2k),886.7,5,177.34,32,236.0,632.68,611.16,655.19,44.03,632.68,0,0.1147,Low Risk,0,0,Standard Tier,Normal Alignment
14624,United Kingdom,UK,Loyal Customers,1. Low Spend (<GBP 500),225.85,2,112.92,57,60.0,574.28,526.15,619.27,93.11,574.28,0,0.0113,Low Risk,0,0,Standard Tier,Normal Alignment
14625,United Kingdom,UK,At Risk,2. Mid Spend (GBP 500-2k),899.63,2,449.82,196,362.0,255.67,248.98,261.27,12.29,255.67,1,0.4981,Moderate Risk,0,0,Standard Tier,Normal Alignment
14626,United Kingdom,UK,Champions,3. High Spend (>GBP 2k),2791.27,4,697.82,24,234.0,1420.38,1377.92,1456.02,78.1,1420.38,0,0.0899,Low Risk,1,1,Maintained VIP,Normal Alignment
14628,United Kingdom,UK,At Risk,2. Mid Spend (GBP 500-2k),671.96,2,335.98,91,243.0,369.21,359.91,376.48,16.57,369.21,1,0.5649,Elevated Risk,0,0,Standard Tier,Normal Alignment
14629,United Kingdom,UK,Loyal Customers,2. Mid Spend (GBP 500-2k),955.26,2,477.63,4,48.0,1075.6,1037.46,1104.3,66.84,1075.6,0,0.0086,Low Risk,0,0,Standard Tier,Normal Alignment
14631,United Kingdom,UK,Loyal Customers,2. Mid Spend (GBP 500-2k),1006.98,3,335.66,51,299.0,487.58,479.58,494.24,14.66,487.58,0,0.443,Moderate Risk,0,0,Standard Tier,Normal Alignment
14632,United Kingdom,UK,Hibernating / Lost,1. Low Spend (<GBP 500),114.56,1,114.56,263,263.0,151.44,143.71,158.59,14.87,151.44,1,0.9932,High Churn Risk,0,0,Standard Tier,Normal Alignment
14633,United Kingdom,UK,Hibernating / Lost,1. Low Spend (<GBP 500),344.9,1,344.9,266,267.0,149.56,141.93,156.62,14.69,149.56,1,0.9954,High Churn Risk,0,0,Standard Tier,Normal Alignment
14636,United Kingdom,UK,Loyal Customers,2. Mid Spend (GBP 500-2k),609.85,2,304.92,36,269.0,326.96,318.24,334.17,15.93,326.96,0,0.5638,Elevated Risk,0,0,Standard Tier,Normal Alignment
14638,United Kingdom,UK,Promising,1. Low Spend (<GBP 500),443.6,1,443.6,51,51.0,451.06,429.56,468.99,39.44,451.06,0,0.0062,Low Risk,0,0,Standard Tier,Normal Alignment
14639,United Kingdom,UK,Loyal Customers,3. High Spend (>GBP 2k),2984.49,6,497.42,52,362.0,1023.63,991.79,1048.49,56.7,1023.63,0,0.0796,Low Risk,0,0,Standard Tier,Normal Alignment
14640,United Kingdom,UK,Champions,3. High Spend (>GBP 2k),2107.38,6,351.23,24,228.0,1235.02,1217.91,1248.82,30.91,1235.02,0,0.0514,Low Risk,1,1,Maintained VIP,Normal Alignment
14641,United Kingdom,UK,New Customers,1. Low Spend (<GBP 500),110.46,1,110.46,22,22.0,618.43,587.69,644.47,56.78,618.43,0,0.0033,Low Risk,0,0,Standard Tier,Normal Alignment
14642,United Kingdom,UK,Promising,1. Low Spend (<GBP 500),96.12,1,96.12,59,59.0,419.72,399.6,436.52,36.92,419.72,0,0.0163,Low Risk,0,0,Standard Tier,Normal Alignment
14643,United Kingdom,UK,At Risk,2. Mid Spend (GBP 500-2k),693.81,2,346.9,170,359.0,264.58,257.81,270.05,12.24,264.58,1,0.568,Elevated Risk,0,0,Standard Tier,Normal Alignment
14644,United Kingdom,UK,Loyal Customers,2. Mid Spend (GBP 500-2k),830.76,2,415.38,68,299.0,425.86,411.74,441.6,29.87,425.86,0,0.5567,Elevated Risk,0,0,Standard Tier,Normal Alignment
14645,United Kingdom,UK,At Risk,2. Mid Spend (GBP 500-2k),597.09,2,298.54,157,276.0,339.26,331.15,346.1,14.95,339.26,1,0.5656,Elevated Risk,0,0,Standard Tier,Normal Alignment
14646,Netherlands,International,Champions,3. High Spend (>GBP 2k),280206.02,73,3838.44,2,355.0,117388.4,115966.05,118547.29,2581.24,289218.81,0,0.0754,Low Risk,1,1,Maintained VIP,Normal Alignment
14647,United Kingdom,UK,Hibernating / Lost,1. Low Spend (<GBP 500),236.04,1,236.04,201,202.0,187.22,177.92,195.9,17.99,187.22,1,0.9954,High Churn Risk,0,0,Standard Tier,Normal Alignment
14649,United Kingdom,UK,Champions,2. Mid Spend (GBP 500-2k),1402.59,4,350.65,5,213.0,710.59,698.06,720.47,22.41,710.59,0,0.0849,Low Risk,0,0,Standard Tier,Normal Alignment
14651,United Kingdom,UK,Loyal Customers,2. Mid Spend (GBP 500-2k),653.75,2,326.88,67,212.0,360.6,348.67,372.0,23.33,360.6,0,0.4552,Moderate Risk,0,0,Standard Tier,Normal Alignment
14652,United Kingdom,UK,About to Sleep,1. Low Spend (<GBP 500),114.18,1,114.18,77,78.0,360.27,342.73,374.83,32.1,360.27,0,0.0359,Low Risk,0,0,Standard Tier,Normal Alignment
14653,United Kingdom,UK,Champions,2. Mid Spend (GBP 500-2k),1926.65,7,275.24,1,339.0,835.49,824.47,844.75,20.28,835.49,0,0.0681,Low Risk,0,0,Standard Tier,Normal Alignment
14655,United Kingdom,UK,Champions,2. Mid Spend (GBP 500-2k),1932.23,4,483.06,8,223.0,880.8,867.58,890.67,23.08,880.8,0,0.1076,Low Risk,0,0,Standard Tier,Normal Alignment
14656,United Kingdom,UK,At Risk,1. Low Spend (<GBP 500),291.05,2,145.52,169,284.0,252.46,241.18,263.44,22.27,252.46,1,0.5671,Elevated Risk,0,0,Standard Tier,Normal Alignment
14657,United Kingdom,UK,Champions,2. Mid Spend (GBP 500-2k),848.22,4,212.06,18,327.0,365.39,348.48,382.85,34.37,365.39,0,0.2149,Low Risk,0,0,Standard Tier,Normal Alignment
14658,United Kingdom,UK,Loyal Customers,1. Low Spend (<GBP 500),247.15,2,123.58,5,118.0,466.86,440.98,490.0,49.02,466.86,0,0.2682,Moderate Risk,0,0,Standard Tier,Normal Alignment
14659,United Kingdom,UK,Champions,3. High Spend (>GBP 2k),2529.93,9,281.1,9,316.0,1069.04,1051.91,1085.41,33.49,1069.04,0,0.0388,Low Risk,0,0,Standard Tier,Normal Alignment
14660,United Kingdom,UK,At Risk,1. Low Spend (<GBP 500),285.74,2,142.87,87,101.0,545.46,519.01,569.12,50.12,545.46,0,0.1058,Low Risk,0,0,Standard Tier,Normal Alignment
14661,United Kingdom,UK,New Customers,1. Low Spend (<GBP 500),107.95,1,107.95,27,27.0,581.25,552.9,605.28,52.38,581.25,0,0.0039,Low Risk,0,0,Standard Tier,Normal Alignment
14662,United Kingdom,UK,Champions,2. Mid Spend (GBP 500-2k),741.37,4,185.34,29,317.0,462.54,448.86,476.47,27.61,462.54,0,0.2316,Low Risk,0,0,Standard Tier,Normal Alignment
14664,United Kingdom,UK,Loyal Customers,2. Mid Spend (GBP 500-2k),636.24,2,318.12,20,34.0,1088.4,1042.64,1126.71,84.07,1088.4,0,0.0072,Low Risk,1,0,Demoted from VIP,Normal Alignment
14665,United Kingdom,UK,Loyal Customers,2. Mid Spend (GBP 500-2k),1835.7,5,367.14,61,311.0,803.37,791.19,813.35,22.17,803.37,0,0.1327,Low Risk,0,0,Standard Tier,Normal Alignment
14666,United Kingdom,UK,New Customers,1. Low Spend (<GBP 500),195.25,1,195.25,24,25.0,595.57,566.3,620.37,54.07,595.57,0,0.0025,Low Risk,0,0,Standard Tier,Normal Alignment
14667,United Kingdom,UK,Champions,3. High Spend (>GBP 2k),9175.04,25,367.0,11,369.0,3660.65,3625.13,3685.77,60.64,3660.65,0,0.0327,Low Risk,1,1,Maintained VIP,Normal Alignment
14669,United Kingdom,UK,At Risk,2. Mid Spend (GBP 500-2k),1259.24,3,419.75,242,333.0,311.98,304.66,317.94,13.28,311.98,1,0.3496,Moderate Risk,0,0,Standard Tier,Normal Alignment
14670,United Kingdom,UK,At Risk,1. Low Spend (<GBP 500),392.86,2,196.43,280,281.0,143.35,136.03,150.09,14.07,143.35,1,0.4885,Moderate Risk,0,0,Standard Tier,Normal Alignment
14672,United Kingdom,UK,At Risk,2. Mid Spend (GBP 500-2k),765.55,2,382.78,235,337.0,328.86,320.66,336.25,15.59,328.86,1,0.4791,Moderate Risk,0,0,Standard Tier,Normal Alignment
14673,United Kingdom,UK,Champions,2. Mid Spend (GBP 500-2k),1736.4,5,347.28,3,368.0,684.15,675.4,690.79,15.39,684.15,0,0.1765,Low Risk,0,0,Standard Tier,Normal Alignment
14675,United Kingdom,UK,New Customers,2. Mid Spend (GBP 500-2k),596.36,1,596.36,16,17.0,660.7,626.69,689.09,62.4,660.7,0,0.0121,Low Risk,0,0,Standard Tier,Normal Alignment
14676,United Kingdom,UK,Champions,3. High Spend (>GBP 2k),2548.24,6,424.71,31,284.0,1163.66,1150.36,1173.51,23.15,1163.66,0,0.0634,Low Risk,1,1,Maintained VIP,Normal Alignment
14680,United Kingdom,UK,Champions,3. High Spend (>GBP 2k),28754.11,16,1797.13,25,372.0,10852.49,10665.96,10992.95,326.99,10852.49,0,0.0411,Low Risk,1,1,Maintained VIP,Normal Alignment
14681,United Kingdom,UK,Loyal Customers,1. Low Spend (<GBP 500),498.95,3,166.32,71,212.0,293.66,276.57,309.39,32.82,293.66,0,0.3813,Moderate Risk,0,0,Standard Tier,Normal Alignment
14682,United Kingdom,UK,At Risk,1. Low Spend (<GBP 500),52.0,2,26.0,188,202.0,266.53,246.28,286.69,40.41,266.53,1,0.533,Elevated Risk,0,0,Standard Tier,Normal Alignment
14684,United Kingdom,UK,Champions,2. Mid Spend (GBP 500-2k),1201.51,5,240.3,26,363.0,568.4,557.08,579.31,22.23,568.4,0,0.1787,Low Risk,0,0,Standard Tier,Normal Alignment
14687,United Kingdom,UK,About to Sleep,2. Mid Spend (GBP 500-2k),628.38,1,628.38,107,107.0,296.24,281.85,308.99,27.14,296.24,1,0.9167,High Churn Risk,0,0,Standard Tier,Normal Alignment
14688,United Kingdom,UK,Champions,3. High Spend (>GBP 2k),5579.1,21,265.67,8,374.0,2214.39,2189.54,2232.82,43.28,2214.39,0,0.0352,Low Risk,1,1,Maintained VIP,Normal Alignment
14689,United Kingdom,UK,Hibernating / Lost,1. Low Spend (<GBP 500),112.8,1,112.8,209,209.0,182.28,173.26,190.76,17.5,182.28,1,0.9923,High Churn Risk,0,0,Standard Tier,Normal Alignment
14690,United Kingdom,UK,Loyal Customers,1. Low Spend (<GBP 500),355.05,2,177.52,44,152.0,402.56,382.0,421.14,39.14,402.56,0,0.2785,Moderate Risk,0,0,Standard Tier,Normal Alignment
14691,United Kingdom,UK,Champions,3. High Spend (>GBP 2k),2114.33,5,422.87,31,213.0,1229.05,1202.34,1249.1,46.76,1229.05,0,0.0611,Low Risk,1,1,Maintained VIP,Normal Alignment
14692,United Kingdom,UK,At Risk,2. Mid Spend (GBP 500-2k),591.55,4,147.89,137,323.0,328.67,310.31,348.79,38.48,328.67,1,0.3188,Moderate Risk,0,0,Standard Tier,Normal Alignment
14693,United Kingdom,UK,Hibernating / Lost,1. Low Spend (<GBP 500),172.9,1,172.9,265,265.0,150.49,142.82,157.6,14.78,150.49,1,0.9877,High Churn Risk,0,0,Standard Tier,Normal Alignment
14696,United Kingdom,UK,Champions,3. High Spend (>GBP 2k),2078.95,7,296.99,4,374.0,852.99,841.67,862.36,20.68,852.99,0,0.1258,Low Risk,0,0,Standard Tier,Normal Alignment
14697,United Kingdom,UK,At Risk,1. Low Spend (<GBP 500),188.61,2,94.3,218,219.0,175.65,166.9,183.86,16.95,175.65,1,0.5611,Elevated Risk,0,0,Standard Tier,Normal Alignment
14698,United Kingdom,UK,Champions,2. Mid Spend (GBP 500-2k),1217.27,5,243.45,2,52.0,1745.78,1664.06,1816.03,151.97,1745.78,0,0.0184,Low Risk,1,1,Maintained VIP,Normal Alignment
14699,United Kingdom,UK,Hibernating / Lost,1. Low Spend (<GBP 500),109.13,1,109.13,214,215.0,178.24,169.39,186.56,17.16,178.24,1,0.9932,High Churn Risk,0,0,Standard Tier,Normal Alignment
14700,United Kingdom,UK,Loyal Customers,3. High Spend (>GBP 2k),2195.1,3,731.7,32,239.0,973.51,937.7,1002.48,64.78,973.51,0,0.148,Low Risk,0,0,Standard Tier,Normal Alignment
14701,United Kingdom,UK,Champions,3. High Spend (>GBP 2k),2526.09,9,280.68,11,317.0,1138.38,1126.83,1147.4,20.58,1138.38,0,0.0411,Low Risk,1,1,Maintained VIP,Normal Alignment
14702,United Kingdom,UK,Champions,3. High Spend (>GBP 2k),3251.79,17,191.28,1,366.0,1369.06,1346.1,1389.22,43.11,1369.06,0,0.0364,Low Risk,1,1,Maintained VIP,Normal Alignment
14703,United Kingdom,UK,New Customers,1. Low Spend (<GBP 500),318.17,1,318.17,15,15.0,679.28,643.78,708.72,64.94,679.28,0,0.0032,Low Risk,0,0,Standard Tier,Normal Alignment
14704,United Kingdom,UK,Champions,2. Mid Spend (GBP 500-2k),1493.96,9,166.0,11,181.0,1300.23,1261.46,1334.46,73.0,1300.23,0,0.0501,Low Risk,1,1,Maintained VIP,Normal Alignment
14705,United Kingdom,UK,Hibernating / Lost,1. Low Spend (<GBP 500),179.0,1,179.0,199,199.0,189.42,179.98,198.19,18.22,189.42,1,0.994,High Churn Risk,0,0,Standard Tier,Normal Alignment
14708,United Kingdom,UK,Loyal Customers,2. Mid Spend (GBP 500-2k),1126.37,3,375.46,3,369.0,410.7,403.8,416.13,12.33,410.7,0,0.4225,Moderate Risk,0,0,Standard Tier,Normal Alignment
14709,United Kingdom,UK,Champions,3. High Spend (>GBP 2k),4921.04,13,378.54,15,359.0,2045.16,2026.29,2058.7,32.42,2045.16,0,0.031,Low Risk,1,1,Maintained VIP,Normal Alignment
14710,United Kingdom,UK,Champions,2. Mid Spend (GBP 500-2k),599.48,4,149.87,14,60.0,1197.97,1128.61,1259.02,130.41,1197.97,0,0.0145,Low Risk,1,1,Maintained VIP,Normal Alignment
14711,United Kingdom,UK,Champions,3. High Spend (>GBP 2k),2839.62,11,258.15,10,263.0,1625.05,1601.62,1644.42,42.8,1625.05,0,0.0383,Low Risk,1,1,Maintained VIP,Normal Alignment
14712,United Kingdom,UK,Loyal Customers,2. Mid Spend (GBP 500-2k),917.07,3,305.69,29,113.0,1114.06,1089.03,1133.89,44.86,1114.06,0,0.0764,Low Risk,1,1,Maintained VIP,Normal Alignment
14713,United Kingdom,UK,Champions,3. High Spend (>GBP 2k),2662.2,11,242.02,9,366.0,1119.89,1103.63,1135.52,31.88,1119.89,0,0.0374,Low Risk,1,1,Maintained VIP,Normal Alignment
14714,United Kingdom,UK,New Customers,1. Low Spend (<GBP 500),160.19,1,160.19,24,25.0,595.57,566.3,620.37,54.07,595.57,0,0.003,Low Risk,0,0,Standard Tier,Normal Alignment
14715,United Kingdom,UK,Champions,2. Mid Spend (GBP 500-2k),867.38,4,216.84,25,332.0,478.29,466.6,489.84,23.24,478.29,0,0.2229,Low Risk,0,0,Standard Tier,Normal Alignment
14716,United Kingdom,UK,Loyal Customers,1. Low Spend (<GBP 500),307.51,2,153.76,43,149.0,397.49,375.64,417.19,41.55,397.49,0,0.2989,Moderate Risk,0,0,Standard Tier,Normal Alignment
14719,United Kingdom,UK,Champions,2. Mid Spend (GBP 500-2k),1581.84,5,316.37,2,250.0,945.51,931.82,956.03,24.2,945.51,0,0.0797,Low Risk,0,0,Standard Tier,Normal Alignment
14720,United Kingdom,UK,Loyal Customers,2. Mid Spend (GBP 500-2k),663.81,3,221.27,6,127.0,793.28,768.31,813.58,45.27,793.28,0,0.0985,Low Risk,0,0,Standard Tier,Normal Alignment
14722,United Kingdom,UK,About to Sleep,1. Low Spend (<GBP 500),180.42,1,180.42,147,148.0,236.74,225.06,247.37,22.31,236.74,1,0.9817,High Churn Risk,0,0,Standard Tier,Normal Alignment
14723,United Kingdom,UK,Champions,2. Mid Spend (GBP 500-2k),1122.36,6,187.06,10,372.0,498.34,486.15,511.1,24.95,498.34,0,0.1402,Low Risk,0,0,Standard Tier,Normal Alignment
14725,United Kingdom,UK,New Customers,2. Mid Spend (GBP 500-2k),655.58,1,655.58,25,25.0,595.57,566.3,620.37,54.07,595.57,0,0.0107,Low Risk,0,0,Standard Tier,Normal Alignment
14727,United Kingdom,UK,Hibernating / Lost,1. Low Spend (<GBP 500),268.58,1,268.58,274,275.0,145.95,138.5,152.82,14.33,145.95,1,0.9893,High Churn Risk,0,0,Standard Tier,Normal Alignment
14729,United Kingdom,UK,Hibernating / Lost,1. Low Spend (<GBP 500),313.49,1,313.49,374,374.0,112.36,106.58,117.6,11.02,112.36,1,0.9849,High Churn Risk,0,0,Standard Tier,Normal Alignment
14730,United Kingdom,UK,Champions,2. Mid Spend (GBP 500-2k),1897.57,8,237.2,1,277.0,1034.39,1017.73,1049.48,31.76,1034.39,0,0.044,Low Risk,0,0,Standard Tier,Normal Alignment
14731,United Kingdom,UK,Loyal Customers,1. Low Spend (<GBP 500),380.02,3,126.67,47,213.0,400.08,377.89,421.59,43.7,400.08,0,0.3234,Moderate Risk,0,0,Standard Tier,Normal Alignment
14732,United Kingdom,UK,Champions,3. High Spend (>GBP 2k),2702.49,8,337.81,8,340.0,1229.61,1217.57,1239.19,21.63,1229.61,0,0.0379,Low Risk,1,1,Maintained VIP,Normal Alignment
14733,United Kingdom,UK,Champions,3. High Spend (>GBP 2k),9585.91,12,798.83,16,368.0,3241.0,3194.41,3274.59,80.19,3241.0,0,0.0371,Low Risk,1,1,Maintained VIP,Normal Alignment
14735,United Kingdom,UK,Champions,3. High Spend (>GBP 2k),6065.69,32,189.55,4,359.0,2572.06,2548.46,2591.39,42.92,2572.06,0,0.043,Low Risk,1,1,Maintained VIP,Normal Alignment
14737,United Kingdom,UK,Loyal Customers,2. Mid Spend (GBP 500-2k),1164.55,3,388.18,4,354.0,434.06,427.16,439.65,12.49,434.06,0,0.4481,Moderate Risk,0,0,Standard Tier,Normal Alignment
14738,United Kingdom,UK,Loyal Customers,2. Mid Spend (GBP 500-2k),1314.45,7,187.78,43,317.0,690.27,672.56,708.89,36.33,690.27,0,0.1004,Low Risk,0,0,Standard Tier,Normal Alignment
14739,United Kingdom,UK,Champions,3. High Spend (>GBP 2k),3902.28,7,557.47,4,368.0,1401.55,1383.23,1414.66,31.44,1401.55,0,0.0615,Low Risk,1,1,Maintained VIP,Normal Alignment
14740,United Kingdom,UK,At Risk,2. Mid Spend (GBP 500-2k),1448.21,3,482.74,197,284.0,608.39,597.21,617.36,20.15,608.39,1,0.3567,Moderate Risk,0,0,Standard Tier,Normal Alignment
14741,United Kingdom,UK,Champions,2. Mid Spend (GBP 500-2k),1400.34,6,233.39,12,373.0,632.71,620.35,645.42,25.07,632.71,0,0.1742,Low Risk,0,0,Standard Tier,Normal Alignment
14744,United Kingdom,UK,Champions,2. Mid Spend (GBP 500-2k),1099.98,7,157.14,16,367.0,512.68,497.79,529.03,31.24,512.68,0,0.1458,Low Risk,0,0,Standard Tier,Normal Alignment
14745,United Kingdom,UK,At Risk,2. Mid Spend (GBP 500-2k),1220.26,5,244.05,113,286.0,654.89,644.15,663.33,19.17,654.89,1,0.1309,Low Risk,0,0,Standard Tier,Normal Alignment
14747,United Kingdom,UK,Hibernating / Lost,1. Low Spend (<GBP 500),328.2,1,328.2,249,250.0,157.87,149.83,165.32,15.49,157.87,1,0.9954,High Churn Risk,0,0,Standard Tier,Normal Alignment
14748,United Kingdom,UK,Champions,2. Mid Spend (GBP 500-2k),1415.75,5,283.15,29,369.0,514.64,506.62,521.98,15.36,514.64,0,0.1699,Low Risk,0,0,Standard Tier,Normal Alignment
14752,United Kingdom,UK,Promising,1. Low Spend (<GBP 500),389.64,1,389.64,44,44.0,482.58,459.71,501.39,41.68,482.58,0,0.006,Low Risk,0,0,Standard Tier,Normal Alignment
14753,United Kingdom,UK,About to Sleep,2. Mid Spend (GBP 500-2k),563.15,1,563.15,87,88.0,335.28,318.86,349.04,30.17,335.28,0,0.069,Low Risk,0,0,Standard Tier,Normal Alignment
14754,United Kingdom,UK,Loyal Customers,2. Mid Spend (GBP 500-2k),638.05,2,319.02,45,296.0,340.18,332.55,346.47,13.92,340.18,0,0.5313,Elevated Risk,0,0,Standard Tier,Normal Alignment
14755,United Kingdom,UK,Champions,3. High Spend (>GBP 2k),5010.28,11,455.48,10,335.0,2126.36,2105.2,2143.46,38.26,2126.36,0,0.0308,Low Risk,1,1,Maintained VIP,Normal Alignment
14756,United Kingdom,UK,New Customers,2. Mid Spend (GBP 500-2k),738.96,1,738.96,15,16.0,669.86,635.12,698.77,63.65,669.86,0,0.0145,Low Risk,0,0,Standard Tier,Normal Alignment
14757,United Kingdom,UK,About to Sleep,1. Low Spend (<GBP 500),420.5,1,420.5,75,76.0,365.73,347.94,380.45,32.51,365.73,0,0.0321,Low Risk,0,0,Standard Tier,Normal Alignment
14758,United Kingdom,UK,At Risk,2. Mid Spend (GBP 500-2k),1484.06,4,371.02,145,260.0,635.73,621.7,647.67,25.97,635.73,1,0.1992,Low Risk,0,0,Standard Tier,Normal Alignment
14759,United Kingdom,UK,Loyal Customers,2. Mid Spend (GBP 500-2k),1625.97,3,541.99,5,233.0,780.11,762.97,794.24,31.27,780.11,0,0.1625,Low Risk,0,0,Standard Tier,Normal Alignment
14760,United Kingdom,UK,Hibernating / Lost,1. Low Spend (<GBP 500),89.2,1,89.2,297,298.0,136.47,129.49,142.87,13.38,136.47,1,0.9894,High Churn Risk,0,0,Standard Tier,Normal Alignment
14761,United Kingdom,UK,Loyal Customers,1. Low Spend (<GBP 500),255.9,2,127.95,59,335.0,219.7,210.14,229.25,19.11,219.7,0,0.6604,Elevated Risk,0,0,Standard Tier,Normal Alignment
14762,United Kingdom,UK,Hibernating / Lost,1. Low Spend (<GBP 500),300.52,1,300.52,264,264.0,150.96,143.26,158.09,14.83,150.96,1,0.9811,High Churn Risk,0,0,Standard Tier,Normal Alignment
14764,United Kingdom,UK,Promising,1. Low Spend (<GBP 500),278.3,1,278.3,47,47.0,468.55,446.28,486.96,40.68,468.55,0,0.0062,Low Risk,0,0,Standard Tier,Normal Alignment
14765,United Kingdom,UK,Loyal Customers,1. Low Spend (<GBP 500),254.11,3,84.7,29,177.0,412.17,384.66,440.42,55.76,412.17,0,0.3797,Moderate Risk,0,0,Standard Tier,Normal Alignment
14766,United Kingdom,UK,Champions,3. High Spend (>GBP 2k),2473.37,6,412.23,8,367.0,1049.35,1036.99,1057.82,20.83,1049.35,0,0.0737,Low Risk,0,0,Standard Tier,Normal Alignment
14768,United Kingdom,UK,Loyal Customers,1. Low Spend (<GBP 500),192.6,2,96.3,17,128.0,394.25,365.38,419.97,54.59,394.25,0,0.3833,Moderate Risk,0,0,Standard Tier,Normal Alignment
14769,United Kingdom,UK,Champions,3. High Spend (>GBP 2k),10416.98,8,1302.12,3,358.0,4165.17,4045.01,4253.16,208.15,4165.17,0,0.0405,Low Risk,1,1,Maintained VIP,Normal Alignment
14770,United Kingdom,UK,At Risk,2. Mid Spend (GBP 500-2k),876.42,2,438.21,232,324.0,381.75,369.65,393.98,24.33,381.75,1,0.4841,Moderate Risk,0,0,Standard Tier,Normal Alignment
14772,United Kingdom,UK,About to Sleep,1. Low Spend (<GBP 500),139.26,1,139.26,112,113.0,285.73,271.8,298.13,26.33,285.73,1,0.9822,High Churn Risk,0,0,Standard Tier,Normal Alignment
14775,United Kingdom,UK,Loyal Customers,2. Mid Spend (GBP 500-2k),1011.9,3,337.3,58,373.0,371.92,364.36,379.6,15.24,371.92,0,0.3965,Moderate Risk,0,0,Standard Tier,Normal Alignment
14776,United Kingdom,UK,Loyal Customers,3. High Spend (>GBP 2k),2538.3,11,230.75,51,313.0,1096.99,1080.11,1112.9,32.79,1096.99,0,0.04,Low Risk,1,1,Maintained VIP,Normal Alignment
14778,United Kingdom,UK,At Risk,2. Mid Spend (GBP 500-2k),730.86,2,365.43,127,309.0,323.29,315.77,329.39,13.62,323.29,1,0.5466,Elevated Risk,0,0,Standard Tier,Normal Alignment
14779,United Kingdom,UK,At Risk,1. Low Spend (<GBP 500),386.15,3,128.72,281,324.0,233.43,215.49,252.68,37.18,233.43,1,0.6407,Elevated Risk,0,0,Standard Tier,Normal Alignment
14780,United Kingdom,UK,Loyal Customers,1. Low Spend (<GBP 500),447.68,2,223.84,55,80.0,588.14,553.5,618.22,64.72,588.14,0,0.0081,Low Risk,0,0,Standard Tier,Normal Alignment
14782,United Kingdom,UK,Hibernating / Lost,1. Low Spend (<GBP 500),200.1,1,200.1,320,320.0,128.49,121.9,134.49,12.58,128.49,1,0.9944,High Churn Risk,0,0,Standard Tier,Normal Alignment
14784,United Kingdom,UK,Loyal Customers,1. Low Spend (<GBP 500),289.99,2,145.0,26,324.0,232.05,222.74,241.3,18.56,232.05,0,0.5744,Elevated Risk,0,0,Standard Tier,Normal Alignment
14785,United Kingdom,UK,Loyal Customers,1. Low Spend (<GBP 500),77.4,2,38.7,10,16.0,966.16,881.33,1040.54,159.22,966.16,0,0.0212,Low Risk,0,0,Standard Tier,Normal Alignment
14788,United Kingdom,UK,Loyal Customers,2. Mid Spend (GBP 500-2k),679.44,2,339.72,7,27.0,1280.68,1225.61,1324.24,98.63,1280.68,0,0.0061,Low Risk,1,1,Maintained VIP,Normal Alignment
14789,United Kingdom,UK,New Customers,1. Low Spend (<GBP 500),197.64,1,197.64,29,29.0,567.59,540.21,590.85,50.64,567.59,0,0.0035,Low Risk,0,0,Standard Tier,Normal Alignment
14790,United Kingdom,UK,Champions,2. Mid Spend (GBP 500-2k),745.06,4,186.26,17,254.0,530.98,513.79,548.56,34.77,530.98,0,0.1947,Low Risk,0,0,Standard Tier,Normal Alignment
14792,United Kingdom,UK,Promising,1. Low Spend (<GBP 500),6.2,1,6.2,64,64.0,402.25,383.53,418.3,34.77,402.25,0,0.0252,Low Risk,0,0,Standard Tier,Normal Alignment
14793,United Kingdom,UK,New Customers,1. Low Spend (<GBP 500),228.99,1,228.99,21,22.0,618.43,587.69,644.47,56.78,618.43,0,0.0019,Low Risk,0,0,Standard Tier,Normal Alignment
14794,United Kingdom,UK,Champions,2. Mid Spend (GBP 500-2k),1319.91,7,188.56,3,335.0,671.4,655.03,688.9,33.87,671.4,0,0.0879,Low Risk,0,0,Standard Tier,Normal Alignment
14795,United Kingdom,UK,About to Sleep,1. Low Spend (<GBP 500),131.45,1,131.45,166,167.0,216.59,205.89,226.44,20.55,216.59,1,0.9771,High Churn Risk,0,0,Standard Tier,Normal Alignment
14796,United Kingdom,UK,Champions,3. High Spend (>GBP 2k),7975.49,17,469.15,1,367.0,3107.75,3078.11,3128.96,50.85,3107.75,0,0.0327,Low Risk,1,1,Maintained VIP,Normal Alignment
14798,United Kingdom,UK,Loyal Customers,1. Low Spend (<GBP 500),173.74,3,57.91,53,311.0,231.46,212.25,252.12,39.86,231.46,0,0.5321,Elevated Risk,0,0,Standard Tier,Normal Alignment
14799,United Kingdom,UK,Promising,1. Low Spend (<GBP 500),157.7,1,157.7,51,52.0,446.89,425.56,464.71,39.14,446.89,0,0.0127,Low Risk,0,0,Standard Tier,Normal Alignment
14800,United Kingdom,UK,Loyal Customers,3. High Spend (>GBP 2k),4331.79,12,360.98,48,370.0,1666.88,1651.57,1678.3,26.72,1666.88,0,0.0316,Low Risk,1,1,Maintained VIP,Normal Alignment
14801,United Kingdom,UK,Promising,1. Low Spend (<GBP 500),189.34,1,189.34,61,62.0,409.06,390.07,425.3,35.23,409.06,0,0.0168,Low Risk,0,0,Standard Tier,Normal Alignment
14803,United Kingdom,UK,At Risk,2. Mid Spend (GBP 500-2k),845.55,3,281.85,162,293.0,329.92,314.17,345.63,31.45,329.92,1,0.4403,Moderate Risk,0,0,Standard Tier,Normal Alignment
14804,United Kingdom,UK,New Customers,1. Low Spend (<GBP 500),353.27,1,353.27,9,9.0,741.83,701.14,775.03,73.89,741.83,0,0.0024,Low Risk,0,0,Standard Tier,Normal Alignment
14805,United Kingdom,UK,Champions,2. Mid Spend (GBP 500-2k),546.4,4,136.6,15,314.0,380.3,362.9,398.18,35.28,380.3,0,0.4366,Moderate Risk,0,0,Standard Tier,Normal Alignment
14806,United Kingdom,UK,About to Sleep,1. Low Spend (<GBP 500),193.39,1,193.39,75,76.0,365.73,347.94,380.45,32.51,365.73,0,0.0449,Low Risk,0,0,Standard Tier,Normal Alignment
14808,United Kingdom,UK,Loyal Customers,3. High Spend (>GBP 2k),2718.6,8,339.83,40,173.0,1768.54,1739.23,1790.97,51.74,1768.54,0,0.0355,Low Risk,1,1,Maintained VIP,Normal Alignment
14810,United Kingdom,UK,Loyal Customers,3. High Spend (>GBP 2k),2085.33,11,189.58,41,370.0,931.51,913.52,949.48,35.96,931.51,0,0.0609,Low Risk,0,0,Standard Tier,Normal Alignment
14813,United Kingdom,UK,At Risk,1. Low Spend (<GBP 500),152.88,2,76.44,370,370.0,113.41,107.58,118.7,11.12,113.41,1,0.7072,Elevated Risk,0,0,Standard Tier,Normal Alignment
14815,United Kingdom,UK,Loyal Customers,2. Mid Spend (GBP 500-2k),778.5,2,389.25,37,68.0,766.54,734.94,791.07,56.13,766.54,0,0.0116,Low Risk,0,0,Standard Tier,Normal Alignment
14816,United Kingdom,UK,Hibernating / Lost,1. Low Spend (<GBP 500),271.85,1,271.85,197,198.0,190.17,180.68,198.97,18.29,190.17,1,0.9844,High Churn Risk,0,0,Standard Tier,Normal Alignment
14817,United Kingdom,UK,At Risk,2. Mid Spend (GBP 500-2k),1110.34,2,555.17,200,278.0,406.79,395.99,416.61,20.62,406.79,1,0.5103,Elevated Risk,0,0,Standard Tier,Normal Alignment
14818,United Kingdom,UK,At Risk,2. Mid Spend (GBP 500-2k),657.8,3,219.27,74,254.0,483.41,471.02,494.53,23.51,483.41,0,0.2618,Moderate Risk,0,0,Standard Tier,Normal Alignment
14819,United Kingdom,UK,Loyal Customers,1. Low Spend (<GBP 500),272.07,2,136.04,64,193.0,360.57,346.67,374.28,27.61,360.57,0,0.49,Moderate Risk,0,0,Standard Tier,Normal Alignment
14820,United Kingdom,UK,Champions,2. Mid Spend (GBP 500-2k),507.29,4,126.82,21,174.0,565.19,536.18,595.7,59.52,565.19,0,0.1487,Low Risk,0,0,Standard Tier,Normal Alignment
14821,United Kingdom,UK,Hibernating / Lost,1. Low Spend (<GBP 500),48.8,1,48.8,367,367.0,114.22,108.34,119.54,11.19,114.22,1,0.9873,High Churn Risk,0,0,Standard Tier,Normal Alignment
14823,United Kingdom,UK,At Risk,1. Low Spend (<GBP 500),321.43,3,107.14,180,195.0,316.63,298.4,333.23,34.83,316.63,1,0.4204,Moderate Risk,0,0,Standard Tier,Normal Alignment
14824,United Kingdom,UK,Champions,2. Mid Spend (GBP 500-2k),1127.71,4,281.93,10,92.0,1207.89,1166.75,1242.5,75.75,1207.89,0,0.0126,Low Risk,1,1,Maintained VIP,Normal Alignment
14825,United Kingdom,UK,Champions,3. High Spend (>GBP 2k),2221.01,12,185.08,4,369.0,988.03,968.99,1007.74,38.76,988.03,0,0.0564,Low Risk,0,0,Standard Tier,Normal Alignment
14828,United Kingdom,UK,At Risk,3. High Spend (>GBP 2k),2139.76,3,713.25,197,337.0,762.35,734.88,786.09,51.22,762.35,1,0.4583,Moderate Risk,0,0,Standard Tier,Normal Alignment
14829,United Kingdom,UK,Champions,2. Mid Spend (GBP 500-2k),697.55,4,174.39,29,373.0,336.4,321.58,351.57,29.99,336.4,0,0.4147,Moderate Risk,0,0,Standard Tier,Normal Alignment
14830,United Kingdom,UK,Promising,1. Low Spend (<GBP 500),188.88,1,188.88,53,54.0,438.77,417.79,456.36,38.58,438.77,0,0.0115,Low Risk,0,0,Standard Tier,Normal Alignment
14834,United Kingdom,UK,Champions,2. Mid Spend (GBP 500-2k),1720.3,6,286.72,18,241.0,1054.32,1037.77,1068.76,30.99,1054.32,0,0.0555,Low Risk,0,0,Standard Tier,Normal Alignment
14836,United Kingdom,UK,Loyal Customers,1. Low Spend (<GBP 500),102.45,3,34.15,10,31.0,854.16,758.49,951.0,192.51,854.16,0,0.0298,Low Risk,0,0,Standard Tier,Normal Alignment
14837,United Kingdom,UK,At Risk,2. Mid Spend (GBP 500-2k),1649.5,4,412.38,90,202.0,973.61,958.8,985.77,26.97,973.61,0,0.0639,Low Risk,0,0,Standard Tier,Normal Alignment
14840,United Kingdom,UK,Hibernating / Lost,1. Low Spend (<GBP 500),62.85,1,62.85,268,268.0,149.1,141.49,156.13,14.64,149.1,1,0.9886,High Churn Risk,0,0,Standard Tier,Normal Alignment
14841,United Kingdom,UK,Loyal Customers,3. High Spend (>GBP 2k),3295.76,6,549.29,53,359.0,1303.97,1282.81,1320.15,37.35,1303.97,0,0.0739,Low Risk,1,1,Maintained VIP,Normal Alignment
14842,United Kingdom,UK,Loyal Customers,3. High Spend (>GBP 2k),2824.69,4,706.17,44,309.0,1259.14,1215.44,1291.99,76.55,1259.14,0,0.1431,Low Risk,1,1,Maintained VIP,Normal Alignment
14844,United Kingdom,UK,Loyal Customers,3. High Spend (>GBP 2k),3189.81,4,797.45,64,242.0,1439.38,1394.4,1476.66,82.27,1439.38,0,0.0858,Low Risk,1,1,Maintained VIP,Normal Alignment
14847,United Kingdom,UK,About to Sleep,1. Low Spend (<GBP 500),309.4,1,309.4,149,149.0,235.59,223.96,246.17,22.21,235.59,1,0.9731,High Churn Risk,0,0,Standard Tier,Normal Alignment
14849,United Kingdom,UK,Champions,3. High Spend (>GBP 2k),7930.54,25,317.22,22,374.0,3135.37,3095.68,3164.3,68.62,3135.37,0,0.0353,Low Risk,1,1,Maintained VIP,Normal Alignment
14850,United Kingdom,UK,Hibernating / Lost,1. Low Spend (<GBP 500),325.75,1,325.75,312,312.0,131.28,124.55,137.42,12.86,131.28,1,0.9873,High Churn Risk,0,0,Standard Tier,Normal Alignment
14851,United Kingdom,UK,Loyal Customers,2. Mid Spend (GBP 500-2k),511.35,2,255.68,23,257.0,337.58,328.45,345.21,16.76,337.58,0,0.5513,Elevated Risk,0,0,Standard Tier,Normal Alignment
14852,United Kingdom,UK,Loyal Customers,3. High Spend (>GBP 2k),2836.69,6,472.78,58,253.0,1439.6,1410.21,1461.08,50.87,1439.6,0,0.0446,Low Risk,1,1,Maintained VIP,Normal Alignment
14853,United Kingdom,UK,Loyal Customers,1. Low Spend (<GBP 500),475.8,2,237.9,24,212.0,372.17,360.7,383.03,22.33,372.17,0,0.5387,Elevated Risk,0,0,Standard Tier,Normal Alignment
14854,United Kingdom,UK,Cannot Lose Them,3. High Spend (>GBP 2k),2740.03,7,391.43,78,275.0,1349.48,1333.67,1361.7,28.03,1349.48,0,0.04,Low Risk,1,1,Maintained VIP,Normal Alignment
14855,United Kingdom,UK,At Risk,2. Mid Spend (GBP 500-2k),645.65,2,322.83,119,135.0,577.05,563.15,588.07,24.92,577.05,1,0.3357,Moderate Risk,0,0,Standard Tier,Normal Alignment
14856,United Kingdom,UK,Loyal Customers,2. Mid Spend (GBP 500-2k),1290.53,3,430.18,36,57.0,937.7,904.82,962.48,57.66,937.7,0,0.0197,Low Risk,0,0,Standard Tier,Normal Alignment
14857,United Kingdom,UK,Loyal Customers,2. Mid Spend (GBP 500-2k),1173.12,2,586.56,60,149.0,742.05,713.98,767.24,53.26,742.05,0,0.2147,Low Risk,0,0,Standard Tier,Normal Alignment
14859,United Kingdom,UK,Champions,2. Mid Spend (GBP 500-2k),1353.74,4,338.44,13,205.0,865.53,846.12,881.43,35.3,865.53,0,0.0904,Low Risk,0,0,Standard Tier,Normal Alignment
14860,United Kingdom,UK,New Customers,1. Low Spend (<GBP 500),170.32,1,170.32,19,20.0,634.68,602.69,661.61,58.92,634.68,0,0.0022,Low Risk,0,0,Standard Tier,Normal Alignment
14861,United Kingdom,UK,Promising,1. Low Spend (<GBP 500),125.79,1,125.79,52,53.0,442.79,421.64,460.5,38.86,442.79,0,0.005,Low Risk,0,0,Standard Tier,Normal Alignment
14862,United Kingdom,UK,Loyal Customers,2. Mid Spend (GBP 500-2k),841.2,2,420.6,26,149.0,667.54,647.58,684.25,36.67,667.54,0,0.2496,Low Risk,0,0,Standard Tier,Normal Alignment
14863,United Kingdom,UK,New Customers,1. Low Spend (<GBP 500),266.76,1,266.76,29,30.0,561.01,534.08,583.89,49.8,561.01,0,0.0022,Low Risk,0,0,Standard Tier,Normal Alignment
14865,United Kingdom,UK,Loyal Customers,1. Low Spend (<GBP 500),52.2,2,26.1,7,373.0,155.24,142.98,168.43,25.45,155.24,0,0.6122,Elevated Risk,0,0,Standard Tier,Normal Alignment
14866,United Kingdom,UK,Champions,3. High Spend (>GBP 2k),14389.9,12,1199.16,11,367.0,5802.96,5679.35,5898.9,219.55,5802.96,0,0.0529,Low Risk,1,1,Maintained VIP,Normal Alignment
14867,United Kingdom,UK,At Risk,2. Mid Spend (GBP 500-2k),710.28,3,236.76,186,337.0,332.71,321.03,344.22,23.19,332.71,1,0.5027,Elevated Risk,0,0,Standard Tier,Normal Alignment
14868,United Kingdom,UK,Champions,3. High Spend (>GBP 2k),2953.59,8,369.2,3,234.0,1672.27,1650.09,1689.27,39.18,1672.27,0,0.0369,Low Risk,1,1,Maintained VIP,Normal Alignment
14869,United Kingdom,UK,Loyal Customers,2. Mid Spend (GBP 500-2k),721.45,2,360.72,9,104.0,684.62,666.1,699.29,33.19,684.62,0,0.1291,Low Risk,0,0,Standard Tier,Normal Alignment
14870,United Kingdom,UK,Hibernating / Lost,1. Low Spend (<GBP 500),327.25,1,327.25,262,262.0,151.91,144.17,159.09,14.92,151.91,1,0.9954,High Churn Risk,0,0,Standard Tier,Normal Alignment
14871,United Kingdom,UK,Champions,2. Mid Spend (GBP 500-2k),501.28,4,125.32,3,361.0,316.54,300.49,333.88,33.39,316.54,0,0.395,Moderate Risk,0,0,Standard Tier,Normal Alignment
14873,United Kingdom,UK,Hibernating / Lost,2. Mid Spend (GBP 500-2k),519.68,1,519.68,210,211.0,180.91,171.96,189.34,17.38,180.91,1,0.9702,High Churn Risk,0,0,Standard Tier,Normal Alignment
14875,United Kingdom,UK,At Risk,2. Mid Spend (GBP 500-2k),1465.32,2,732.66,108,263.0,668.06,629.07,704.24,75.17,668.06,1,0.5312,Elevated Risk,0,0,Standard Tier,Normal Alignment
14878,United Kingdom,UK,Champions,2. Mid Spend (GBP 500-2k),1476.09,9,164.01,13,359.0,647.91,628.6,670.05,41.45,647.91,0,0.0835,Low Risk,0,0,Standard Tier,Normal Alignment
14880,United Kingdom,UK,At Risk,2. Mid Spend (GBP 500-2k),690.59,3,230.2,77,289.0,443.7,433.57,453.27,19.7,443.7,0,0.378,Moderate Risk,0,0,Standard Tier,Normal Alignment
14881,United Kingdom,UK,New Customers,1. Low Spend (<GBP 500),255.4,1,255.4,20,20.0,634.68,602.69,661.61,58.92,634.68,0,0.0037,Low Risk,0,0,Standard Tier,Normal Alignment
14882,United Kingdom,UK,Loyal Customers,2. Mid Spend (GBP 500-2k),589.7,2,294.85,27,34.0,1227.27,1177.05,1266.16,89.11,1227.27,0,0.0088,Low Risk,1,1,Maintained VIP,Normal Alignment
14883,United Kingdom,UK,Champions,2. Mid Spend (GBP 500-2k),761.59,6,126.93,19,212.0,546.59,518.36,578.01,59.66,546.59,0,0.1067,Low Risk,0,0,Standard Tier,Normal Alignment
14885,United Kingdom,UK,About to Sleep,2. Mid Spend (GBP 500-2k),765.32,1,765.32,132,132.0,256.87,244.22,268.25,24.03,256.87,1,0.9138,High Churn Risk,0,0,Standard Tier,Normal Alignment
14886,United Kingdom,UK,Hibernating / Lost,1. Low Spend (<GBP 500),364.8,1,364.8,253,253.0,156.34,148.37,163.72,15.35,156.34,1,0.9919,High Churn Risk,0,0,Standard Tier,Normal Alignment
14887,United Kingdom,UK,About to Sleep,2. Mid Spend (GBP 500-2k),1862.0,1,1862.0,79,80.0,354.98,337.68,369.37,31.69,354.98,0,0.0493,Low Risk,0,0,Standard Tier,Normal Alignment
14888,United Kingdom,UK,Hibernating / Lost,1. Low Spend (<GBP 500),369.2,1,369.2,207,208.0,182.97,173.92,191.48,17.56,182.97,1,0.991,High Churn Risk,0,0,Standard Tier,Normal Alignment
14889,United Kingdom,UK,Hibernating / Lost,1. Low Spend (<GBP 500),135.9,1,135.9,336,337.0,122.93,116.62,128.65,12.03,122.93,1,0.993,High Churn Risk,0,0,Standard Tier,Normal Alignment
14890,United Kingdom,UK,Hibernating / Lost,1. Low Spend (<GBP 500),125.65,1,125.65,254,254.0,155.83,147.89,163.19,15.3,155.83,1,0.9908,High Churn Risk,0,0,Standard Tier,Normal Alignment
14891,United Kingdom,UK,At Risk,2. Mid Spend (GBP 500-2k),554.38,2,277.19,148,188.0,322.52,303.59,339.81,36.22,322.52,1,0.5267,Elevated Risk,0,0,Standard Tier,Normal Alignment
14893,United Kingdom,UK,Loyal Customers,2. Mid Spend (GBP 500-2k),1237.85,2,618.92,10,12.0,1795.26,1703.59,1870.06,166.47,1795.26,0,0.0146,Low Risk,1,1,Maintained VIP,Normal Alignment
14894,United Kingdom,UK,About to Sleep,2. Mid Spend (GBP 500-2k),655.75,1,655.75,85,86.0,340.0,323.37,353.91,30.54,340.0,0,0.0428,Low Risk,0,0,Standard Tier,Normal Alignment
14895,United Kingdom,UK,Champions,3. High Spend (>GBP 2k),11138.71,20,556.94,8,291.0,4441.62,4359.55,4502.49,142.93,4441.62,0,0.034,Low Risk,1,1,Maintained VIP,Normal Alignment
14896,United Kingdom,UK,At Risk,1. Low Spend (<GBP 500),468.77,2,234.39,205,366.0,220.53,212.82,228.29,15.47,220.53,1,0.4534,Moderate Risk,0,0,Standard Tier,Normal Alignment
14897,United Kingdom,UK,Champions,2. Mid Spend (GBP 500-2k),1366.38,4,341.6,8,297.0,726.33,717.24,733.57,16.33,726.33,0,0.2188,Low Risk,0,0,Standard Tier,Normal Alignment
14898,United Kingdom,UK,Champions,2. Mid Spend (GBP 500-2k),1269.31,6,211.55,23,372.0,617.35,604.61,630.59,25.98,617.35,0,0.1337,Low Risk,0,0,Standard Tier,Normal Alignment
14901,United Kingdom,UK,Champions,2. Mid Spend (GBP 500-2k),1421.29,9,157.92,11,373.0,650.97,632.73,671.46,38.74,650.97,0,0.089,Low Risk,0,0,Standard Tier,Normal Alignment
14902,United Kingdom,UK,New Customers,1. Low Spend (<GBP 500),332.66,1,332.66,26,26.0,588.32,559.58,612.73,53.15,588.32,0,0.0032,Low Risk,0,0,Standard Tier,Normal Alignment
14903,United Kingdom,UK,Champions,3. High Spend (>GBP 2k),2795.33,5,559.07,21,279.0,1289.94,1266.08,1307.85,41.77,1289.94,0,0.0732,Low Risk,1,1,Maintained VIP,Normal Alignment
14904,United Kingdom,UK,Loyal Customers,2. Mid Spend (GBP 500-2k),1025.44,2,512.72,2,26.0,1816.82,1723.51,1896.06,172.55,1816.82,0,0.0095,Low Risk,1,1,Maintained VIP,Normal Alignment
14905,United Kingdom,UK,At Risk,2. Mid Spend (GBP 500-2k),616.15,2,308.08,158,234.0,365.44,355.63,373.53,17.9,365.44,1,0.5669,Elevated Risk,0,0,Standard Tier,Normal Alignment
14907,United Kingdom,UK,Champions,3. High Spend (>GBP 2k),3501.1,7,500.16,3,368.0,1269.67,1249.47,1285.23,35.76,1269.67,0,0.062,Low Risk,1,1,Maintained VIP,Normal Alignment
14908,United Kingdom,UK,About to Sleep,1. Low Spend (<GBP 500),277.8,1,277.8,74,75.0,368.52,350.61,383.33,32.71,368.52,0,0.0201,Low Risk,0,0,Standard Tier,Normal Alignment
14910,United Kingdom,UK,Champions,1. Low Spend (<GBP 500),434.35,4,108.59,3,55.0,966.41,888.92,1043.99,155.08,966.41,0,0.0096,Low Risk,0,0,Standard Tier,Normal Alignment
14911,EIRE,International,Champions,3. High Spend (>GBP 2k),143711.17,201,714.98,1,374.0,57843.25,57272.57,58322.47,1049.89,79141.27,0,0.043,Low Risk,1,1,Maintained VIP,Normal Alignment
14912,Italy,International,Loyal Customers,2. Mid Spend (GBP 500-2k),867.85,2,433.92,17,247.0,384.19,375.2,391.28,16.09,441.35,0,0.5478,Elevated Risk,0,0,Standard Tier,Normal Alignment
14913,United Kingdom,UK,Loyal Customers,2. Mid Spend (GBP 500-2k),1227.43,4,306.86,36,360.0,518.85,510.23,526.6,16.37,518.85,0,0.2499,Low Risk,0,0,Standard Tier,Normal Alignment
14915,United Kingdom,UK,At Risk,1. Low Spend (<GBP 500),307.48,2,153.74,91,278.0,259.92,248.68,270.8,22.12,259.92,1,0.6475,Elevated Risk,0,0,Standard Tier,Normal Alignment
14916,United Kingdom,UK,Loyal Customers,2. Mid Spend (GBP 500-2k),1268.98,4,317.24,71,325.0,585.57,576.45,593.3,16.85,585.57,0,0.1983,Low Risk,0,0,Standard Tier,Normal Alignment
14918,United Kingdom,UK,At Risk,2. Mid Spend (GBP 500-2k),1610.15,2,805.08,116,155.0,844.8,803.13,882.79,79.66,844.8,1,0.258,Moderate Risk,0,0,Standard Tier,Normal Alignment
14920,United Kingdom,UK,At Risk,2. Mid Spend (GBP 500-2k),977.77,2,488.88,213,213.0,179.57,170.67,187.94,17.27,179.57,1,0.503,Elevated Risk,0,0,Standard Tier,Normal Alignment
14921,United Kingdom,UK,Loyal Customers,2. Mid Spend (GBP 500-2k),1316.07,2,658.04,30,202.0,465.77,454.94,474.24,19.29,465.77,0,0.5127,Elevated Risk,0,0,Standard Tier,Normal Alignment
14923,United Kingdom,UK,Promising,2. Mid Spend (GBP 500-2k),749.1,1,749.1,51,51.0,451.06,429.56,468.99,39.44,451.06,0,0.0303,Low Risk,0,0,Standard Tier,Normal Alignment
14924,United Kingdom,UK,Hibernating / Lost,1. Low Spend (<GBP 500),310.05,1,310.05,246,246.0,159.96,151.83,167.5,15.66,159.96,1,0.9908,High Churn Risk,0,0,Standard Tier,Normal Alignment
14929,United Kingdom,UK,New Customers,1. Low Spend (<GBP 500),223.88,1,223.88,32,33.0,542.13,516.34,564.98,48.64,542.13,0,0.0033,Low Risk,0,0,Standard Tier,Normal Alignment
14930,Channel Islands,International,At Risk,3. High Spend (>GBP 2k),2362.96,3,787.65,109,275.0,707.1,663.01,749.05,86.04,1000.8,1,0.3233,Moderate Risk,0,0,Standard Tier,Normal Alignment
14931,Channel Islands,International,Champions,2. Mid Spend (GBP 500-2k),1257.68,5,251.54,5,241.0,765.48,747.84,781.83,33.99,765.48,0,0.0979,Low Risk,0,0,Standard Tier,Normal Alignment
14932,Channel Islands,International,Hibernating / Lost,1. Low Spend (<GBP 500),363.53,1,363.53,366,366.0,114.49,108.6,119.82,11.22,123.62,1,0.9946,High Churn Risk,0,0,Standard Tier,Normal Alignment
14934,Channel Islands,International,At Risk,2. Mid Spend (GBP 500-2k),1890.94,2,945.47,82,283.0,612.29,577.54,644.81,67.27,923.81,0,0.5421,Elevated Risk,0,0,Standard Tier,Normal Alignment
14935,Channel Islands,International,Hibernating / Lost,2. Mid Spend (GBP 500-2k),1784.71,1,1784.71,297,298.0,136.47,129.49,142.87,13.38,257.18,1,0.9249,High Churn Risk,0,0,Standard Tier,Normal Alignment
14936,Channel Islands,International,Loyal Customers,3. High Spend (>GBP 2k),8137.02,8,1017.13,34,276.0,3338.18,3201.89,3446.01,244.13,5167.0,0,0.0398,Low Risk,1,1,Maintained VIP,Normal Alignment
14937,Channel Islands,International,Loyal Customers,2. Mid Spend (GBP 500-2k),1621.88,3,540.63,57,131.0,965.8,915.45,1009.99,94.54,1198.25,0,0.0837,Low Risk,0,1,Promoted to VIP,Normal Alignment
14944,United Kingdom,UK,Champions,3. High Spend (>GBP 2k),5900.25,12,491.69,30,297.0,2581.69,2521.5,2628.12,106.62,2581.69,0,0.0349,Low Risk,1,1,Maintained VIP,Normal Alignment
14946,United Kingdom,UK,New Customers,1. Low Spend (<GBP 500),100.9,1,100.9,14,15.0,679.28,643.78,708.72,64.94,679.28,0,0.0049,Low Risk,0,0,Standard Tier,Normal Alignment
14947,United Kingdom,UK,Loyal Customers,1. Low Spend (<GBP 500),290.82,2,145.41,72,131.0,426.02,401.32,448.5,47.18,426.02,0,0.234,Low Risk,0,0,Standard Tier,Normal Alignment
14948,United Kingdom,UK,Champions,2. Mid Spend (GBP 500-2k),1101.97,6,183.66,23,220.0,755.77,731.14,781.35,50.2,755.77,0,0.077,Low Risk,0,0,Standard Tier,Normal Alignment
14950,United Kingdom,UK,New Customers,1. Low Spend (<GBP 500),371.2,1,371.2,19,20.0,634.68,602.69,661.61,58.92,634.68,0,0.0028,Low Risk,0,0,Standard Tier,Normal Alignment
14951,United Kingdom,UK,About to Sleep,1. Low Spend (<GBP 500),311.69,1,311.69,79,80.0,354.98,337.68,369.37,31.69,354.98,0,0.0293,Low Risk,0,0,Standard Tier,Normal Alignment
14952,United Kingdom,UK,Loyal Customers,3. High Spend (>GBP 2k),8099.49,11,736.32,60,365.0,3064.48,2989.5,3121.41,131.91,3064.48,0,0.0374,Low Risk,1,1,Maintained VIP,Normal Alignment
14953,United Kingdom,UK,New Customers,1. Low Spend (<GBP 500),285.67,1,285.67,25,26.0,588.32,559.58,612.73,53.15,588.32,0,0.0042,Low Risk,0,0,Standard Tier,Normal Alignment
14954,United Kingdom,UK,New Customers,1. Low Spend (<GBP 500),294.85,1,294.85,12,13.0,698.92,661.83,729.5,67.67,698.92,0,0.0052,Low Risk,0,0,Standard Tier,Normal Alignment
14957,United Kingdom,UK,Hibernating / Lost,1. Low Spend (<GBP 500),58.49,1,58.49,253,254.0,155.83,147.89,163.19,15.3,155.83,1,0.9898,High Churn Risk,0,0,Standard Tier,Normal Alignment
14958,United Kingdom,UK,At Risk,1. Low Spend (<GBP 500),483.73,3,161.24,147,246.0,374.24,355.03,392.37,37.33,374.24,1,0.4205,Moderate Risk,0,0,Standard Tier,Normal Alignment
14959,United Kingdom,UK,Loyal Customers,2. Mid Spend (GBP 500-2k),695.42,4,173.86,64,297.0,433.22,416.63,449.75,33.13,433.22,0,0.2487,Low Risk,0,0,Standard Tier,Normal Alignment
14960,United Kingdom,UK,Loyal Customers,1. Low Spend (<GBP 500),221.27,2,110.64,8,172.0,361.65,343.0,379.03,36.02,361.65,0,0.4036,Moderate Risk,0,0,Standard Tier,Normal Alignment
14961,United Kingdom,UK,Champions,3. High Spend (>GBP 2k),7044.68,9,782.74,11,361.0,2485.77,2435.78,2523.96,88.18,2485.77,0,0.036,Low Risk,1,1,Maintained VIP,Normal Alignment
14962,United Kingdom,UK,Hibernating / Lost,1. Low Spend (<GBP 500),126.7,1,126.7,271,271.0,147.73,140.19,154.7,14.5,147.73,1,0.9908,High Churn Risk,0,0,Standard Tier,Normal Alignment
14963,United Kingdom,UK,Champions,2. Mid Spend (GBP 500-2k),1472.34,5,294.47,10,184.0,1087.16,1067.65,1103.99,36.34,1087.16,0,0.045,Low Risk,1,0,Demoted from VIP,Normal Alignment
14964,United Kingdom,UK,Hibernating / Lost,1. Low Spend (<GBP 500),206.21,1,206.21,247,248.0,158.91,150.83,166.4,15.57,158.91,1,0.9962,High Churn Risk,0,0,Standard Tier,Normal Alignment
14965,United Kingdom,UK,At Risk,2. Mid Spend (GBP 500-2k),596.09,2,298.04,96,97.0,315.58,300.2,328.78,28.58,315.58,1,0.1077,Low Risk,0,0,Standard Tier,Normal Alignment
14966,United Kingdom,UK,New Customers,1. Low Spend (<GBP 500),183.02,1,183.02,15,15.0,679.28,643.78,708.72,64.94,679.28,0,0.0026,Low Risk,0,0,Standard Tier,Normal Alignment
14967,United Kingdom,UK,Promising,1. Low Spend (<GBP 500),463.8,1,463.8,50,50.0,455.31,433.62,473.36,39.74,455.31,0,0.0055,Low Risk,0,0,Standard Tier,Normal Alignment
14968,United Kingdom,UK,New Customers,1. Low Spend (<GBP 500),147.59,1,147.59,30,31.0,554.57,528.09,577.48,49.38,554.57,0,0.0107,Low Risk,0,0,Standard Tier,Normal Alignment
14970,United Kingdom,UK,Loyal Customers,2. Mid Spend (GBP 500-2k),1592.06,4,398.02,68,317.0,713.61,703.95,721.16,17.21,713.61,0,0.2443,Low Risk,0,0,Standard Tier,Normal Alignment
14971,United Kingdom,UK,Loyal Customers,2. Mid Spend (GBP 500-2k),1097.98,3,365.99,35,44.0,1305.89,1255.18,1345.47,90.3,1305.89,0,0.0131,Low Risk,1,1,Maintained VIP,Normal Alignment
14972,United Kingdom,UK,About to Sleep,1. Low Spend (<GBP 500),114.77,1,114.77,128,129.0,261.04,248.2,272.56,24.36,261.04,1,0.9731,High Churn Risk,0,0,Standard Tier,Normal Alignment
14973,United Kingdom,UK,At Risk,2. Mid Spend (GBP 500-2k),1314.45,3,438.15,107,226.0,594.11,582.84,603.25,20.41,594.11,1,0.2785,Moderate Risk,0,0,Standard Tier,Normal Alignment
14974,United Kingdom,UK,Promising,1. Low Spend (<GBP 500),89.94,1,89.94,37,38.0,513.34,489.04,533.72,44.68,513.34,0,0.0097,Low Risk,0,0,Standard Tier,Normal Alignment
14975,United Kingdom,UK,Promising,1. Low Spend (<GBP 500),279.94,1,279.94,57,58.0,423.4,403.07,440.41,37.34,423.4,0,0.0234,Low Risk,0,0,Standard Tier,Normal Alignment
14976,United Kingdom,UK,Loyal Customers,2. Mid Spend (GBP 500-2k),790.86,7,112.98,57,327.0,458.12,441.49,476.08,34.59,458.12,0,0.1549,Low Risk,0,0,Standard Tier,Normal Alignment
14978,United Kingdom,UK,Loyal Customers,2. Mid Spend (GBP 500-2k),1921.37,5,384.27,72,331.0,853.73,844.12,861.47,17.36,853.73,0,0.1466,Low Risk,0,0,Standard Tier,Normal Alignment
14981,United Kingdom,UK,Hibernating / Lost,1. Low Spend (<GBP 500),102.12,1,102.12,246,247.0,159.43,151.33,166.95,15.62,159.43,1,0.9932,High Churn Risk,0,0,Standard Tier,Normal Alignment
14984,United Kingdom,UK,Loyal Customers,1. Low Spend (<GBP 500),202.37,2,101.18,19,181.0,329.28,309.64,347.36,37.72,329.28,0,0.4752,Moderate Risk,0,0,Standard Tier,Normal Alignment
14985,United Kingdom,UK,At Risk,1. Low Spend (<GBP 500),292.01,2,146.0,198,359.0,211.49,202.88,219.92,17.04,211.49,1,0.5023,Elevated Risk,0,0,Standard Tier,Normal Alignment
14987,United Kingdom,UK,Loyal Customers,1. Low Spend (<GBP 500),326.4,2,163.2,16,366.0,205.1,196.35,213.7,17.34,205.1,0,0.6786,Elevated Risk,0,0,Standard Tier,Normal Alignment
14988,United Kingdom,UK,Hibernating / Lost,1. Low Spend (<GBP 500),334.54,1,334.54,212,212.0,180.24,171.31,188.63,17.32,180.24,1,0.9922,High Churn Risk,0,0,Standard Tier,Normal Alignment
14995,United Kingdom,UK,Loyal Customers,1. Low Spend (<GBP 500),231.98,2,115.99,39,281.0,236.62,223.76,248.94,25.18,236.62,0,0.5484,Elevated Risk,0,0,Standard Tier,Normal Alignment
14997,United Kingdom,UK,Loyal Customers,2. Mid Spend (GBP 500-2k),546.2,3,182.07,46,179.0,544.61,523.99,564.49,40.5,544.61,0,0.1925,Low Risk,0,0,Standard Tier,Normal Alignment
14998,United Kingdom,UK,At Risk,1. Low Spend (<GBP 500),414.87,2,207.44,170,242.0,321.14,310.31,331.59,21.29,321.14,1,0.4805,Moderate Risk,0,0,Standard Tier,Normal Alignment
15000,United Kingdom,UK,Promising,1. Low Spend (<GBP 500),490.52,1,490.52,48,48.0,464.05,441.98,482.34,40.37,464.05,0,0.0053,Low Risk,0,0,Standard Tier,Normal Alignment
15002,United Kingdom,UK,At Risk,2. Mid Spend (GBP 500-2k),1641.76,4,410.44,116,368.0,539.31,531.94,545.9,13.96,539.31,1,0.2791,Moderate Risk,0,0,Standard Tier,Normal Alignment
15004,United Kingdom,UK,About to Sleep,2. Mid Spend (GBP 500-2k),1220.77,1,1220.77,147,148.0,236.74,225.06,247.37,22.31,236.74,1,0.8706,High Churn Risk,0,0,Standard Tier,Normal Alignment
15005,United Kingdom,UK,Champions,3. High Spend (>GBP 2k),6295.37,28,224.83,16,367.0,2645.87,2614.35,2669.52,55.17,2645.87,0,0.0283,Low Risk,1,1,Maintained VIP,Normal Alignment
15006,United Kingdom,UK,Promising,1. Low Spend (<GBP 500),480.38,1,480.38,51,52.0,446.89,425.56,464.71,39.14,446.89,0,0.0116,Low Risk,0,0,Standard Tier,Normal Alignment
15007,United Kingdom,UK,About to Sleep,1. Low Spend (<GBP 500),156.91,1,156.91,159,160.0,223.6,212.56,233.72,21.16,223.6,1,0.9801,High Churn Risk,0,0,Standard Tier,Normal Alignment
15009,United Kingdom,UK,Loyal Customers,2. Mid Spend (GBP 500-2k),1259.43,3,419.81,12,26.0,2054.22,1959.49,2126.8,167.31,2054.22,0,0.0143,Low Risk,1,1,Maintained VIP,Normal Alignment
15010,United Kingdom,UK,Promising,1. Low Spend (<GBP 500),308.94,1,308.94,36,36.0,524.48,499.6,545.45,45.84,524.48,0,0.0034,Low Risk,0,0,Standard Tier,Normal Alignment
15012,United Kingdom,UK,Loyal Customers,1. Low Spend (<GBP 500),405.04,2,202.52,54,374.0,217.97,210.58,225.58,15.0,217.97,0,0.4778,Moderate Risk,0,0,Standard Tier,Normal Alignment
15014,United Kingdom,UK,Loyal Customers,1. Low Spend (<GBP 500),257.67,2,128.83,43,177.0,357.93,340.14,374.65,34.52,357.93,0,0.4043,Moderate Risk,0,0,Standard Tier,Normal Alignment
15016,United Kingdom,UK,About to Sleep,1. Low Spend (<GBP 500),170.04,1,170.04,173,173.0,210.91,200.45,220.54,20.09,210.91,1,0.9873,High Churn Risk,0,0,Standard Tier,Normal Alignment
15017,United Kingdom,UK,Promising,1. Low Spend (<GBP 500),125.58,1,125.58,34,34.0,536.11,510.64,558.27,47.63,536.11,0,0.0044,Low Risk,0,0,Standard Tier,Normal Alignment
15018,United Kingdom,UK,Loyal Customers,1. Low Spend (<GBP 500),496.21,3,165.4,39,368.0,299.87,288.44,310.88,22.44,299.87,0,0.4981,Moderate Risk,0,0,Standard Tier,Normal Alignment
15019,United Kingdom,UK,Hibernating / Lost,1. Low Spend (<GBP 500),252.81,1,252.81,267,267.0,149.56,141.93,156.62,14.69,149.56,1,0.9913,High Churn Risk,0,0,Standard Tier,Normal Alignment
15021,United Kingdom,UK,Champions,2. Mid Spend (GBP 500-2k),1871.77,9,207.97,9,367.0,832.08,818.46,845.65,27.19,832.08,0,0.0626,Low Risk,0,0,Standard Tier,Normal Alignment
15022,United Kingdom,UK,Champions,2. Mid Spend (GBP 500-2k),852.39,4,213.1,12,48.0,1432.43,1379.91,1478.95,99.04,1432.43,0,0.0129,Low Risk,1,1,Maintained VIP,Normal Alignment
15023,United Kingdom,UK,Champions,3. High Spend (>GBP 2k),6720.41,11,610.95,3,370.0,2642.12,2606.27,2668.28,62.01,2642.12,0,0.0335,Low Risk,1,1,Maintained VIP,Normal Alignment
15024,United Kingdom,UK,Champions,2. Mid Spend (GBP 500-2k),1636.43,10,163.64,10,368.0,620.85,605.68,637.04,31.36,620.85,0,0.072,Low Risk,0,0,Standard Tier,Normal Alignment
15025,United Kingdom,UK,New Customers,1. Low Spend (<GBP 500),361.96,1,361.96,33,34.0,536.11,510.64,558.27,47.63,536.11,0,0.0046,Low Risk,0,0,Standard Tier,Normal Alignment
15026,United Kingdom,UK,At Risk,1. Low Spend (<GBP 500),469.0,3,156.33,80,278.0,369.65,354.4,384.64,30.24,369.65,0,0.4064,Moderate Risk,0,0,Standard Tier,Normal Alignment
15027,United Kingdom,UK,Champions,2. Mid Spend (GBP 500-2k),1066.15,4,266.54,31,239.0,626.56,610.67,641.81,31.13,626.56,0,0.1628,Low Risk,0,0,Standard Tier,Normal Alignment
15028,United Kingdom,UK,Champions,2. Mid Spend (GBP 500-2k),627.13,4,156.78,8,369.0,318.61,308.63,328.44,19.81,318.61,0,0.426,Moderate Risk,0,0,Standard Tier,Normal Alignment
15030,United Kingdom,UK,Loyal Customers,2. Mid Spend (GBP 500-2k),518.28,2,259.14,72,269.0,350.1,341.76,356.85,15.09,350.1,0,0.5839,Elevated Risk,0,0,Standard Tier,Normal Alignment
15031,United Kingdom,UK,Champions,2. Mid Spend (GBP 500-2k),653.19,4,163.3,4,283.0,444.59,427.2,462.09,34.89,444.59,0,0.2311,Low Risk,0,0,Standard Tier,Normal Alignment
15032,United Kingdom,UK,At Risk,3. High Spend (>GBP 2k),4959.1,3,1653.03,256,367.0,849.29,781.82,915.91,134.09,849.29,1,0.4177,Moderate Risk,0,0,Standard Tier,Normal Alignment
15033,United Kingdom,UK,Champions,3. High Spend (>GBP 2k),2557.18,10,255.72,5,330.0,1063.35,1044.95,1081.46,36.51,1063.35,0,0.0376,Low Risk,0,0,Standard Tier,Normal Alignment
15034,United Kingdom,UK,Champions,3. High Spend (>GBP 2k),4274.16,8,534.27,16,354.0,1554.24,1530.31,1570.94,40.63,1554.24,0,0.0333,Low Risk,1,1,Maintained VIP,Normal Alignment
15035,United Kingdom,UK,About to Sleep,1. Low Spend (<GBP 500),252.73,1,252.73,90,90.0,330.69,314.49,344.3,29.81,330.69,0,0.0302,Low Risk,0,0,Standard Tier,Normal Alignment
15036,United Kingdom,UK,Loyal Customers,1. Low Spend (<GBP 500),429.56,3,143.19,72,180.0,533.26,512.48,553.8,41.33,533.26,0,0.1672,Low Risk,0,0,Standard Tier,Normal Alignment
15038,United Kingdom,UK,Loyal Customers,2. Mid Spend (GBP 500-2k),685.74,6,114.29,59,370.0,393.28,375.21,414.32,39.11,393.28,0,0.238,Low Risk,0,0,Standard Tier,Normal Alignment
15039,United Kingdom,UK,Champions,3. High Spend (>GBP 2k),19766.59,47,420.57,10,369.0,7947.64,7870.96,8008.71,137.75,7947.64,0,0.0327,Low Risk,1,1,Maintained VIP,Normal Alignment
15041,United Kingdom,UK,About to Sleep,1. Low Spend (<GBP 500),179.93,1,179.93,170,171.0,212.77,202.23,222.47,20.24,212.77,1,0.9631,High Churn Risk,0,0,Standard Tier,Normal Alignment
15042,United Kingdom,UK,Hibernating / Lost,1. Low Spend (<GBP 500),135.93,1,135.93,199,200.0,188.68,179.28,197.42,18.14,188.68,1,0.9894,High Churn Risk,0,0,Standard Tier,Normal Alignment
15043,United Kingdom,UK,New Customers,2. Mid Spend (GBP 500-2k),537.0,1,537.0,31,32.0,548.28,522.17,571.32,49.15,548.28,0,0.0065,Low Risk,0,0,Standard Tier,Normal Alignment
15044,United Kingdom,UK,Champions,3. High Spend (>GBP 2k),7634.73,17,449.1,19,363.0,2942.29,2913.16,2964.51,51.35,2942.29,0,0.0326,Low Risk,1,1,Maintained VIP,Normal Alignment
15045,United Kingdom,UK,At Risk,2. Mid Spend (GBP 500-2k),735.66,2,367.83,152,258.0,354.31,345.73,361.39,15.66,354.31,1,0.6385,Elevated Risk,0,0,Standard Tier,Normal Alignment
15046,United Kingdom,UK,Champions,3. High Spend (>GBP 2k),5090.42,15,339.36,9,339.0,2154.24,2131.41,2170.66,39.25,2154.24,0,0.0327,Low Risk,1,1,Maintained VIP,Normal Alignment
15047,United Kingdom,UK,Hibernating / Lost,1. Low Spend (<GBP 500),343.62,1,343.62,270,270.0,148.19,140.62,155.17,14.55,148.19,1,0.9928,High Churn Risk,0,0,Standard Tier,Normal Alignment
15048,United Kingdom,UK,Loyal Customers,1. Low Spend (<GBP 500),381.0,4,95.25,65,369.0,275.18,257.73,294.27,36.54,275.18,0,0.4127,Moderate Risk,0,0,Standard Tier,Normal Alignment
15049,United Kingdom,UK,Hibernating / Lost,1. Low Spend (<GBP 500),121.17,1,121.17,274,274.0,146.39,138.92,153.29,14.37,146.39,1,0.9906,High Churn Risk,0,0,Standard Tier,Normal Alignment
15050,United Kingdom,UK,Loyal Customers,2. Mid Spend (GBP 500-2k),1737.69,3,579.23,25,72.0,986.44,954.67,1009.19,54.53,986.44,0,0.0204,Low Risk,0,0,Standard Tier,Normal Alignment
15051,United Kingdom,UK,Loyal Customers,2. Mid Spend (GBP 500-2k),1383.36,3,461.12,23,151.0,1054.76,1030.41,1073.41,43.0,1054.76,0,0.0707,Low Risk,0,0,Standard Tier,Normal Alignment
15052,United Kingdom,UK,Hibernating / Lost,1. Low Spend (<GBP 500),207.73,1,207.73,319,320.0,128.49,121.9,134.49,12.58,128.49,1,0.9945,High Churn Risk,0,0,Standard Tier,Normal Alignment
15053,United Kingdom,UK,Loyal Customers,2. Mid Spend (GBP 500-2k),693.95,3,231.32,5,282.0,413.69,402.02,425.56,23.54,413.69,0,0.3628,Moderate Risk,0,0,Standard Tier,Normal Alignment
15054,United Kingdom,UK,Loyal Customers,1. Low Spend (<GBP 500),302.1,2,151.05,12,41.0,850.3,801.17,890.9,89.73,850.3,0,0.0065,Low Risk,0,0,Standard Tier,Normal Alignment
15057,United Kingdom,UK,At Risk,2. Mid Spend (GBP 500-2k),1489.5,2,744.75,275,316.0,303.34,295.82,309.51,13.69,303.34,1,0.6086,Elevated Risk,0,0,Standard Tier,Normal Alignment
15058,United Kingdom,UK,Champions,3. High Spend (>GBP 2k),2102.54,11,191.14,25,313.0,1014.5,998.53,1028.82,30.29,1014.5,0,0.0442,Low Risk,0,0,Standard Tier,Normal Alignment
15059,United Kingdom,UK,Loyal Customers,2. Mid Spend (GBP 500-2k),1337.72,9,148.64,41,335.0,677.26,660.98,694.6,33.63,677.26,0,0.1081,Low Risk,0,0,Standard Tier,Normal Alignment
15060,United Kingdom,UK,Champions,1. Low Spend (<GBP 500),294.25,4,73.56,8,10.0,1010.4,911.4,1095.44,184.04,1010.4,0,0.0111,Low Risk,0,0,Standard Tier,Normal Alignment
15061,United Kingdom,UK,Champions,3. High Spend (>GBP 2k),54534.14,48,1136.13,4,373.0,18169.13,17951.09,18359.62,408.52,18169.13,0,0.0417,Low Risk,1,1,Maintained VIP,Normal Alignment
15062,United Kingdom,UK,Loyal Customers,2. Mid Spend (GBP 500-2k),987.86,4,246.96,71,360.0,464.32,454.22,474.46,20.24,464.32,0,0.2583,Moderate Risk,0,0,Standard Tier,Normal Alignment
15063,United Kingdom,UK,Hibernating / Lost,1. Low Spend (<GBP 500),370.8,1,370.8,213,214.0,178.9,170.03,187.24,17.22,178.9,1,0.9862,High Churn Risk,0,0,Standard Tier,Normal Alignment
15065,United Kingdom,UK,Loyal Customers,3. High Spend (>GBP 2k),3158.13,4,789.53,38,292.0,1263.19,1222.01,1294.78,72.77,1263.19,0,0.1226,Low Risk,1,1,Maintained VIP,Normal Alignment
15066,United Kingdom,UK,Promising,2. Mid Spend (GBP 500-2k),893.59,1,893.59,53,54.0,438.77,417.79,456.36,38.58,438.77,0,0.0272,Low Risk,0,0,Standard Tier,Normal Alignment
15067,United Kingdom,UK,At Risk,2. Mid Spend (GBP 500-2k),1744.76,3,581.59,78,283.0,546.61,519.88,572.08,52.21,546.61,0,0.38,Moderate Risk,0,0,Standard Tier,Normal Alignment
15068,United Kingdom,UK,Loyal Customers,2. Mid Spend (GBP 500-2k),553.36,2,276.68,46,257.0,341.1,332.09,348.45,16.36,341.1,0,0.4594,Moderate Risk,0,0,Standard Tier,Normal Alignment
15069,United Kingdom,UK,About to Sleep,2. Mid Spend (GBP 500-2k),1109.53,1,1109.53,179,180.0,204.66,194.45,214.04,19.6,204.66,1,0.912,High Churn Risk,0,0,Standard Tier,Normal Alignment
15070,United Kingdom,UK,Hibernating / Lost,1. Low Spend (<GBP 500),106.2,1,106.2,373,373.0,112.62,106.83,117.87,11.04,112.62,1,0.989,High Churn Risk,0,0,Standard Tier,Normal Alignment
15071,United Kingdom,UK,At Risk,2. Mid Spend (GBP 500-2k),982.07,2,491.04,94,276.0,354.03,345.86,360.59,14.74,354.03,1,0.5734,Elevated Risk,0,0,Standard Tier,Normal Alignment
15073,United Kingdom,UK,Loyal Customers,2. Mid Spend (GBP 500-2k),1043.41,3,347.8,10,187.0,660.71,646.43,672.43,26.0,660.71,0,0.18,Low Risk,0,0,Standard Tier,Normal Alignment
15074,United Kingdom,UK,About to Sleep,2. Mid Spend (GBP 500-2k),735.67,1,735.67,105,106.0,298.06,283.6,310.88,27.28,298.06,1,0.8544,High Churn Risk,0,0,Standard Tier,Normal Alignment
15075,United Kingdom,UK,About to Sleep,2. Mid Spend (GBP 500-2k),773.03,1,773.03,78,78.0,360.27,342.73,374.83,32.1,360.27,0,0.0459,Low Risk,0,0,Standard Tier,Normal Alignment
15076,United Kingdom,UK,About to Sleep,2. Mid Spend (GBP 500-2k),880.85,1,880.85,173,173.0,210.91,200.45,220.54,20.09,210.91,1,0.9115,High Churn Risk,0,0,Standard Tier,Normal Alignment
15078,United Kingdom,UK,Champions,3. High Spend (>GBP 2k),9743.11,32,304.47,7,369.0,3890.23,3851.05,3917.65,66.59,3890.23,0,0.0297,Low Risk,1,1,Maintained VIP,Normal Alignment
15079,United Kingdom,UK,At Risk,2. Mid Spend (GBP 500-2k),895.61,4,223.9,213,366.0,429.77,423.01,435.12,12.11,429.77,1,0.2656,Moderate Risk,0,0,Standard Tier,Normal Alignment
15081,United Kingdom,UK,Champions,2. Mid Spend (GBP 500-2k),504.8,5,100.96,22,368.0,324.25,305.72,345.22,39.5,324.25,0,0.4295,Moderate Risk,0,0,Standard Tier,Normal Alignment
15083,United Kingdom,UK,Hibernating / Lost,1. Low Spend (<GBP 500),88.2,1,88.2,257,257.0,154.34,146.47,161.64,15.16,154.34,1,0.9899,High Churn Risk,0,0,Standard Tier,Normal Alignment
15087,United Kingdom,UK,Hibernating / Lost,1. Low Spend (<GBP 500),306.94,1,306.94,282,282.0,142.93,135.62,149.65,14.03,142.93,1,0.9754,High Churn Risk,0,0,Standard Tier,Normal Alignment
15088,United Kingdom,UK,Loyal Customers,2. Mid Spend (GBP 500-2k),1160.07,2,580.04,21,68.0,841.35,812.25,861.98,49.73,841.35,0,0.0156,Low Risk,0,0,Standard Tier,Normal Alignment
15089,United Kingdom,UK,Champions,3. High Spend (>GBP 2k),2420.84,6,403.47,10,129.0,1452.21,1415.11,1483.47,68.36,1452.21,0,0.0411,Low Risk,1,1,Maintained VIP,Normal Alignment
15090,United Kingdom,UK,Hibernating / Lost,1. Low Spend (<GBP 500),381.32,1,381.32,308,309.0,132.36,125.58,138.55,12.97,132.36,1,0.9919,High Churn Risk,0,0,Standard Tier,Normal Alignment
15091,United Kingdom,UK,Promising,1. Low Spend (<GBP 500),480.71,1,480.71,68,68.0,389.29,370.97,404.95,33.99,389.29,0,0.0231,Low Risk,0,0,Standard Tier,Normal Alignment
15092,United Kingdom,UK,At Risk,1. Low Spend (<GBP 500),457.81,2,228.91,215,284.0,243.24,231.19,254.87,23.68,243.24,1,0.647,Elevated Risk,0,0,Standard Tier,Normal Alignment
15093,United Kingdom,UK,Champions,3. High Spend (>GBP 2k),4597.02,6,766.17,18,373.0,1661.74,1621.74,1692.35,70.61,1661.74,0,0.0885,Low Risk,1,1,Maintained VIP,Normal Alignment
15095,United Kingdom,UK,At Risk,2. Mid Spend (GBP 500-2k),1370.6,4,342.65,104,204.0,610.56,596.9,621.71,24.81,610.56,1,0.1148,Low Risk,0,0,Standard Tier,Normal Alignment
15096,United Kingdom,UK,Promising,1. Low Spend (<GBP 500),219.39,1,219.39,43,43.0,487.45,464.37,506.5,42.13,487.45,0,0.004,Low Risk,0,0,Standard Tier,Normal Alignment
15097,United Kingdom,UK,New Customers,1. Low Spend (<GBP 500),248.08,1,248.08,4,5.0,790.36,745.05,827.75,82.7,790.36,0,0.0032,Low Risk,0,0,Standard Tier,Normal Alignment
15098,United Kingdom,UK,At Risk,3. High Spend (>GBP 2k),39916.5,3,13305.5,182,183.0,202.1,191.99,211.38,19.39,202.1,1,0.4584,Moderate Risk,0,0,Standard Tier,Normal Alignment
15099,United Kingdom,UK,About to Sleep,1. Low Spend (<GBP 500),410.48,1,410.48,84,85.0,342.41,325.67,356.39,30.73,342.41,0,0.0375,Low Risk,0,0,Standard Tier,Normal Alignment
15100,United Kingdom,UK,At Risk,2. Mid Spend (GBP 500-2k),876.0,3,292.0,334,374.0,343.78,335.5,352.06,16.56,343.78,1,0.5923,Elevated Risk,0,0,Standard Tier,Normal Alignment
15101,United Kingdom,UK,Loyal Customers,1. Low Spend (<GBP 500),317.53,2,158.76,9,360.0,224.9,217.25,232.77,15.52,224.9,0,0.6023,Elevated Risk,0,0,Standard Tier,Normal Alignment
15103,United Kingdom,UK,Loyal Customers,2. Mid Spend (GBP 500-2k),703.36,2,351.68,31,87.0,838.64,814.93,857.42,42.49,838.64,0,0.01,Low Risk,0,0,Standard Tier,Normal Alignment
15104,United Kingdom,UK,At Risk,2. Mid Spend (GBP 500-2k),993.54,2,496.77,197,283.0,436.28,422.38,451.23,28.85,436.28,1,0.498,Moderate Risk,0,0,Standard Tier,Normal Alignment
15105,United Kingdom,UK,Champions,3. High Spend (>GBP 2k),2298.93,7,328.42,18,135.0,1850.14,1812.99,1879.45,66.45,1850.14,0,0.0333,Low Risk,1,1,Maintained VIP,Normal Alignment
15106,United Kingdom,UK,Champions,2. Mid Spend (GBP 500-2k),1422.52,5,284.5,18,270.0,720.18,704.95,734.52,29.57,720.18,0,0.101,Low Risk,0,0,Standard Tier,Normal Alignment
15107,United Kingdom,UK,Cannot Lose Them,1. Low Spend (<GBP 500),319.5,6,53.25,311,373.0,254.93,231.99,281.22,49.23,254.93,1,0.491,Moderate Risk,0,0,Standard Tier,Normal Alignment
15108,European Community,International,At Risk,2. Mid Spend (GBP 500-2k),1300.25,4,325.06,142,228.0,858.38,845.35,867.98,22.63,891.28,1,0.1681,Low Risk,0,0,Standard Tier,Normal Alignment
15109,United Kingdom,UK,Hibernating / Lost,1. Low Spend (<GBP 500),484.95,1,484.95,246,246.0,159.96,151.83,167.5,15.66,159.96,1,0.9859,High Churn Risk,0,0,Standard Tier,Normal Alignment
15110,United Kingdom,UK,Champions,2. Mid Spend (GBP 500-2k),996.1,4,249.02,24,319.0,534.58,523.65,544.71,21.06,534.58,0,0.2582,Moderate Risk,0,0,Standard Tier,Normal Alignment
15111,United Kingdom,UK,Loyal Customers,2. Mid Spend (GBP 500-2k),1567.48,3,522.49,29,373.0,602.84,585.74,617.67,31.93,602.84,0,0.4236,Moderate Risk,0,0,Standard Tier,Normal Alignment
15113,United Kingdom,UK,Loyal Customers,3. High Spend (>GBP 2k),3509.43,3,1169.81,10,55.0,2443.56,2332.26,2531.61,199.35,2443.56,0,0.0218,Low Risk,1,1,Maintained VIP,Normal Alignment
15114,United Kingdom,UK,Champions,3. High Spend (>GBP 2k),2760.56,10,276.06,30,302.0,1378.01,1360.24,1393.0,32.76,1378.01,0,0.0358,Low Risk,1,1,Maintained VIP,Normal Alignment
15115,United Kingdom,UK,New Customers,1. Low Spend (<GBP 500),340.11,1,340.11,18,19.0,643.12,610.48,670.52,60.04,643.12,0,0.0034,Low Risk,0,0,Standard Tier,Normal Alignment
15116,United Kingdom,UK,Champions,2. Mid Spend (GBP 500-2k),1352.75,4,338.19,18,205.0,795.36,778.83,809.1,30.27,795.36,0,0.1161,Low Risk,0,0,Standard Tier,Normal Alignment
15117,United Kingdom,UK,Champions,2. Mid Spend (GBP 500-2k),1551.78,5,310.36,15,216.0,994.77,978.42,1008.0,29.58,994.77,0,0.0504,Low Risk,0,0,Standard Tier,Normal Alignment
15118,United Kingdom,UK,About to Sleep,1. Low Spend (<GBP 500),244.8,1,244.8,134,135.0,252.84,240.38,264.07,23.69,252.84,1,0.9355,High Churn Risk,0,0,Standard Tier,Normal Alignment
15119,United Kingdom,UK,Hibernating / Lost,1. Low Spend (<GBP 500),266.4,1,266.4,246,246.0,159.96,151.83,167.5,15.66,159.96,1,0.9954,High Churn Risk,0,0,Standard Tier,Normal Alignment
15120,United Kingdom,UK,About to Sleep,1. Low Spend (<GBP 500),358.82,1,358.82,134,134.0,254.17,241.64,265.44,23.8,254.17,1,0.9477,High Churn Risk,0,0,Standard Tier,Normal Alignment
15121,United Kingdom,UK,Loyal Customers,1. Low Spend (<GBP 500),457.72,2,228.86,50,289.0,250.61,239.67,261.27,21.6,250.61,0,0.5448,Elevated Risk,0,0,Standard Tier,Normal Alignment
15122,United Kingdom,UK,At Risk,2. Mid Spend (GBP 500-2k),1633.78,3,544.59,114,298.0,712.96,693.11,730.2,37.09,712.96,1,0.4772,Moderate Risk,0,0,Standard Tier,Normal Alignment
15123,United Kingdom,UK,Loyal Customers,3. High Spend (>GBP 2k),2199.31,2,1099.66,7,207.0,823.8,775.16,869.09,93.92,823.8,0,0.4357,Moderate Risk,0,0,Standard Tier,Normal Alignment
15124,United Kingdom,UK,Loyal Customers,1. Low Spend (<GBP 500),184.19,2,92.1,23,192.0,311.05,292.13,328.68,36.55,311.05,0,0.4845,Moderate Risk,0,0,Standard Tier,Normal Alignment
15125,United Kingdom,UK,Champions,3. High Spend (>GBP 2k),11528.48,15,768.57,25,271.0,4132.97,4051.48,4193.05,141.56,4132.97,0,0.0359,Low Risk,1,1,Maintained VIP,Normal Alignment
15127,United Kingdom,UK,Promising,1. Low Spend (<GBP 500),406.53,1,406.53,66,66.0,395.67,377.2,411.52,34.32,395.67,0,0.0263,Low Risk,0,0,Standard Tier,Normal Alignment
15128,United Kingdom,UK,Loyal Customers,2. Mid Spend (GBP 500-2k),1471.0,4,367.75,60,220.0,815.66,801.5,826.62,25.12,815.66,0,0.0958,Low Risk,0,0,Standard Tier,Normal Alignment
15129,United Kingdom,UK,Loyal Customers,3. High Spend (>GBP 2k),3447.4,11,313.4,50,292.0,1698.38,1679.26,1712.54,33.27,1698.38,0,0.0398,Low Risk,1,1,Maintained VIP,Normal Alignment
15130,United Kingdom,UK,About to Sleep,1. Low Spend (<GBP 500),330.11,1,330.11,170,170.0,213.71,203.14,223.45,20.31,213.71,1,0.969,High Churn Risk,0,0,Standard Tier,Normal Alignment
15132,United Kingdom,UK,Champions,2. Mid Spend (GBP 500-2k),977.93,5,195.59,18,263.0,564.42,544.5,585.55,41.05,564.42,0,0.1269,Low Risk,0,0,Standard Tier,Normal Alignment
15133,United Kingdom,UK,At Risk,2. Mid Spend (GBP 500-2k),982.42,3,327.47,128,302.0,463.67,455.06,471.3,16.24,463.67,1,0.4754,Moderate Risk,0,0,Standard Tier,Normal Alignment
15134,United Kingdom,UK,Champions,2. Mid Spend (GBP 500-2k),1387.99,8,173.5,15,241.0,967.11,941.19,993.46,52.28,967.11,0,0.0664,Low Risk,0,0,Standard Tier,Normal Alignment
15135,United Kingdom,UK,Hibernating / Lost,1. Low Spend (<GBP 500),139.05,1,139.05,239,240.0,163.2,154.94,170.88,15.93,163.2,1,0.9908,High Churn Risk,0,0,Standard Tier,Normal Alignment
15136,United Kingdom,UK,Champions,2. Mid Spend (GBP 500-2k),1286.7,4,321.68,3,97.0,1136.74,1109.07,1157.64,48.57,1136.74,0,0.0331,Low Risk,1,1,Maintained VIP,Normal Alignment
15139,United Kingdom,UK,At Risk,1. Low Spend (<GBP 500),178.96,2,89.48,240,337.0,183.8,171.38,196.52,25.14,183.8,1,0.6165,Elevated Risk,0,0,Standard Tier,Normal Alignment
15140,United Kingdom,UK,Loyal Customers,3. High Spend (>GBP 2k),2354.25,7,336.32,52,265.0,1190.7,1176.03,1200.71,24.68,1190.7,0,0.0413,Low Risk,1,1,Maintained VIP,Normal Alignment
15142,United Kingdom,UK,Promising,1. Low Spend (<GBP 500),498.74,1,498.74,46,47.0,468.55,446.28,486.96,40.68,468.55,0,0.0063,Low Risk,0,0,Standard Tier,Normal Alignment
15143,United Kingdom,UK,Hibernating / Lost,1. Low Spend (<GBP 500),259.45,1,259.45,226,226.0,171.3,162.72,179.32,16.6,171.3,1,0.9892,High Churn Risk,0,0,Standard Tier,Normal Alignment
15144,United Kingdom,UK,Champions,3. High Spend (>GBP 2k),6580.44,17,387.08,8,313.0,3039.07,3005.55,3064.0,58.44,3039.07,0,0.0342,Low Risk,1,1,Maintained VIP,Normal Alignment
15145,United Kingdom,UK,Champions,2. Mid Spend (GBP 500-2k),1194.73,4,298.68,4,249.0,630.06,614.99,643.53,28.53,630.06,0,0.1442,Low Risk,0,0,Standard Tier,Normal Alignment
15146,United Kingdom,UK,At Risk,2. Mid Spend (GBP 500-2k),1327.16,2,663.58,165,292.0,376.27,366.35,385.27,18.92,376.27,1,0.5385,Elevated Risk,0,0,Standard Tier,Normal Alignment
15147,United Kingdom,UK,Hibernating / Lost,2. Mid Spend (GBP 500-2k),623.5,1,623.5,240,241.0,162.65,154.42,170.3,15.89,162.65,1,0.9539,High Churn Risk,0,0,Standard Tier,Normal Alignment
15148,United Kingdom,UK,New Customers,1. Low Spend (<GBP 500),301.29,1,301.29,11,11.0,719.74,680.92,751.21,70.29,719.74,0,0.0031,Low Risk,0,0,Standard Tier,Normal Alignment
15149,United Kingdom,UK,About to Sleep,2. Mid Spend (GBP 500-2k),520.8,1,520.8,134,134.0,254.17,241.64,265.44,23.8,254.17,1,0.9409,High Churn Risk,0,0,Standard Tier,Normal Alignment
15150,United Kingdom,UK,Champions,3. High Spend (>GBP 2k),5291.33,10,529.13,17,270.0,2674.88,2640.3,2702.9,62.6,2674.88,0,0.0346,Low Risk,1,1,Maintained VIP,Normal Alignment
15152,United Kingdom,UK,Champions,3. High Spend (>GBP 2k),4745.69,13,365.05,10,188.0,3065.16,3015.58,3104.61,89.03,3065.16,0,0.029,Low Risk,1,1,Maintained VIP,Normal Alignment
15153,United Kingdom,UK,New Customers,1. Low Spend (<GBP 500),329.25,1,329.25,31,32.0,548.28,522.17,571.32,49.15,548.28,0,0.0034,Low Risk,0,0,Standard Tier,Normal Alignment
15154,United Kingdom,UK,About to Sleep,1. Low Spend (<GBP 500),254.28,1,254.28,75,76.0,365.73,347.94,380.45,32.51,365.73,0,0.0233,Low Risk,0,0,Standard Tier,Normal Alignment
15156,United Kingdom,UK,Loyal Customers,2. Mid Spend (GBP 500-2k),961.49,3,320.5,1,34.0,1833.04,1755.29,1895.03,139.74,1833.04,0,0.0108,Low Risk,1,1,Maintained VIP,Normal Alignment
15157,United Kingdom,UK,Loyal Customers,2. Mid Spend (GBP 500-2k),1936.07,3,645.36,4,359.0,471.37,463.0,477.29,14.29,471.37,0,0.395,Moderate Risk,0,0,Standard Tier,Normal Alignment
15158,United Kingdom,UK,Promising,1. Low Spend (<GBP 500),401.4,1,401.4,45,46.0,473.14,450.67,491.67,41.01,473.14,0,0.005,Low Risk,0,0,Standard Tier,Normal Alignment
15159,United Kingdom,UK,Champions,3. High Spend (>GBP 2k),18641.01,30,621.37,2,362.0,6994.57,6900.71,7069.18,168.47,6994.57,0,0.0333,Low Risk,1,1,Maintained VIP,Normal Alignment
15160,United Kingdom,UK,Hibernating / Lost,1. Low Spend (<GBP 500),158.16,1,158.16,357,358.0,116.7,110.7,122.13,11.43,116.7,1,0.9929,High Churn Risk,0,0,Standard Tier,Normal Alignment
15163,United Kingdom,UK,Loyal Customers,1. Low Spend (<GBP 500),304.47,2,152.24,18,193.0,340.09,323.94,355.39,31.45,340.09,0,0.461,Moderate Risk,0,0,Standard Tier,Normal Alignment
15164,United Kingdom,UK,Loyal Customers,2. Mid Spend (GBP 500-2k),824.58,3,274.86,69,340.0,421.76,414.07,428.41,14.34,421.76,0,0.3862,Moderate Risk,0,0,Standard Tier,Normal Alignment
15165,United Kingdom,UK,Hibernating / Lost,1. Low Spend (<GBP 500),487.75,1,487.75,373,374.0,112.36,106.58,117.6,11.02,112.36,1,0.9852,High Churn Risk,0,0,Standard Tier,Normal Alignment
15167,United Kingdom,UK,Hibernating / Lost,1. Low Spend (<GBP 500),158.8,1,158.8,321,321.0,128.15,121.58,134.13,12.55,128.15,1,0.9913,High Churn Risk,0,0,Standard Tier,Normal Alignment
15168,United Kingdom,UK,New Customers,1. Low Spend (<GBP 500),106.56,1,106.56,26,26.0,588.32,559.58,612.73,53.15,588.32,0,0.004,Low Risk,0,0,Standard Tier,Normal Alignment
15171,United Kingdom,UK,Hibernating / Lost,2. Mid Spend (GBP 500-2k),1289.5,1,1289.5,331,332.0,124.52,118.13,130.32,12.19,124.52,1,0.9409,High Churn Risk,0,0,Standard Tier,Normal Alignment
15172,United Kingdom,UK,Champions,2. Mid Spend (GBP 500-2k),1624.05,5,324.81,9,237.0,944.07,929.02,955.9,26.88,944.07,0,0.057,Low Risk,0,0,Standard Tier,Normal Alignment
15174,United Kingdom,UK,Hibernating / Lost,1. Low Spend (<GBP 500),135.75,1,135.75,323,323.0,127.47,120.94,133.42,12.48,127.47,1,0.9939,High Churn Risk,0,0,Standard Tier,Normal Alignment
15175,United Kingdom,UK,Promising,1. Low Spend (<GBP 500),224.14,1,224.14,72,72.0,377.14,359.06,392.22,33.16,377.14,0,0.0312,Low Risk,0,0,Standard Tier,Normal Alignment
15178,United Kingdom,UK,Hibernating / Lost,1. Low Spend (<GBP 500),40.5,1,40.5,260,261.0,152.39,144.62,159.59,14.97,152.39,1,0.9886,High Churn Risk,0,0,Standard Tier,Normal Alignment
15179,United Kingdom,UK,Champions,3. High Spend (>GBP 2k),2206.95,5,441.39,18,320.0,586.56,572.46,601.06,28.61,586.56,0,0.0964,Low Risk,0,0,Standard Tier,Normal Alignment
15180,United Kingdom,UK,Hibernating / Lost,1. Low Spend (<GBP 500),87.5,1,87.5,367,368.0,113.95,108.09,119.25,11.17,113.95,1,0.989,High Churn Risk,0,0,Standard Tier,Normal Alignment
15181,United Kingdom,UK,Loyal Customers,2. Mid Spend (GBP 500-2k),689.48,3,229.83,66,270.0,392.01,377.01,406.59,29.58,392.01,0,0.3346,Moderate Risk,0,0,Standard Tier,Normal Alignment
15182,United Kingdom,UK,At Risk,2. Mid Spend (GBP 500-2k),622.85,2,311.42,154,269.0,303.23,293.68,312.62,18.94,303.23,1,0.5804,Elevated Risk,0,0,Standard Tier,Normal Alignment
15184,United Kingdom,UK,Loyal Customers,1. Low Spend (<GBP 500),402.2,2,201.1,29,191.0,352.38,337.18,367.27,30.09,352.38,0,0.4083,Moderate Risk,0,0,Standard Tier,Normal Alignment
15185,United Kingdom,UK,Promising,1. Low Spend (<GBP 500),310.62,1,310.62,70,71.0,380.11,361.96,395.29,33.33,380.11,0,0.0381,Low Risk,0,0,Standard Tier,Normal Alignment
15186,United Kingdom,UK,Loyal Customers,1. Low Spend (<GBP 500),411.41,2,205.7,14,169.0,395.89,380.29,411.08,30.79,395.89,0,0.2915,Moderate Risk,0,0,Standard Tier,Normal Alignment
15187,United Kingdom,UK,Champions,3. High Spend (>GBP 2k),4777.18,16,298.57,2,213.0,3010.05,2965.83,3045.03,79.19,3010.05,0,0.0318,Low Risk,1,1,Maintained VIP,Normal Alignment
15189,United Kingdom,UK,Champions,3. High Spend (>GBP 2k),16225.39,41,395.74,1,333.0,7183.89,7108.58,7243.39,134.8,7183.89,0,0.0369,Low Risk,1,1,Maintained VIP,Normal Alignment
15192,United Kingdom,UK,At Risk,2. Mid Spend (GBP 500-2k),1044.32,3,348.11,120,366.0,421.29,414.46,426.68,12.22,421.29,1,0.4355,Moderate Risk,0,0,Standard Tier,Normal Alignment
15193,United Kingdom,UK,Promising,1. Low Spend (<GBP 500),499.32,1,499.32,61,61.0,412.56,393.24,428.94,35.7,412.56,0,0.0101,Low Risk,0,0,Standard Tier,Normal Alignment
15194,United Kingdom,UK,Champions,3. High Spend (>GBP 2k),7616.53,15,507.77,3,369.0,3044.06,3014.92,3068.4,53.48,3044.06,0,0.0333,Low Risk,1,1,Maintained VIP,Normal Alignment
15195,United Kingdom,UK,New Customers,3. High Spend (>GBP 2k),3861.0,1,3861.0,3,3.0,817.08,769.42,855.62,86.2,817.08,0,0.0617,Low Risk,0,0,Standard Tier,Normal Alignment
15197,United Kingdom,UK,Loyal Customers,2. Mid Spend (GBP 500-2k),1079.61,3,359.87,11,359.0,355.32,346.71,363.94,17.23,355.32,0,0.43,Moderate Risk,0,0,Standard Tier,Normal Alignment
15198,United Kingdom,UK,At Risk,1. Low Spend (<GBP 500),193.64,2,96.82,92,125.0,420.56,393.48,445.17,51.69,420.56,1,0.3959,Moderate Risk,0,0,Standard Tier,Normal Alignment
15199,United Kingdom,UK,Loyal Customers,2. Mid Spend (GBP 500-2k),1268.7,4,317.17,59,309.0,586.7,576.51,595.67,19.16,586.7,0,0.2618,Moderate Risk,0,0,Standard Tier,Normal Alignment
15201,United Kingdom,UK,At Risk,2. Mid Spend (GBP 500-2k),1236.54,5,247.31,87,248.0,714.2,701.28,724.59,23.31,714.2,0,0.0949,Low Risk,0,0,Standard Tier,Normal Alignment
15203,United Kingdom,UK,Champions,2. Mid Spend (GBP 500-2k),1827.8,6,304.63,26,312.0,911.56,899.76,920.99,21.22,911.56,0,0.087,Low Risk,0,0,Standard Tier,Normal Alignment
15204,United Kingdom,UK,Hibernating / Lost,1. Low Spend (<GBP 500),316.58,1,316.58,357,358.0,116.7,110.7,122.13,11.43,116.7,1,0.9918,High Churn Risk,0,0,Standard Tier,Normal Alignment
15205,United Kingdom,UK,At Risk,2. Mid Spend (GBP 500-2k),653.24,2,326.62,85,128.0,480.23,459.66,499.37,39.7,480.23,0,0.2187,Low Risk,0,0,Standard Tier,Normal Alignment
15206,United Kingdom,UK,Champions,1. Low Spend (<GBP 500),420.3,4,105.08,10,276.0,407.84,388.21,428.47,40.26,407.84,0,0.3981,Moderate Risk,0,0,Standard Tier,Normal Alignment
15208,United Kingdom,UK,Champions,2. Mid Spend (GBP 500-2k),870.12,5,174.02,1,354.0,493.16,479.48,506.84,27.36,493.16,0,0.2195,Low Risk,0,0,Standard Tier,Normal Alignment
15210,United Kingdom,UK,Hibernating / Lost,1. Low Spend (<GBP 500),331.18,1,331.18,225,226.0,171.3,162.72,179.32,16.6,171.3,1,0.9895,High Churn Risk,0,0,Standard Tier,Normal Alignment
15211,United Kingdom,UK,Loyal Customers,2. Mid Spend (GBP 500-2k),894.41,2,447.21,60,366.0,316.18,308.26,323.79,15.54,316.18,0,0.4837,Moderate Risk,0,0,Standard Tier,Normal Alignment
15212,United Kingdom,UK,Hibernating / Lost,1. Low Spend (<GBP 500),101.8,1,101.8,241,242.0,162.1,153.89,169.74,15.84,162.1,1,0.9899,High Churn Risk,0,0,Standard Tier,Normal Alignment
15213,United Kingdom,UK,At Risk,1. Low Spend (<GBP 500),328.35,2,164.18,319,330.0,172.58,158.85,187.14,28.29,172.58,1,0.5879,Elevated Risk,0,0,Standard Tier,Normal Alignment
15214,United Kingdom,UK,Champions,2. Mid Spend (GBP 500-2k),1661.44,8,207.68,2,243.0,888.83,862.94,915.2,52.26,888.83,0,0.0437,Low Risk,0,0,Standard Tier,Normal Alignment
15215,United Kingdom,UK,Loyal Customers,2. Mid Spend (GBP 500-2k),734.94,3,244.98,47,97.0,804.3,781.56,820.38,38.82,804.3,0,0.0578,Low Risk,0,0,Standard Tier,Normal Alignment
15216,United Kingdom,UK,About to Sleep,1. Low Spend (<GBP 500),96.6,1,96.6,88,88.0,335.28,318.86,349.04,30.17,335.28,0,0.0317,Low Risk,0,0,Standard Tier,Normal Alignment
15218,United Kingdom,UK,Champions,3. High Spend (>GBP 2k),5756.89,11,523.35,11,319.0,2481.78,2441.88,2510.74,68.87,2481.78,0,0.0385,Low Risk,1,1,Maintained VIP,Normal Alignment
15219,United Kingdom,UK,About to Sleep,1. Low Spend (<GBP 500),305.75,1,305.75,176,177.0,207.3,196.98,216.78,19.81,207.3,1,0.9793,High Churn Risk,0,0,Standard Tier,Normal Alignment
15220,United Kingdom,UK,Loyal Customers,2. Mid Spend (GBP 500-2k),1778.96,6,296.49,52,281.0,922.7,908.32,934.9,26.58,922.7,0,0.0634,Low Risk,0,0,Standard Tier,Normal Alignment
15221,United Kingdom,UK,Hibernating / Lost,1. Low Spend (<GBP 500),403.25,1,403.25,366,367.0,114.22,108.34,119.54,11.19,114.22,1,0.9896,High Churn Risk,0,0,Standard Tier,Normal Alignment
15222,United Kingdom,UK,Hibernating / Lost,2. Mid Spend (GBP 500-2k),585.0,1,585.0,319,319.0,128.83,122.23,134.85,12.62,128.83,1,0.966,High Churn Risk,0,0,Standard Tier,Normal Alignment
15223,United Kingdom,UK,At Risk,2. Mid Spend (GBP 500-2k),755.75,2,377.88,226,250.0,411.15,400.77,419.9,19.13,411.15,1,0.5629,Elevated Risk,0,0,Standard Tier,Normal Alignment
15224,United Kingdom,UK,At Risk,1. Low Spend (<GBP 500),322.08,2,161.04,358,363.0,253.9,247.18,259.57,12.38,253.9,1,0.6786,Elevated Risk,0,0,Standard Tier,Normal Alignment
15225,United Kingdom,UK,Hibernating / Lost,1. Low Spend (<GBP 500),409.4,1,409.4,234,235.0,166.0,157.63,173.8,16.16,166.0,1,0.9901,High Churn Risk,0,0,Standard Tier,Normal Alignment
15226,United Kingdom,UK,Hibernating / Lost,1. Low Spend (<GBP 500),154.41,1,154.41,311,311.0,131.64,124.89,137.79,12.9,131.64,1,0.9915,High Churn Risk,0,0,Standard Tier,Normal Alignment
15227,United Kingdom,UK,Loyal Customers,2. Mid Spend (GBP 500-2k),1219.4,5,243.88,37,318.0,566.67,556.53,575.66,19.13,566.67,0,0.1577,Low Risk,0,0,Standard Tier,Normal Alignment
15228,United Kingdom,UK,Loyal Customers,3. High Spend (>GBP 2k),3386.71,4,846.68,66,295.0,1294.98,1250.71,1328.44,77.72,1294.98,0,0.1147,Low Risk,1,1,Maintained VIP,Normal Alignment
15230,United Kingdom,UK,At Risk,1. Low Spend (<GBP 500),429.6,2,214.8,239,241.0,244.33,227.87,260.71,32.84,244.33,1,0.5756,Elevated Risk,0,0,Standard Tier,Normal Alignment
15232,United Kingdom,UK,At Risk,2. Mid Spend (GBP 500-2k),612.06,2,306.03,113,141.0,533.8,519.47,545.65,26.17,533.8,1,0.368,Moderate Risk,0,0,Standard Tier,Normal Alignment
15234,United Kingdom,UK,Hibernating / Lost,1. Low Spend (<GBP 500),197.0,1,197.0,277,277.0,145.07,137.66,151.9,14.24,145.07,1,0.9795,High Churn Risk,0,0,Standard Tier,Normal Alignment
15235,United Kingdom,UK,Cannot Lose Them,3. High Spend (>GBP 2k),2247.51,12,187.29,218,374.0,1019.0,1003.88,1033.55,29.67,1019.0,1,0.0976,Low Risk,0,0,Standard Tier,Normal Alignment
15236,United Kingdom,UK,Hibernating / Lost,1. Low Spend (<GBP 500),321.05,1,321.05,299,299.0,136.09,129.12,142.46,13.34,136.09,1,0.9873,High Churn Risk,0,0,Standard Tier,Normal Alignment
15237,United Kingdom,UK,Champions,2. Mid Spend (GBP 500-2k),1412.32,4,353.08,2,228.0,514.99,494.14,536.56,42.42,514.99,0,0.1301,Low Risk,0,0,Standard Tier,Normal Alignment
15238,United Kingdom,UK,Loyal Customers,2. Mid Spend (GBP 500-2k),1071.99,3,357.33,29,185.0,763.44,749.88,774.02,24.14,763.44,0,0.1261,Low Risk,0,0,Standard Tier,Normal Alignment
15239,United Kingdom,UK,Loyal Customers,2. Mid Spend (GBP 500-2k),780.59,2,390.3,10,79.0,795.72,769.88,814.67,44.8,795.72,0,0.0121,Low Risk,0,0,Standard Tier,Normal Alignment
15240,United Kingdom,UK,Loyal Customers,2. Mid Spend (GBP 500-2k),1706.57,5,341.31,45,312.0,801.37,790.85,809.13,18.28,801.37,0,0.1276,Low Risk,0,0,Standard Tier,Normal Alignment
15241,United Kingdom,UK,Loyal Customers,2. Mid Spend (GBP 500-2k),1756.44,8,219.56,67,284.0,884.86,863.96,904.77,40.81,884.86,0,0.0583,Low Risk,0,0,Standard Tier,Normal Alignment
15243,United Kingdom,UK,About to Sleep,1. Low Spend (<GBP 500),316.68,1,316.68,74,75.0,368.52,350.61,383.33,32.71,368.52,0,0.0207,Low Risk,0,0,Standard Tier,Normal Alignment
15244,United Kingdom,UK,Loyal Customers,2. Mid Spend (GBP 500-2k),631.57,2,315.78,65,249.0,358.97,349.54,366.14,16.6,358.97,0,0.5311,Elevated Risk,0,0,Standard Tier,Normal Alignment
15245,United Kingdom,UK,At Risk,3. High Spend (>GBP 2k),2515.84,3,838.61,134,262.0,806.4,782.43,826.68,44.26,806.4,1,0.2855,Moderate Risk,0,0,Standard Tier,Normal Alignment
15246,United Kingdom,UK,At Risk,2. Mid Spend (GBP 500-2k),514.15,2,257.08,238,359.0,262.08,255.4,267.66,12.26,262.08,1,0.5477,Elevated Risk,0,0,Standard Tier,Normal Alignment
15247,United Kingdom,UK,About to Sleep,1. Low Spend (<GBP 500),356.0,1,356.0,122,123.0,269.78,256.55,281.62,25.07,269.78,1,0.961,High Churn Risk,0,0,Standard Tier,Normal Alignment
15249,United Kingdom,UK,Champions,3. High Spend (>GBP 2k),6688.46,13,514.5,32,257.0,3286.83,3243.52,3321.62,78.1,3286.83,0,0.0333,Low Risk,1,1,Maintained VIP,Normal Alignment
15251,United Kingdom,UK,Champions,3. High Spend (>GBP 2k),10484.99,11,953.18,9,242.0,4507.97,4417.91,4576.78,158.87,4507.97,0,0.036,Low Risk,1,1,Maintained VIP,Normal Alignment
15252,United Kingdom,UK,Loyal Customers,2. Mid Spend (GBP 500-2k),740.78,2,370.39,36,184.0,515.92,502.24,526.72,24.48,515.92,0,0.3972,Moderate Risk,0,0,Standard Tier,Normal Alignment
15253,United Kingdom,UK,Champions,2. Mid Spend (GBP 500-2k),918.2,5,183.64,16,170.0,796.19,781.45,808.03,26.58,796.19,0,0.0813,Low Risk,0,0,Standard Tier,Normal Alignment
15254,United Kingdom,UK,About to Sleep,1. Low Spend (<GBP 500),300.36,1,300.36,127,128.0,262.45,249.55,274.03,24.48,262.45,1,0.9415,High Churn Risk,0,0,Standard Tier,Normal Alignment
15255,United Kingdom,UK,Promising,2. Mid Spend (GBP 500-2k),890.85,1,890.85,67,67.0,392.46,374.07,408.21,34.14,392.46,0,0.0406,Low Risk,0,0,Standard Tier,Normal Alignment
15256,United Kingdom,UK,About to Sleep,1. Low Spend (<GBP 500),98.45,1,98.45,149,149.0,235.59,223.96,246.17,22.21,235.59,1,0.9783,High Churn Risk,0,0,Standard Tier,Normal Alignment
15257,United Kingdom,UK,Hibernating / Lost,1. Low Spend (<GBP 500),317.15,1,317.15,283,284.0,142.09,134.83,148.77,13.94,142.09,1,0.9902,High Churn Risk,0,0,Standard Tier,Normal Alignment
15258,United Kingdom,UK,At Risk,2. Mid Spend (GBP 500-2k),623.16,2,311.58,169,218.0,386.72,376.67,395.23,18.56,386.72,1,0.6043,Elevated Risk,0,0,Standard Tier,Normal Alignment
15260,United Kingdom,UK,Cannot Lose Them,2. Mid Spend (GBP 500-2k),1810.77,7,258.68,100,373.0,697.81,686.48,707.7,21.22,697.81,1,0.1107,Low Risk,0,0,Standard Tier,Normal Alignment
15261,United Kingdom,UK,About to Sleep,1. Low Spend (<GBP 500),254.82,1,254.82,135,136.0,251.53,239.12,262.7,23.58,251.53,1,0.9389,High Churn Risk,0,0,Standard Tier,Normal Alignment
15262,United Kingdom,UK,Hibernating / Lost,1. Low Spend (<GBP 500),178.95,1,178.95,324,324.0,127.14,120.62,133.07,12.45,127.14,1,0.9922,High Churn Risk,0,0,Standard Tier,Normal Alignment
15263,United Kingdom,UK,About to Sleep,1. Low Spend (<GBP 500),156.51,1,156.51,107,107.0,296.24,281.85,308.99,27.14,296.24,1,0.9652,High Churn Risk,0,0,Standard Tier,Normal Alignment
15264,United Kingdom,UK,Promising,1. Low Spend (<GBP 500),393.74,1,393.74,64,65.0,398.93,380.34,414.88,34.54,398.93,0,0.0228,Low Risk,0,0,Standard Tier,Normal Alignment
15265,United Kingdom,UK,At Risk,2. Mid Spend (GBP 500-2k),1506.12,2,753.06,151,236.0,587.14,561.0,611.66,50.66,587.14,1,0.5239,Elevated Risk,0,0,Standard Tier,Normal Alignment
15266,United Kingdom,UK,Hibernating / Lost,1. Low Spend (<GBP 500),119.3,1,119.3,338,339.0,122.31,116.03,128.0,11.97,122.31,1,0.9881,High Churn Risk,0,0,Standard Tier,Normal Alignment
15267,United Kingdom,UK,Champions,2. Mid Spend (GBP 500-2k),1717.36,5,343.47,22,183.0,764.71,737.69,792.01,54.32,764.71,0,0.0799,Low Risk,0,0,Standard Tier,Normal Alignment
15269,United Kingdom,UK,New Customers,1. Low Spend (<GBP 500),408.8,1,408.8,24,24.0,603.0,573.05,628.2,55.15,603.0,0,0.0054,Low Risk,0,0,Standard Tier,Normal Alignment
15270,United Kingdom,UK,Champions,3. High Spend (>GBP 2k),2379.49,7,339.93,16,311.0,933.58,921.92,942.11,20.2,933.58,0,0.0531,Low Risk,0,0,Standard Tier,Normal Alignment
15271,United Kingdom,UK,Champions,3. High Spend (>GBP 2k),2493.34,15,166.22,7,366.0,1140.65,1118.78,1162.13,43.36,1140.65,0,0.04,Low Risk,1,1,Maintained VIP,Normal Alignment
15272,United Kingdom,UK,Loyal Customers,2. Mid Spend (GBP 500-2k),721.94,2,360.97,57,87.0,849.27,825.46,868.0,42.54,849.27,0,0.0116,Low Risk,0,0,Standard Tier,Normal Alignment
15274,United Kingdom,UK,Loyal Customers,2. Mid Spend (GBP 500-2k),716.57,2,358.28,4,19.0,1455.71,1385.43,1507.95,122.52,1455.71,0,0.0082,Low Risk,1,1,Maintained VIP,Normal Alignment
15275,United Kingdom,UK,Promising,2. Mid Spend (GBP 500-2k),615.14,1,615.14,38,38.0,513.34,489.04,533.72,44.68,513.34,0,0.0109,Low Risk,0,0,Standard Tier,Normal Alignment
15276,United Kingdom,UK,Promising,1. Low Spend (<GBP 500),128.63,1,128.63,66,67.0,392.46,374.07,408.21,34.14,392.46,0,0.0541,Low Risk,0,0,Standard Tier,Normal Alignment
15277,United Kingdom,UK,Promising,1. Low Spend (<GBP 500),255.9,1,255.9,47,47.0,468.55,446.28,486.96,40.68,468.55,0,0.0051,Low Risk,0,0,Standard Tier,Normal Alignment
15279,United Kingdom,UK,Hibernating / Lost,1. Low Spend (<GBP 500),290.51,1,290.51,355,355.0,117.55,111.51,123.02,11.51,117.55,1,0.988,High Churn Risk,0,0,Standard Tier,Normal Alignment
15280,United Kingdom,UK,About to Sleep,1. Low Spend (<GBP 500),113.12,1,113.12,172,173.0,210.91,200.45,220.54,20.09,210.91,1,0.9826,High Churn Risk,0,0,Standard Tier,Normal Alignment
15281,United Kingdom,UK,Loyal Customers,3. High Spend (>GBP 2k),2332.15,9,259.13,59,334.0,857.24,839.0,875.1,36.1,857.24,0,0.046,Low Risk,0,0,Standard Tier,Normal Alignment
15286,United Kingdom,UK,Promising,1. Low Spend (<GBP 500),240.55,1,240.55,50,50.0,455.31,433.62,473.36,39.74,455.31,0,0.0051,Low Risk,0,0,Standard Tier,Normal Alignment
15287,United Kingdom,UK,Loyal Customers,1. Low Spend (<GBP 500),486.69,2,243.35,22,71.0,662.42,627.81,692.39,64.58,662.42,0,0.0137,Low Risk,0,0,Standard Tier,Normal Alignment
15288,United Kingdom,UK,Loyal Customers,3. High Spend (>GBP 2k),2306.52,5,461.3,43,366.0,977.62,961.87,989.59,27.73,977.62,0,0.1904,Low Risk,0,0,Standard Tier,Normal Alignment
15289,United Kingdom,UK,Loyal Customers,2. Mid Spend (GBP 500-2k),939.78,3,313.26,29,250.0,501.63,489.8,512.32,22.51,501.63,0,0.2393,Low Risk,0,0,Standard Tier,Normal Alignment
15290,United Kingdom,UK,Champions,3. High Spend (>GBP 2k),7943.22,18,441.29,5,360.0,3330.26,3297.31,3354.6,57.3,3330.26,0,0.0346,Low Risk,1,1,Maintained VIP,Normal Alignment
15291,United Kingdom,UK,Champions,3. High Spend (>GBP 2k),4668.3,15,311.22,26,374.0,1885.46,1866.86,1899.99,33.12,1885.46,0,0.0466,Low Risk,1,1,Maintained VIP,Normal Alignment
15292,United Kingdom,UK,Hibernating / Lost,1. Low Spend (<GBP 500),178.39,1,178.39,201,202.0,187.22,177.92,195.9,17.99,187.22,1,0.9885,High Churn Risk,0,0,Standard Tier,Normal Alignment
15296,United Kingdom,UK,Loyal Customers,3. High Spend (>GBP 2k),3672.86,6,612.14,51,327.0,1234.37,1217.79,1245.89,28.1,1234.37,0,0.0721,Low Risk,1,1,Maintained VIP,Normal Alignment
15297,United Kingdom,UK,Loyal Customers,2. Mid Spend (GBP 500-2k),641.94,3,213.98,10,64.0,1091.04,1044.67,1130.97,86.3,1091.04,0,0.0103,Low Risk,1,0,Demoted from VIP,Normal Alignment
15298,United Kingdom,UK,Champions,3. High Spend (>GBP 2k),4799.9,12,399.99,2,367.0,1918.59,1900.76,1932.59,31.83,1918.59,0,0.0342,Low Risk,1,1,Maintained VIP,Normal Alignment
15299,United Kingdom,UK,Loyal Customers,3. High Spend (>GBP 2k),4507.01,7,643.86,67,373.0,1127.65,1089.99,1158.22,68.23,1127.65,0,0.1159,Low Risk,1,1,Maintained VIP,Normal Alignment
15300,United Kingdom,UK,Promising,1. Low Spend (<GBP 500),496.44,1,496.44,64,65.0,398.93,380.34,414.88,34.54,398.93,0,0.0189,Low Risk,0,0,Standard Tier,Normal Alignment
15301,United Kingdom,UK,Loyal Customers,3. High Spend (>GBP 2k),5049.95,12,420.83,51,369.0,1890.99,1872.32,1905.94,33.62,1890.99,0,0.0292,Low Risk,1,1,Maintained VIP,Normal Alignment
15303,United Kingdom,UK,Hibernating / Lost,2. Mid Spend (GBP 500-2k),574.02,1,574.02,290,291.0,139.22,132.1,145.76,13.66,139.22,1,0.9837,High Churn Risk,0,0,Standard Tier,Normal Alignment
15304,United Kingdom,UK,Loyal Customers,2. Mid Spend (GBP 500-2k),694.4,8,86.8,61,369.0,404.17,382.1,429.87,47.76,404.17,0,0.2557,Moderate Risk,0,0,Standard Tier,Normal Alignment
15306,United Kingdom,UK,Loyal Customers,2. Mid Spend (GBP 500-2k),1174.35,3,391.45,64,149.0,938.91,919.79,953.66,33.87,938.91,0,0.0616,Low Risk,0,0,Standard Tier,Normal Alignment
15307,United Kingdom,UK,About to Sleep,1. Low Spend (<GBP 500),205.3,1,205.3,96,96.0,317.65,302.15,330.86,28.71,317.65,1,0.8848,High Churn Risk,0,0,Standard Tier,Normal Alignment
15308,United Kingdom,UK,Hibernating / Lost,1. Low Spend (<GBP 500),310.47,1,310.47,274,275.0,145.95,138.5,152.82,14.33,145.95,1,0.9926,High Churn Risk,0,0,Standard Tier,Normal Alignment
15311,United Kingdom,UK,Champions,3. High Spend (>GBP 2k),60632.75,91,666.29,1,374.0,24387.32,24149.13,24583.26,434.13,24387.32,0,0.0373,Low Risk,1,1,Maintained VIP,Normal Alignment
15312,United Kingdom,UK,At Risk,2. Mid Spend (GBP 500-2k),924.85,4,231.21,75,355.0,416.31,403.72,428.78,25.06,416.31,0,0.2632,Moderate Risk,0,0,Standard Tier,Normal Alignment
15313,United Kingdom,UK,About to Sleep,1. Low Spend (<GBP 500),52.0,1,52.0,110,111.0,289.15,275.07,301.67,26.59,289.15,1,0.97,High Churn Risk,0,0,Standard Tier,Normal Alignment
15314,United Kingdom,UK,Hibernating / Lost,1. Low Spend (<GBP 500),327.97,1,327.97,199,200.0,188.68,179.28,197.42,18.14,188.68,1,0.9867,High Churn Risk,0,0,Standard Tier,Normal Alignment
15315,United Kingdom,UK,Loyal Customers,2. Mid Spend (GBP 500-2k),570.5,2,285.25,64,117.0,635.21,619.19,647.97,28.78,635.21,0,0.2119,Low Risk,0,0,Standard Tier,Normal Alignment
15316,United Kingdom,UK,Hibernating / Lost,1. Low Spend (<GBP 500),165.0,1,165.0,327,327.0,126.14,119.67,132.02,12.35,126.14,1,0.9931,High Churn Risk,0,0,Standard Tier,Normal Alignment
15318,United Kingdom,UK,New Customers,1. Low Spend (<GBP 500),312.62,1,312.62,4,4.0,803.5,757.04,840.96,83.92,803.5,0,0.0053,Low Risk,0,0,Standard Tier,Normal Alignment
15319,United Kingdom,UK,Hibernating / Lost,1. Low Spend (<GBP 500),204.5,1,204.5,284,284.0,142.09,134.83,148.77,13.94,142.09,1,0.989,High Churn Risk,0,0,Standard Tier,Normal Alignment
15320,United Kingdom,UK,Promising,1. Low Spend (<GBP 500),267.13,1,267.13,44,45.0,477.81,455.14,496.47,41.33,477.81,0,0.0132,Low Risk,0,0,Standard Tier,Normal Alignment
15321,United Kingdom,UK,Loyal Customers,3. High Spend (>GBP 2k),2748.31,3,916.1,71,292.0,800.25,744.91,854.4,109.5,800.25,0,0.3791,Moderate Risk,0,0,Standard Tier,Normal Alignment
15322,United Kingdom,UK,About to Sleep,2. Mid Spend (GBP 500-2k),679.68,1,679.68,86,86.0,340.0,323.37,353.91,30.54,340.0,0,0.0551,Low Risk,0,0,Standard Tier,Normal Alignment
15325,United Kingdom,UK,About to Sleep,1. Low Spend (<GBP 500),161.74,1,161.74,104,104.0,301.79,287.16,314.73,27.56,301.79,1,0.9348,High Churn Risk,0,0,Standard Tier,Normal Alignment
15326,United Kingdom,UK,Hibernating / Lost,1. Low Spend (<GBP 500),311.71,1,311.71,334,334.0,123.88,117.52,129.64,12.12,123.88,1,0.9858,High Churn Risk,0,0,Standard Tier,Normal Alignment
15327,United Kingdom,UK,Promising,1. Low Spend (<GBP 500),208.75,1,208.75,53,53.0,442.79,421.64,460.5,38.86,442.79,0,0.0075,Low Risk,0,0,Standard Tier,Normal Alignment
15329,United Kingdom,UK,Loyal Customers,2. Mid Spend (GBP 500-2k),1049.7,3,349.9,39,172.0,786.79,772.3,798.44,26.14,786.79,0,0.1272,Low Risk,0,0,Standard Tier,Normal Alignment
15330,United Kingdom,UK,Loyal Customers,2. Mid Spend (GBP 500-2k),714.96,2,357.48,32,61.0,1005.08,973.09,1031.24,58.15,1005.08,0,0.0108,Low Risk,0,0,Standard Tier,Normal Alignment
15332,Lithuania,International,At Risk,2. Mid Spend (GBP 500-2k),1661.06,4,415.26,366,370.0,171.51,160.16,183.03,22.87,194.02,1,0.4548,Moderate Risk,0,0,Standard Tier,Normal Alignment
15333,United Kingdom,UK,Hibernating / Lost,2. Mid Spend (GBP 500-2k),1028.56,1,1028.56,208,209.0,182.28,173.26,190.76,17.5,182.28,1,0.9265,High Churn Risk,0,0,Standard Tier,Normal Alignment
15334,United Kingdom,UK,At Risk,1. Low Spend (<GBP 500),350.82,3,116.94,157,174.0,457.62,432.09,482.99,50.9,457.62,1,0.2512,Moderate Risk,0,0,Standard Tier,Normal Alignment
15335,United Kingdom,UK,Promising,1. Low Spend (<GBP 500),170.22,1,170.22,54,54.0,438.77,417.79,456.36,38.58,438.77,0,0.0143,Low Risk,0,0,Standard Tier,Normal Alignment
15339,United Kingdom,UK,Loyal Customers,2. Mid Spend (GBP 500-2k),574.07,2,287.03,66,319.0,285.72,278.26,291.84,13.57,285.72,0,0.4831,Moderate Risk,0,0,Standard Tier,Normal Alignment
15341,United Kingdom,UK,About to Sleep,3. High Spend (>GBP 2k),2020.52,1,2020.52,81,81.0,352.39,335.2,366.7,31.5,352.39,0,0.0485,Low Risk,0,0,Standard Tier,Normal Alignment
15342,United Kingdom,UK,About to Sleep,1. Low Spend (<GBP 500),406.09,1,406.09,130,130.0,259.63,246.86,271.11,24.25,259.63,1,0.9381,High Churn Risk,0,0,Standard Tier,Normal Alignment
15343,United Kingdom,UK,About to Sleep,1. Low Spend (<GBP 500),364.5,1,364.5,87,88.0,335.28,318.86,349.04,30.17,335.28,0,0.0422,Low Risk,0,0,Standard Tier,Normal Alignment
15344,United Kingdom,UK,Loyal Customers,2. Mid Spend (GBP 500-2k),563.94,3,187.98,1,75.0,824.29,776.54,870.39,93.85,824.29,0,0.0243,Low Risk,0,0,Standard Tier,Normal Alignment
15345,United Kingdom,UK,Promising,1. Low Spend (<GBP 500),393.54,1,393.54,46,46.0,473.14,450.67,491.67,41.01,473.14,0,0.003,Low Risk,0,0,Standard Tier,Normal Alignment
15346,United Kingdom,UK,Hibernating / Lost,1. Low Spend (<GBP 500),252.42,1,252.42,333,333.0,124.2,117.82,129.98,12.16,124.2,1,0.9954,High Churn Risk,0,0,Standard Tier,Normal Alignment
15347,United Kingdom,UK,Hibernating / Lost,1. Low Spend (<GBP 500),201.6,1,201.6,366,367.0,114.22,108.34,119.54,11.19,114.22,1,0.9952,High Churn Risk,0,0,Standard Tier,Normal Alignment
15348,United Kingdom,UK,Promising,1. Low Spend (<GBP 500),158.04,1,158.04,72,73.0,374.22,356.2,389.21,33.01,374.22,0,0.0181,Low Risk,0,0,Standard Tier,Normal Alignment
15349,United Kingdom,UK,At Risk,1. Low Spend (<GBP 500),463.91,2,231.96,158,188.0,324.01,305.16,341.2,36.04,324.01,1,0.5098,Elevated Risk,0,0,Standard Tier,Normal Alignment
15350,United Kingdom,UK,Hibernating / Lost,1. Low Spend (<GBP 500),115.65,1,115.65,373,374.0,112.36,106.58,117.6,11.02,112.36,1,0.9894,High Churn Risk,0,0,Standard Tier,Normal Alignment
15351,United Kingdom,UK,Champions,2. Mid Spend (GBP 500-2k),1934.66,7,276.38,12,370.0,813.71,801.47,824.28,22.8,813.71,0,0.0921,Low Risk,0,0,Standard Tier,Normal Alignment
15353,United Kingdom,UK,At Risk,2. Mid Spend (GBP 500-2k),770.12,2,385.06,255,368.0,297.9,290.0,304.28,14.28,297.9,1,0.4809,Moderate Risk,0,0,Standard Tier,Normal Alignment
15355,United Kingdom,UK,Loyal Customers,1. Low Spend (<GBP 500),277.05,2,138.52,29,54.0,770.88,728.88,805.53,76.65,770.88,0,0.0145,Low Risk,0,0,Standard Tier,Normal Alignment
15356,United Kingdom,UK,Champions,3. High Spend (>GBP 2k),2718.03,10,271.8,31,369.0,1189.43,1176.04,1201.21,25.17,1189.43,0,0.0364,Low Risk,1,1,Maintained VIP,Normal Alignment
15358,United Kingdom,UK,Champions,3. High Spend (>GBP 2k),8347.2,22,379.42,5,366.0,3269.92,3236.09,3297.69,61.6,3269.92,0,0.0324,Low Risk,1,1,Maintained VIP,Normal Alignment
15360,United Kingdom,UK,Promising,1. Low Spend (<GBP 500),427.93,1,427.93,40,40.0,502.66,478.91,522.49,43.58,502.66,0,0.0043,Low Risk,0,0,Standard Tier,Normal Alignment
15361,United Kingdom,UK,Hibernating / Lost,1. Low Spend (<GBP 500),418.92,1,418.92,362,362.0,115.58,109.64,120.96,11.32,115.58,1,0.985,High Churn Risk,0,0,Standard Tier,Normal Alignment
15363,United Kingdom,UK,Hibernating / Lost,1. Low Spend (<GBP 500),326.0,1,326.0,373,373.0,112.62,106.83,117.87,11.04,112.62,1,0.9954,High Churn Risk,0,0,Standard Tier,Normal Alignment
15364,United Kingdom,UK,At Risk,2. Mid Spend (GBP 500-2k),913.19,2,456.6,96,255.0,459.3,445.11,473.16,28.05,459.3,1,0.5413,Elevated Risk,0,0,Standard Tier,Normal Alignment
15365,United Kingdom,UK,Champions,3. High Spend (>GBP 2k),2314.32,7,330.62,26,316.0,1066.71,1036.41,1090.49,54.08,1066.71,0,0.0468,Low Risk,0,0,Standard Tier,Normal Alignment
15366,United Kingdom,UK,At Risk,2. Mid Spend (GBP 500-2k),602.51,2,301.26,75,359.0,316.85,309.17,324.26,15.09,316.85,0,0.532,Elevated Risk,0,0,Standard Tier,Normal Alignment
15367,United Kingdom,UK,Loyal Customers,2. Mid Spend (GBP 500-2k),1877.59,4,469.4,57,276.0,705.38,688.31,719.3,30.99,705.38,0,0.1237,Low Risk,0,0,Standard Tier,Normal Alignment
15368,United Kingdom,UK,New Customers,1. Low Spend (<GBP 500),446.94,1,446.94,21,22.0,618.43,587.69,644.47,56.78,618.43,0,0.0053,Low Risk,0,0,Standard Tier,Normal Alignment
15370,United Kingdom,UK,Loyal Customers,3. High Spend (>GBP 2k),2386.05,7,340.86,41,333.0,1116.74,1105.94,1125.83,19.9,1116.74,0,0.0502,Low Risk,1,1,Maintained VIP,Normal Alignment
15372,United Kingdom,UK,About to Sleep,3. High Spend (>GBP 2k),2007.4,1,2007.4,137,138.0,248.94,236.66,260.02,23.36,248.94,1,0.8863,High Churn Risk,0,0,Standard Tier,Normal Alignment
15373,United Kingdom,UK,Champions,3. High Spend (>GBP 2k),2415.91,12,201.33,8,372.0,994.81,977.56,1012.3,34.74,994.81,0,0.0743,Low Risk,0,0,Standard Tier,Normal Alignment
15374,United Kingdom,UK,About to Sleep,1. Low Spend (<GBP 500),168.0,1,168.0,129,129.0,261.04,248.2,272.56,24.36,261.04,1,0.9825,High Churn Risk,0,0,Standard Tier,Normal Alignment
15376,United Kingdom,UK,Loyal Customers,2. Mid Spend (GBP 500-2k),1221.56,3,407.19,40,223.0,557.98,545.14,569.05,23.91,557.98,0,0.1836,Low Risk,0,0,Standard Tier,Normal Alignment
15379,United Kingdom,UK,Cannot Lose Them,3. High Spend (>GBP 2k),3703.29,7,529.04,169,359.0,1050.7,1040.47,1059.03,18.56,1050.7,1,0.06,Low Risk,0,0,Standard Tier,Normal Alignment
15380,United Kingdom,UK,Champions,2. Mid Spend (GBP 500-2k),1690.26,5,338.05,9,366.0,723.67,715.68,729.87,14.19,723.67,0,0.2165,Low Risk,0,0,Standard Tier,Normal Alignment
15381,United Kingdom,UK,At Risk,2. Mid Spend (GBP 500-2k),596.85,2,298.42,214,269.0,328.98,320.34,336.04,15.7,328.98,1,0.6061,Elevated Risk,0,0,Standard Tier,Normal Alignment
15382,United Kingdom,UK,Champions,3. High Spend (>GBP 2k),5955.71,6,992.62,15,296.0,2422.13,2331.01,2491.29,160.29,2422.13,0,0.0513,Low Risk,1,1,Maintained VIP,Normal Alignment
15384,United Kingdom,UK,At Risk,2. Mid Spend (GBP 500-2k),642.41,2,321.2,170,360.0,264.91,258.11,270.44,12.32,264.91,1,0.5437,Elevated Risk,0,0,Standard Tier,Normal Alignment
15385,United Kingdom,UK,Promising,1. Low Spend (<GBP 500),316.88,1,316.88,40,41.0,497.49,473.98,517.05,43.07,497.49,0,0.0039,Low Risk,0,0,Standard Tier,Normal Alignment
15386,United Kingdom,UK,Hibernating / Lost,1. Low Spend (<GBP 500),394.14,1,394.14,186,187.0,198.77,188.8,207.92,19.12,198.77,1,0.9485,High Churn Risk,0,0,Standard Tier,Normal Alignment
15388,Canada,International,Hibernating / Lost,1. Low Spend (<GBP 500),140.54,1,140.54,270,271.0,147.73,140.19,154.7,14.5,147.73,1,0.9939,High Churn Risk,0,0,Standard Tier,Normal Alignment
15389,United Kingdom,UK,About to Sleep,2. Mid Spend (GBP 500-2k),500.0,1,500.0,172,173.0,210.91,200.45,220.54,20.09,210.91,1,0.9465,High Churn Risk,0,0,Standard Tier,Normal Alignment
15392,United Kingdom,UK,Champions,2. Mid Spend (GBP 500-2k),1535.53,4,383.88,5,361.0,616.98,609.57,622.77,13.2,616.98,0,0.2788,Moderate Risk,0,0,Standard Tier,Normal Alignment
15393,United Kingdom,UK,Loyal Customers,1. Low Spend (<GBP 500),231.86,2,115.93,16,282.0,233.97,221.0,246.38,25.38,233.97,0,0.6309,Elevated Risk,0,0,Standard Tier,Normal Alignment
15394,United Kingdom,UK,Champions,3. High Spend (>GBP 2k),2183.54,4,545.88,10,359.0,767.65,753.77,778.92,25.15,767.65,0,0.2872,Moderate Risk,0,0,Standard Tier,Normal Alignment
15395,United Kingdom,UK,Hibernating / Lost,1. Low Spend (<GBP 500),107.45,1,107.45,326,326.0,126.47,119.98,132.37,12.38,126.47,1,0.9876,High Churn Risk,0,0,Standard Tier,Normal Alignment
15396,United Kingdom,UK,About to Sleep,1. Low Spend (<GBP 500),288.18,1,288.18,113,113.0,285.73,271.8,298.13,26.33,285.73,1,0.9553,High Churn Risk,0,0,Standard Tier,Normal Alignment
15397,United Kingdom,UK,Hibernating / Lost,1. Low Spend (<GBP 500),94.0,1,94.0,290,290.0,139.62,132.48,146.18,13.7,139.62,1,0.9876,High Churn Risk,0,0,Standard Tier,Normal Alignment
15398,United Kingdom,UK,Loyal Customers,2. Mid Spend (GBP 500-2k),1345.53,2,672.77,16,79.0,1186.27,1134.28,1232.81,98.52,1186.27,0,0.0133,Low Risk,1,1,Maintained VIP,Normal Alignment
15399,United Kingdom,UK,Loyal Customers,2. Mid Spend (GBP 500-2k),815.77,3,271.92,1,80.0,1069.93,1033.6,1098.44,64.84,1069.93,0,0.013,Low Risk,0,0,Standard Tier,Normal Alignment
15400,United Kingdom,UK,At Risk,2. Mid Spend (GBP 500-2k),716.2,5,143.24,92,279.0,399.29,376.25,425.89,49.64,399.29,1,0.2394,Low Risk,0,0,Standard Tier,Normal Alignment
15402,United Kingdom,UK,At Risk,2. Mid Spend (GBP 500-2k),626.77,2,313.38,149,197.0,354.04,340.33,367.7,27.36,354.04,1,0.5395,Elevated Risk,0,0,Standard Tier,Normal Alignment
15405,United Kingdom,UK,Hibernating / Lost,1. Low Spend (<GBP 500),349.1,1,349.1,189,190.0,196.35,186.47,205.4,18.92,196.35,1,0.9907,High Churn Risk,0,0,Standard Tier,Normal Alignment
15406,United Kingdom,UK,Loyal Customers,2. Mid Spend (GBP 500-2k),510.71,2,255.36,31,302.0,277.56,268.96,285.85,16.89,277.56,0,0.4608,Moderate Risk,0,0,Standard Tier,Normal Alignment
15407,United Kingdom,UK,Loyal Customers,2. Mid Spend (GBP 500-2k),1046.74,4,261.68,34,306.0,577.21,566.29,586.81,20.52,577.21,0,0.205,Low Risk,0,0,Standard Tier,Normal Alignment
15408,United Kingdom,UK,Hibernating / Lost,1. Low Spend (<GBP 500),267.18,1,267.18,264,265.0,150.49,142.82,157.6,14.78,150.49,1,0.9958,High Churn Risk,0,0,Standard Tier,Normal Alignment
15410,United Kingdom,UK,Cannot Lose Them,3. High Spend (>GBP 2k),3450.84,8,431.36,84,262.0,1823.43,1800.72,1840.58,39.86,1823.43,0,0.0457,Low Risk,1,1,Maintained VIP,Normal Alignment
15411,United Kingdom,UK,Champions,2. Mid Spend (GBP 500-2k),1348.93,4,337.23,26,183.0,1073.62,1056.21,1087.16,30.95,1073.62,0,0.0678,Low Risk,0,0,Standard Tier,Normal Alignment
15412,United Kingdom,UK,About to Sleep,1. Low Spend (<GBP 500),190.53,1,190.53,171,172.0,211.84,201.34,221.5,20.17,211.84,1,0.9837,High Churn Risk,0,0,Standard Tier,Normal Alignment
15414,United Kingdom,UK,Loyal Customers,2. Mid Spend (GBP 500-2k),774.9,3,258.3,10,243.0,599.12,589.79,606.76,16.97,599.12,0,0.2494,Low Risk,0,0,Standard Tier,Normal Alignment
15415,United Kingdom,UK,Hibernating / Lost,2. Mid Spend (GBP 500-2k),559.61,1,559.61,313,314.0,130.57,123.88,136.67,12.79,130.57,1,0.9783,High Churn Risk,0,0,Standard Tier,Normal Alignment
15416,United Kingdom,UK,Loyal Customers,3. High Spend (>GBP 2k),3984.32,4,996.08,65,283.0,1398.4,1347.92,1435.93,88.01,1398.4,0,0.1007,Low Risk,1,1,Maintained VIP,Normal Alignment
15417,United Kingdom,UK,About to Sleep,2. Mid Spend (GBP 500-2k),508.8,1,508.8,85,86.0,340.0,323.37,353.91,30.54,340.0,0,0.058,Low Risk,0,0,Standard Tier,Normal Alignment
15419,United Kingdom,UK,New Customers,1. Low Spend (<GBP 500),135.86,1,135.86,25,25.0,595.57,566.3,620.37,54.07,595.57,0,0.0035,Low Risk,0,0,Standard Tier,Normal Alignment
15421,United Kingdom,UK,Loyal Customers,2. Mid Spend (GBP 500-2k),950.36,4,237.59,59,311.0,454.74,446.35,461.92,15.58,454.74,0,0.2225,Low Risk,0,0,Standard Tier,Normal Alignment
15422,United Kingdom,UK,At Risk,1. Low Spend (<GBP 500),97.7,2,48.85,323,324.0,127.14,120.62,133.07,12.45,127.14,1,0.676,Elevated Risk,0,0,Standard Tier,Normal Alignment
15423,United Kingdom,UK,Promising,1. Low Spend (<GBP 500),43.5,1,43.5,38,39.0,507.94,483.92,528.05,44.12,507.94,0,0.0309,Low Risk,0,0,Standard Tier,Normal Alignment
15424,United Kingdom,UK,At Risk,1. Low Spend (<GBP 500),383.34,2,191.67,254,255.0,155.33,147.42,162.67,15.26,155.33,1,0.566,Elevated Risk,0,0,Standard Tier,Normal Alignment
15426,United Kingdom,UK,Champions,2. Mid Spend (GBP 500-2k),1404.07,5,280.81,19,370.0,540.88,533.68,547.28,13.6,540.88,0,0.1857,Low Risk,0,0,Standard Tier,Normal Alignment
15427,United Kingdom,UK,Loyal Customers,2. Mid Spend (GBP 500-2k),1430.54,3,476.85,33,48.0,2005.41,1875.43,2122.51,247.09,2005.41,0,0.013,Low Risk,1,1,Maintained VIP,Normal Alignment
15428,United Kingdom,UK,New Customers,1. Low Spend (<GBP 500),93.78,1,93.78,15,16.0,669.86,635.12,698.77,63.65,669.86,0,0.0052,Low Risk,0,0,Standard Tier,Normal Alignment
15429,United Kingdom,UK,Loyal Customers,1. Low Spend (<GBP 500),397.35,2,198.68,27,76.0,646.11,614.12,674.36,60.23,646.11,0,0.0135,Low Risk,0,0,Standard Tier,Normal Alignment
15432,United Kingdom,UK,New Customers,1. Low Spend (<GBP 500),171.19,1,171.19,23,24.0,603.0,573.05,628.2,55.15,603.0,0,0.0019,Low Risk,0,0,Standard Tier,Normal Alignment
15433,United Kingdom,UK,At Risk,2. Mid Spend (GBP 500-2k),533.3,2,266.65,214,268.0,266.05,254.19,277.49,23.3,266.05,1,0.5393,Elevated Risk,0,0,Standard Tier,Normal Alignment
15434,United Kingdom,UK,Champions,2. Mid Spend (GBP 500-2k),1041.48,5,208.3,8,201.0,724.99,706.1,741.88,35.78,724.99,0,0.0981,Low Risk,0,0,Standard Tier,Normal Alignment
15435,United Kingdom,UK,New Customers,1. Low Spend (<GBP 500),149.29,1,149.29,22,23.0,610.62,580.37,636.23,55.86,610.62,0,0.0037,Low Risk,0,0,Standard Tier,Normal Alignment
15436,United Kingdom,UK,Loyal Customers,2. Mid Spend (GBP 500-2k),1067.75,3,355.92,12,235.0,537.24,525.12,547.92,22.8,537.24,0,0.2063,Low Risk,0,0,Standard Tier,Normal Alignment
15437,United Kingdom,UK,Hibernating / Lost,1. Low Spend (<GBP 500),200.16,1,200.16,262,263.0,151.44,143.71,158.59,14.87,151.44,1,0.9965,High Churn Risk,0,0,Standard Tier,Normal Alignment
15438,United Kingdom,UK,About to Sleep,1. Low Spend (<GBP 500),156.58,1,156.58,131,132.0,256.87,244.22,268.25,24.03,256.87,1,0.9787,High Churn Risk,0,0,Standard Tier,Normal Alignment
15440,United Kingdom,UK,Loyal Customers,1. Low Spend (<GBP 500),383.68,3,127.89,55,209.0,409.18,386.9,430.73,43.83,409.18,0,0.3246,Moderate Risk,0,0,Standard Tier,Normal Alignment
15442,United Kingdom,UK,Hibernating / Lost,2. Mid Spend (GBP 500-2k),594.0,1,594.0,249,249.0,158.38,150.33,165.86,15.53,158.38,1,0.9739,High Churn Risk,0,0,Standard Tier,Normal Alignment
15443,United Kingdom,UK,Champions,3. High Spend (>GBP 2k),3213.59,7,459.08,2,321.0,1398.94,1382.33,1410.64,28.3,1398.94,0,0.0432,Low Risk,1,1,Maintained VIP,Normal Alignment
15444,United Kingdom,UK,Loyal Customers,2. Mid Spend (GBP 500-2k),1411.21,2,705.6,9,41.0,2155.88,2011.06,2286.73,275.66,2155.88,0,0.0171,Low Risk,1,1,Maintained VIP,Normal Alignment
15445,United Kingdom,UK,Hibernating / Lost,1. Low Spend (<GBP 500),113.5,1,113.5,264,265.0,150.49,142.82,157.6,14.78,150.49,1,0.99,High Churn Risk,0,0,Standard Tier,Normal Alignment
15447,United Kingdom,UK,Hibernating / Lost,1. Low Spend (<GBP 500),155.17,1,155.17,331,331.0,124.84,118.43,130.65,12.22,124.84,1,0.9929,High Churn Risk,0,0,Standard Tier,Normal Alignment
15448,United Kingdom,UK,Hibernating / Lost,1. Low Spend (<GBP 500),494.64,1,494.64,313,313.0,130.93,124.22,137.04,12.83,130.93,1,0.9793,High Churn Risk,0,0,Standard Tier,Normal Alignment
15449,United Kingdom,UK,Loyal Customers,2. Mid Spend (GBP 500-2k),974.52,3,324.84,26,262.0,512.43,502.45,521.48,19.03,512.43,0,0.2776,Moderate Risk,0,0,Standard Tier,Normal Alignment
15450,United Kingdom,UK,New Customers,1. Low Spend (<GBP 500),429.84,1,429.84,30,31.0,554.57,528.09,577.48,49.38,554.57,0,0.0056,Low Risk,0,0,Standard Tier,Normal Alignment
15452,United Kingdom,UK,Loyal Customers,2. Mid Spend (GBP 500-2k),528.48,3,176.16,30,265.0,353.22,335.47,370.38,34.91,353.22,0,0.3124,Moderate Risk,0,0,Standard Tier,Normal Alignment
15453,United Kingdom,UK,Champions,2. Mid Spend (GBP 500-2k),1371.77,7,195.97,2,188.0,1099.95,1069.1,1129.03,59.93,1099.95,0,0.0417,Low Risk,1,1,Maintained VIP,Normal Alignment
15454,United Kingdom,UK,Hibernating / Lost,1. Low Spend (<GBP 500),179.1,1,179.1,362,363.0,115.31,109.38,120.67,11.3,115.31,1,0.9932,High Churn Risk,0,0,Standard Tier,Normal Alignment
15456,United Kingdom,UK,At Risk,1. Low Spend (<GBP 500),434.59,3,144.86,283,360.0,221.06,213.0,229.05,16.05,221.06,1,0.5248,Elevated Risk,0,0,Standard Tier,Normal Alignment
15457,United Kingdom,UK,Hibernating / Lost,1. Low Spend (<GBP 500),237.07,1,237.07,262,263.0,151.44,143.71,158.59,14.87,151.44,1,0.9974,High Churn Risk,0,0,Standard Tier,Normal Alignment
15458,United Kingdom,UK,New Customers,1. Low Spend (<GBP 500),161.64,1,161.64,25,26.0,588.32,559.58,612.73,53.15,588.32,0,0.0029,Low Risk,0,0,Standard Tier,Normal Alignment
15460,United Kingdom,UK,Hibernating / Lost,1. Low Spend (<GBP 500),214.26,1,214.26,354,355.0,117.55,111.51,123.02,11.51,117.55,1,0.9965,High Churn Risk,0,0,Standard Tier,Normal Alignment
15462,United Kingdom,UK,At Risk,1. Low Spend (<GBP 500),234.6,3,78.2,94,188.0,367.08,338.93,396.35,57.42,367.08,1,0.4491,Moderate Risk,0,0,Standard Tier,Normal Alignment
15463,United Kingdom,UK,New Customers,1. Low Spend (<GBP 500),126.14,1,126.14,29,30.0,561.01,534.08,583.89,49.8,561.01,0,0.004,Low Risk,0,0,Standard Tier,Normal Alignment
15464,United Kingdom,UK,Hibernating / Lost,2. Mid Spend (GBP 500-2k),1044.65,1,1044.65,338,339.0,122.31,116.03,128.0,11.97,122.31,1,0.9245,High Churn Risk,0,0,Standard Tier,Normal Alignment
15465,United Kingdom,UK,Champions,3. High Spend (>GBP 2k),7354.62,18,408.59,20,370.0,2898.07,2870.41,2917.85,47.44,2898.07,0,0.0438,Low Risk,1,1,Maintained VIP,Normal Alignment
15466,United Kingdom,UK,About to Sleep,1. Low Spend (<GBP 500),334.53,1,334.53,85,86.0,340.0,323.37,353.91,30.54,340.0,0,0.0419,Low Risk,0,0,Standard Tier,Normal Alignment
15467,United Kingdom,UK,Loyal Customers,2. Mid Spend (GBP 500-2k),524.88,3,174.96,9,153.0,503.67,476.09,531.47,55.37,503.67,0,0.1723,Low Risk,0,0,Standard Tier,Normal Alignment
15468,United Kingdom,UK,Loyal Customers,1. Low Spend (<GBP 500),467.51,2,233.76,51,52.0,446.89,425.56,464.71,39.14,446.89,0,0.0107,Low Risk,0,0,Standard Tier,Normal Alignment
15469,United Kingdom,UK,Loyal Customers,2. Mid Spend (GBP 500-2k),538.55,2,269.27,50,121.0,542.78,523.29,559.09,35.8,542.78,0,0.2087,Low Risk,0,0,Standard Tier,Normal Alignment
15471,United Kingdom,UK,New Customers,1. Low Spend (<GBP 500),454.48,1,454.48,2,3.0,817.08,769.42,855.62,86.2,817.08,0,0.0062,Low Risk,0,0,Standard Tier,Normal Alignment
15472,United Kingdom,UK,About to Sleep,1. Low Spend (<GBP 500),371.56,1,371.56,113,114.0,284.05,270.2,296.39,26.2,284.05,1,0.9146,High Churn Risk,0,0,Standard Tier,Normal Alignment
15473,United Kingdom,UK,Champions,2. Mid Spend (GBP 500-2k),1771.2,7,253.03,14,61.0,2099.24,2033.1,2149.65,116.54,2099.24,0,0.0303,Low Risk,1,1,Maintained VIP,Normal Alignment
15475,United Kingdom,UK,About to Sleep,1. Low Spend (<GBP 500),454.11,1,454.11,77,78.0,360.27,342.73,374.83,32.1,360.27,0,0.0426,Low Risk,0,0,Standard Tier,Normal Alignment
15478,United Kingdom,UK,Loyal Customers,2. Mid Spend (GBP 500-2k),1399.92,2,699.96,40,57.0,1253.13,1203.07,1292.68,89.61,1253.13,0,0.0152,Low Risk,1,1,Maintained VIP,Normal Alignment
15480,Malta,International,About to Sleep,2. Mid Spend (GBP 500-2k),905.5,1,905.5,116,117.0,279.13,265.49,291.3,25.81,414.82,1,0.8596,High Churn Risk,0,0,Standard Tier,Normal Alignment
15482,United Kingdom,UK,Champions,3. High Spend (>GBP 2k),10879.76,12,906.65,16,359.0,4287.52,4181.32,4366.96,185.65,4287.52,0,0.0434,Low Risk,1,1,Maintained VIP,Normal Alignment
15483,United Kingdom,UK,At Risk,1. Low Spend (<GBP 500),225.26,4,56.32,161,267.0,247.56,234.11,260.36,26.26,247.56,1,0.4193,Moderate Risk,0,0,Standard Tier,Normal Alignment
15484,United Kingdom,UK,Champions,3. High Spend (>GBP 2k),3590.41,4,897.6,1,79.0,2769.23,2665.47,2849.53,184.06,2769.23,0,0.0217,Low Risk,1,1,Maintained VIP,Normal Alignment
15485,United Kingdom,UK,Loyal Customers,3. High Spend (>GBP 2k),2564.5,3,854.83,30,374.0,719.74,693.22,742.51,49.29,719.74,0,0.404,Moderate Risk,0,0,Standard Tier,Normal Alignment
15488,United Kingdom,UK,About to Sleep,1. Low Spend (<GBP 500),91.32,1,91.32,93,93.0,324.04,308.16,337.43,29.27,324.04,1,0.8744,High Churn Risk,0,0,Standard Tier,Normal Alignment
15489,United Kingdom,UK,Loyal Customers,2. Mid Spend (GBP 500-2k),1134.28,3,378.09,23,212.0,694.34,682.82,703.44,20.62,694.34,0,0.1829,Low Risk,0,0,Standard Tier,Normal Alignment
15491,United Kingdom,UK,Cannot Lose Them,3. High Spend (>GBP 2k),3100.09,6,516.68,95,236.0,1378.55,1354.23,1396.1,41.87,1378.55,1,0.0499,Low Risk,1,1,Maintained VIP,Normal Alignment
15492,United Kingdom,UK,Loyal Customers,2. Mid Spend (GBP 500-2k),659.46,2,329.73,28,75.0,668.93,637.21,696.15,58.94,668.93,0,0.0094,Low Risk,0,0,Standard Tier,Normal Alignment
15493,United Kingdom,UK,Champions,2. Mid Spend (GBP 500-2k),1953.41,5,390.68,33,271.0,900.28,885.98,911.42,25.44,900.28,0,0.0844,Low Risk,0,0,Standard Tier,Normal Alignment
15494,United Kingdom,UK,Loyal Customers,2. Mid Spend (GBP 500-2k),1280.58,2,640.29,21,122.0,484.12,461.7,504.8,43.09,484.12,0,0.143,Low Risk,0,0,Standard Tier,Normal Alignment
15497,United Kingdom,UK,Loyal Customers,2. Mid Spend (GBP 500-2k),1262.2,2,631.1,18,320.0,276.16,268.41,283.04,14.63,276.16,0,0.5974,Elevated Risk,0,0,Standard Tier,Normal Alignment
15498,United Kingdom,UK,Champions,3. High Spend (>GBP 2k),13316.4,27,493.2,3,367.0,5118.14,5051.59,5170.7,119.11,5118.14,0,0.0333,Low Risk,1,1,Maintained VIP,Normal Alignment
15500,United Kingdom,UK,Champions,2. Mid Spend (GBP 500-2k),1131.56,4,282.89,8,82.0,1339.49,1295.85,1375.42,79.57,1339.49,0,0.0136,Low Risk,1,1,Maintained VIP,Normal Alignment
15502,United Kingdom,UK,Champions,3. High Spend (>GBP 2k),10384.93,12,865.41,16,370.0,3886.06,3775.79,3966.36,190.56,3886.06,0,0.037,Low Risk,1,1,Maintained VIP,Normal Alignment
15503,United Kingdom,UK,Hibernating / Lost,1. Low Spend (<GBP 500),141.04,1,141.04,363,363.0,115.31,109.38,120.67,11.3,115.31,1,0.9944,High Churn Risk,0,0,Standard Tier,Normal Alignment
15504,United Kingdom,UK,About to Sleep,1. Low Spend (<GBP 500),52.83,1,52.83,81,82.0,349.84,332.77,364.07,31.3,349.84,0,0.0537,Low Risk,0,0,Standard Tier,Normal Alignment
15505,United Kingdom,UK,Loyal Customers,3. High Spend (>GBP 2k),3610.96,5,722.19,53,156.0,2335.75,2271.45,2383.4,111.96,2335.75,0,0.0421,Low Risk,1,1,Maintained VIP,Normal Alignment
15506,United Kingdom,UK,Loyal Customers,2. Mid Spend (GBP 500-2k),972.08,3,324.03,23,139.0,936.95,918.31,952.28,33.97,936.95,0,0.0566,Low Risk,0,0,Standard Tier,Normal Alignment
15507,United Kingdom,UK,About to Sleep,1. Low Spend (<GBP 500),475.86,1,475.86,172,172.0,211.84,201.34,221.5,20.17,211.84,1,0.9463,High Churn Risk,0,0,Standard Tier,Normal Alignment
15508,United Kingdom,UK,Cannot Lose Them,2. Mid Spend (GBP 500-2k),1000.27,6,166.71,189,236.0,614.13,596.85,630.62,33.77,614.13,1,0.1318,Low Risk,0,0,Standard Tier,Normal Alignment
15510,United Kingdom,UK,Hibernating / Lost,1. Low Spend (<GBP 500),250.0,1,250.0,331,331.0,124.84,118.43,130.65,12.22,124.84,1,0.9838,High Churn Risk,0,0,Standard Tier,Normal Alignment
15511,United Kingdom,UK,Champions,2. Mid Spend (GBP 500-2k),900.53,5,180.11,12,86.0,1304.29,1247.1,1353.54,106.44,1304.29,0,0.0184,Low Risk,1,1,Maintained VIP,Normal Alignment
15512,United Kingdom,UK,At Risk,1. Low Spend (<GBP 500),121.0,2,60.5,156,360.0,161.64,149.1,175.05,25.95,161.64,1,0.7097,Elevated Risk,0,0,Standard Tier,Normal Alignment
15513,United Kingdom,UK,Champions,3. High Spend (>GBP 2k),14758.22,19,776.75,33,374.0,5822.07,5733.68,5888.22,154.54,5822.07,0,0.0371,Low Risk,1,1,Maintained VIP,Normal Alignment
15514,United Kingdom,UK,Champions,3. High Spend (>GBP 2k),4023.72,11,365.79,12,365.0,1159.0,1148.49,1167.07,18.58,1159.0,0,0.0364,Low Risk,1,1,Maintained VIP,Normal Alignment
15516,United Kingdom,UK,Loyal Customers,1. Low Spend (<GBP 500),62.43,3,20.81,45,47.0,637.6,581.85,689.44,107.59,637.6,0,0.0722,Low Risk,0,0,Standard Tier,Normal Alignment
15517,United Kingdom,UK,Hibernating / Lost,1. Low Spend (<GBP 500),267.03,1,267.03,233,234.0,166.57,158.18,174.39,16.21,166.57,1,0.9759,High Churn Risk,0,0,Standard Tier,Normal Alignment
15518,United Kingdom,UK,Loyal Customers,2. Mid Spend (GBP 500-2k),1921.55,8,240.19,64,333.0,842.97,829.0,855.86,26.86,842.97,0,0.0607,Low Risk,0,0,Standard Tier,Normal Alignment
15520,United Kingdom,UK,New Customers,1. Low Spend (<GBP 500),343.5,1,343.5,2,2.0,831.13,782.48,871.45,88.98,831.13,0,0.0042,Low Risk,0,0,Standard Tier,Normal Alignment
15521,United Kingdom,UK,Loyal Customers,3. High Spend (>GBP 2k),3000.2,8,375.02,40,255.0,1546.24,1522.63,1563.77,41.13,1546.24,0,0.0397,Low Risk,1,1,Maintained VIP,Normal Alignment
15522,United Kingdom,UK,Loyal Customers,1. Low Spend (<GBP 500),397.99,2,199.0,33,88.0,577.98,546.92,604.91,57.99,577.98,0,0.0228,Low Risk,0,0,Standard Tier,Normal Alignment
15523,United Kingdom,UK,About to Sleep,1. Low Spend (<GBP 500),412.01,1,412.01,84,85.0,342.41,325.67,356.39,30.73,342.41,0,0.0299,Low Risk,0,0,Standard Tier,Normal Alignment
15524,United Kingdom,UK,New Customers,1. Low Spend (<GBP 500),440.0,1,440.0,25,25.0,595.57,566.3,620.37,54.07,595.57,0,0.0058,Low Risk,0,0,Standard Tier,Normal Alignment
15525,United Kingdom,UK,Loyal Customers,2. Mid Spend (GBP 500-2k),734.37,3,244.79,2,374.0,321.16,311.82,330.56,18.74,321.16,0,0.3724,Moderate Risk,0,0,Standard Tier,Normal Alignment
15526,United Kingdom,UK,Loyal Customers,1. Low Spend (<GBP 500),148.44,2,74.22,33,34.0,536.11,510.64,558.27,47.63,536.11,0,0.0171,Low Risk,0,0,Standard Tier,Normal Alignment
15527,United Kingdom,UK,Champions,3. High Spend (>GBP 2k),2428.53,8,303.57,19,355.0,1068.52,1057.35,1078.24,20.89,1068.52,0,0.0444,Low Risk,0,0,Standard Tier,Normal Alignment
15528,United Kingdom,UK,Hibernating / Lost,1. Low Spend (<GBP 500),229.33,1,229.33,254,255.0,155.33,147.42,162.67,15.26,155.33,1,0.9954,High Churn Risk,0,0,Standard Tier,Normal Alignment
15529,United Kingdom,UK,Champions,3. High Spend (>GBP 2k),3962.6,11,360.24,23,367.0,1629.59,1614.21,1640.65,26.43,1629.59,0,0.0343,Low Risk,1,1,Maintained VIP,Normal Alignment
15530,United Kingdom,UK,Champions,2. Mid Spend (GBP 500-2k),1497.31,4,374.33,22,247.0,723.72,711.24,733.87,22.63,723.72,0,0.1222,Low Risk,0,0,Standard Tier,Normal Alignment
15531,United Kingdom,UK,Loyal Customers,2. Mid Spend (GBP 500-2k),1972.39,2,986.2,8,31.0,1478.98,1415.85,1529.88,114.02,1478.98,0,0.022,Low Risk,1,1,Maintained VIP,Normal Alignment
15532,United Kingdom,UK,Champions,2. Mid Spend (GBP 500-2k),1564.73,4,391.18,25,359.0,625.27,617.51,631.43,13.92,625.27,0,0.2434,Low Risk,0,0,Standard Tier,Normal Alignment
15533,United Kingdom,UK,Loyal Customers,2. Mid Spend (GBP 500-2k),807.57,3,269.19,19,90.0,843.03,806.53,876.33,69.8,843.03,0,0.0147,Low Risk,0,0,Standard Tier,Normal Alignment
15535,United Kingdom,UK,At Risk,2. Mid Spend (GBP 500-2k),502.9,4,125.72,173,328.0,277.06,261.82,292.96,31.14,277.06,1,0.4691,Moderate Risk,0,0,Standard Tier,Normal Alignment
15537,United Kingdom,UK,About to Sleep,1. Low Spend (<GBP 500),110.92,1,110.92,163,164.0,219.54,208.69,229.5,20.81,219.54,1,0.977,High Churn Risk,0,0,Standard Tier,Normal Alignment
15539,United Kingdom,UK,New Customers,2. Mid Spend (GBP 500-2k),538.46,1,538.46,7,8.0,753.4,711.44,787.33,75.88,753.4,0,0.007,Low Risk,0,0,Standard Tier,Normal Alignment
15540,United Kingdom,UK,New Customers,1. Low Spend (<GBP 500),213.3,1,213.3,11,12.0,709.18,671.24,740.15,68.92,709.18,0,0.0021,Low Risk,0,0,Standard Tier,Normal Alignment
15541,United Kingdom,UK,About to Sleep,1. Low Spend (<GBP 500),85.13,1,85.13,114,115.0,282.39,268.61,294.67,26.06,282.39,1,0.9747,High Churn Risk,0,0,Standard Tier,Normal Alignment
15543,United Kingdom,UK,Hibernating / Lost,1. Low Spend (<GBP 500),127.86,1,127.86,288,289.0,140.03,132.87,146.61,13.74,140.03,1,0.993,High Churn Risk,0,0,Standard Tier,Normal Alignment
15544,United Kingdom,UK,Champions,3. High Spend (>GBP 2k),3546.71,9,394.08,9,373.0,1408.69,1396.09,1418.3,22.21,1408.69,0,0.0368,Low Risk,1,1,Maintained VIP,Normal Alignment
15545,United Kingdom,UK,Loyal Customers,1. Low Spend (<GBP 500),288.97,2,144.49,54,372.0,199.22,190.3,208.05,17.75,199.22,0,0.5168,Elevated Risk,0,0,Standard Tier,Normal Alignment
15547,United Kingdom,UK,Champions,3. High Spend (>GBP 2k),4910.6,14,350.76,7,363.0,1840.98,1824.36,1853.79,29.43,1840.98,0,0.0294,Low Risk,1,1,Maintained VIP,Normal Alignment
15549,United Kingdom,UK,At Risk,2. Mid Spend (GBP 500-2k),1681.46,3,560.49,77,317.0,485.22,477.72,491.25,13.53,485.22,0,0.4294,Moderate Risk,0,0,Standard Tier,Normal Alignment
15550,United Kingdom,UK,Champions,2. Mid Spend (GBP 500-2k),575.63,4,143.91,4,302.0,393.29,375.44,411.68,36.24,393.29,0,0.3076,Moderate Risk,0,0,Standard Tier,Normal Alignment
15551,United Kingdom,UK,Promising,1. Low Spend (<GBP 500),436.06,1,436.06,37,37.0,518.85,494.27,539.52,45.25,518.85,0,0.004,Low Risk,0,0,Standard Tier,Normal Alignment
15552,United Kingdom,UK,Hibernating / Lost,1. Low Spend (<GBP 500),90.12,1,90.12,217,218.0,176.29,167.52,184.53,17.01,176.29,1,0.9901,High Churn Risk,0,0,Standard Tier,Normal Alignment
15553,United Kingdom,UK,Promising,1. Low Spend (<GBP 500),428.93,1,428.93,60,61.0,412.56,393.24,428.94,35.7,412.56,0,0.021,Low Risk,0,0,Standard Tier,Normal Alignment
15554,United Kingdom,UK,Hibernating / Lost,1. Low Spend (<GBP 500),217.2,1,217.2,278,278.0,144.64,137.25,151.45,14.2,144.64,1,0.9944,High Churn Risk,0,0,Standard Tier,Normal Alignment
15555,United Kingdom,UK,Champions,3. High Spend (>GBP 2k),4794.86,16,299.68,12,370.0,2008.73,1989.14,2024.18,35.04,2008.73,0,0.0271,Low Risk,1,1,Maintained VIP,Normal Alignment
15556,United Kingdom,UK,New Customers,1. Low Spend (<GBP 500),279.77,1,279.77,24,25.0,595.57,566.3,620.37,54.07,595.57,0,0.0032,Low Risk,0,0,Standard Tier,Normal Alignment
15557,United Kingdom,UK,New Customers,1. Low Spend (<GBP 500),468.91,1,468.91,29,29.0,567.59,540.21,590.85,50.64,567.59,0,0.0036,Low Risk,0,0,Standard Tier,Normal Alignment
15561,United Kingdom,UK,Champions,2. Mid Spend (GBP 500-2k),800.59,4,200.15,12,216.0,548.36,534.12,561.12,27.0,548.36,0,0.1664,Low Risk,0,0,Standard Tier,Normal Alignment
15562,United Kingdom,UK,Hibernating / Lost,1. Low Spend (<GBP 500),134.55,1,134.55,352,352.0,118.42,112.33,123.92,11.59,118.42,1,0.9896,High Churn Risk,0,0,Standard Tier,Normal Alignment
15563,United Kingdom,UK,Champions,2. Mid Spend (GBP 500-2k),1400.44,4,350.11,22,359.0,570.46,556.63,582.76,26.13,570.46,0,0.2558,Moderate Risk,0,0,Standard Tier,Normal Alignment
15565,United Kingdom,UK,Loyal Customers,1. Low Spend (<GBP 500),173.16,2,86.58,50,71.0,597.43,557.9,632.15,74.25,597.43,0,0.0231,Low Risk,0,0,Standard Tier,Normal Alignment
15567,United Kingdom,UK,New Customers,1. Low Spend (<GBP 500),186.01,1,186.01,19,19.0,643.12,610.48,670.52,60.04,643.12,0,0.0019,Low Risk,0,0,Standard Tier,Normal Alignment
15568,United Kingdom,UK,Loyal Customers,2. Mid Spend (GBP 500-2k),758.29,3,252.76,3,74.0,1141.15,1105.26,1171.12,65.86,1141.15,0,0.0111,Low Risk,1,1,Maintained VIP,Normal Alignment
15569,United Kingdom,UK,At Risk,2. Mid Spend (GBP 500-2k),1375.71,5,275.14,104,333.0,618.23,610.56,624.24,13.68,618.23,1,0.2075,Low Risk,0,0,Standard Tier,Normal Alignment
15570,United Kingdom,UK,Champions,3. High Spend (>GBP 2k),4148.82,12,345.74,7,370.0,1610.17,1595.13,1622.12,26.99,1610.17,0,0.0349,Low Risk,1,1,Maintained VIP,Normal Alignment
15571,United Kingdom,UK,Champions,2. Mid Spend (GBP 500-2k),650.43,4,162.61,12,79.0,1053.99,998.87,1104.63,105.76,1053.99,0,0.014,Low Risk,0,0,Standard Tier,Normal Alignment
15572,United Kingdom,UK,Champions,3. High Spend (>GBP 2k),2533.42,7,361.92,5,279.0,1206.32,1186.32,1220.86,34.54,1206.32,0,0.0395,Low Risk,1,1,Maintained VIP,Normal Alignment
15573,United Kingdom,UK,Loyal Customers,2. Mid Spend (GBP 500-2k),591.19,2,295.59,32,86.0,631.74,603.27,655.86,52.58,631.74,0,0.0114,Low Risk,0,0,Standard Tier,Normal Alignment
15574,United Kingdom,UK,At Risk,2. Mid Spend (GBP 500-2k),675.64,4,168.91,178,373.0,276.37,264.36,288.61,24.26,276.37,1,0.3809,Moderate Risk,0,0,Standard Tier,Normal Alignment
15576,United Kingdom,UK,Promising,2. Mid Spend (GBP 500-2k),921.37,1,921.37,38,38.0,513.34,489.04,533.72,44.68,513.34,0,0.0203,Low Risk,0,0,Standard Tier,Normal Alignment
15577,United Kingdom,UK,At Risk,1. Low Spend (<GBP 500),258.88,3,86.29,151,306.0,263.64,255.05,272.39,17.34,263.64,1,0.5853,Elevated Risk,0,0,Standard Tier,Normal Alignment
15578,United Kingdom,UK,About to Sleep,1. Low Spend (<GBP 500),127.1,1,127.1,162,163.0,220.54,209.65,230.54,20.9,220.54,1,0.979,High Churn Risk,0,0,Standard Tier,Normal Alignment
15579,United Kingdom,UK,Loyal Customers,1. Low Spend (<GBP 500),327.6,2,163.8,69,314.0,222.65,211.66,233.4,21.74,222.65,0,0.6007,Elevated Risk,0,0,Standard Tier,Normal Alignment
15581,United Kingdom,UK,Cannot Lose Them,3. High Spend (>GBP 2k),3675.77,13,282.75,121,367.0,1531.75,1516.88,1544.09,27.21,1531.75,1,0.1645,Low Risk,1,1,Maintained VIP,Normal Alignment
15582,United Kingdom,UK,Loyal Customers,2. Mid Spend (GBP 500-2k),682.91,3,227.64,25,221.0,455.91,438.02,473.38,35.36,455.91,0,0.2261,Low Risk,0,0,Standard Tier,Normal Alignment
15584,United Kingdom,UK,Champions,2. Mid Spend (GBP 500-2k),720.86,4,180.22,24,163.0,735.75,709.98,761.46,51.49,735.75,0,0.1065,Low Risk,0,0,Standard Tier,Normal Alignment
15585,United Kingdom,UK,About to Sleep,1. Low Spend (<GBP 500),455.3,1,455.3,177,177.0,207.3,196.98,216.78,19.81,207.3,1,0.9499,High Churn Risk,0,0,Standard Tier,Normal Alignment
15587,United Kingdom,UK,Loyal Customers,2. Mid Spend (GBP 500-2k),913.68,4,228.42,50,352.0,394.42,380.5,407.99,27.5,394.42,0,0.3372,Moderate Risk,0,0,Standard Tier,Normal Alignment
15589,United Kingdom,UK,At Risk,1. Low Spend (<GBP 500),478.53,3,159.51,256,311.0,283.66,275.74,290.63,14.9,283.66,1,0.5143,Elevated Risk,0,0,Standard Tier,Normal Alignment
15592,United Kingdom,UK,Promising,1. Low Spend (<GBP 500),388.58,1,388.58,47,47.0,468.55,446.28,486.96,40.68,468.55,0,0.0114,Low Risk,0,0,Standard Tier,Normal Alignment
15593,United Kingdom,UK,Promising,1. Low Spend (<GBP 500),199.8,1,199.8,71,71.0,380.11,361.96,395.29,33.33,380.11,0,0.0183,Low Risk,0,0,Standard Tier,Normal Alignment
15594,United Kingdom,UK,Champions,2. Mid Spend (GBP 500-2k),1771.78,5,354.36,16,235.0,1072.92,1058.09,1084.37,26.28,1072.92,0,0.0541,Low Risk,0,0,Standard Tier,Normal Alignment
15596,United Kingdom,UK,At Risk,2. Mid Spend (GBP 500-2k),1406.59,5,281.32,101,366.0,553.59,542.21,564.99,22.77,553.59,1,0.1985,Low Risk,0,0,Standard Tier,Normal Alignment
15597,United Kingdom,UK,Promising,1. Low Spend (<GBP 500),324.57,1,324.57,35,36.0,524.48,499.6,545.45,45.84,524.48,0,0.005,Low Risk,0,0,Standard Tier,Normal Alignment
15598,United Kingdom,UK,Promising,1. Low Spend (<GBP 500),240.68,1,240.68,53,54.0,438.77,417.79,456.36,38.58,438.77,0,0.0088,Low Risk,0,0,Standard Tier,Normal Alignment
15599,United Kingdom,UK,Loyal Customers,2. Mid Spend (GBP 500-2k),761.74,2,380.87,27,205.0,408.76,397.92,417.4,19.48,408.76,0,0.4597,Moderate Risk,0,0,Standard Tier,Normal Alignment
15601,United Kingdom,UK,Champions,3. High Spend (>GBP 2k),6776.56,14,484.04,11,373.0,2538.29,2514.47,2556.26,41.79,2538.29,0,0.0309,Low Risk,1,1,Maintained VIP,Normal Alignment
15602,United Kingdom,UK,Champions,2. Mid Spend (GBP 500-2k),1297.87,9,144.21,8,369.0,652.51,634.01,673.37,39.35,652.51,0,0.1012,Low Risk,0,0,Standard Tier,Normal Alignment
15603,United Kingdom,UK,About to Sleep,1. Low Spend (<GBP 500),48.48,1,48.48,79,79.0,357.61,340.18,372.08,31.89,357.61,0,0.0454,Low Risk,0,0,Standard Tier,Normal Alignment
15604,United Kingdom,UK,Promising,1. Low Spend (<GBP 500),216.39,1,216.39,52,53.0,442.79,421.64,460.5,38.86,442.79,0,0.0079,Low Risk,0,0,Standard Tier,Normal Alignment
15605,United Kingdom,UK,Loyal Customers,2. Mid Spend (GBP 500-2k),1198.23,5,239.65,36,374.0,542.97,531.85,554.18,22.33,542.97,0,0.2177,Low Risk,0,0,Standard Tier,Normal Alignment
15606,United Kingdom,UK,Loyal Customers,3. High Spend (>GBP 2k),2920.16,9,324.46,61,325.0,1336.59,1322.07,1348.22,26.14,1336.59,0,0.0437,Low Risk,1,1,Maintained VIP,Normal Alignment
15607,United Kingdom,UK,Hibernating / Lost,1. Low Spend (<GBP 500),104.76,1,104.76,337,337.0,122.93,116.62,128.65,12.03,122.93,1,0.968,High Churn Risk,0,0,Standard Tier,Normal Alignment
15608,United Kingdom,UK,Champions,2. Mid Spend (GBP 500-2k),1093.68,4,273.42,28,121.0,1069.27,1045.68,1088.12,42.44,1069.27,0,0.044,Low Risk,0,0,Standard Tier,Normal Alignment
15609,United Kingdom,UK,Hibernating / Lost,1. Low Spend (<GBP 500),298.48,1,298.48,184,185.0,200.42,190.38,209.63,19.25,200.42,1,0.9796,High Churn Risk,0,0,Standard Tier,Normal Alignment
15610,United Kingdom,UK,Promising,1. Low Spend (<GBP 500),112.46,1,112.46,52,52.0,446.89,425.56,464.71,39.14,446.89,0,0.0142,Low Risk,0,0,Standard Tier,Normal Alignment
15611,United Kingdom,UK,Champions,2. Mid Spend (GBP 500-2k),1591.45,13,122.42,10,335.0,839.32,816.38,864.91,48.54,839.32,0,0.1088,Low Risk,0,0,Standard Tier,Normal Alignment
15612,United Kingdom,UK,Loyal Customers,1. Low Spend (<GBP 500),195.15,2,97.58,36,62.0,689.84,650.49,723.63,73.14,689.84,0,0.0195,Low Risk,0,0,Standard Tier,Normal Alignment
15615,United Kingdom,UK,Champions,3. High Spend (>GBP 2k),10399.74,23,452.16,10,360.0,3977.75,3934.77,4012.96,78.2,3977.75,0,0.0327,Low Risk,1,1,Maintained VIP,Normal Alignment
15618,United Kingdom,UK,Champions,2. Mid Spend (GBP 500-2k),776.85,4,194.21,33,137.0,787.25,765.7,805.28,39.58,787.25,0,0.0872,Low Risk,0,0,Standard Tier,Normal Alignment
15619,United Kingdom,UK,New Customers,1. Low Spend (<GBP 500),336.4,1,336.4,11,11.0,719.74,680.92,751.21,70.29,719.74,0,0.0043,Low Risk,0,0,Standard Tier,Normal Alignment
15620,United Kingdom,UK,Loyal Customers,2. Mid Spend (GBP 500-2k),1553.18,3,517.73,57,359.0,569.91,556.12,582.16,26.04,569.91,0,0.397,Moderate Risk,0,0,Standard Tier,Normal Alignment
15621,United Kingdom,UK,Champions,2. Mid Spend (GBP 500-2k),1293.03,4,323.26,4,22.0,2276.5,2168.81,2361.59,192.78,2276.5,0,0.0259,Low Risk,1,1,Maintained VIP,Normal Alignment
15622,United Kingdom,UK,Loyal Customers,3. High Spend (>GBP 2k),3709.56,9,412.17,43,283.0,1677.84,1632.29,1714.35,82.06,1677.84,0,0.0405,Low Risk,1,1,Maintained VIP,Normal Alignment
15623,United Kingdom,UK,About to Sleep,1. Low Spend (<GBP 500),301.03,1,301.03,141,142.0,243.91,231.88,254.8,22.93,243.91,1,0.974,High Churn Risk,0,0,Standard Tier,Normal Alignment
15624,United Kingdom,UK,At Risk,2. Mid Spend (GBP 500-2k),588.13,4,147.03,117,257.0,433.38,412.88,455.06,42.18,433.38,1,0.2568,Moderate Risk,0,0,Standard Tier,Normal Alignment
15625,United Kingdom,UK,At Risk,2. Mid Spend (GBP 500-2k),1534.26,4,383.56,104,236.0,693.01,677.59,705.72,28.14,693.01,1,0.1599,Low Risk,0,0,Standard Tier,Normal Alignment
15626,United Kingdom,UK,At Risk,2. Mid Spend (GBP 500-2k),675.8,2,337.9,75,330.0,304.7,297.36,310.48,13.11,304.7,0,0.4817,Moderate Risk,0,0,Standard Tier,Normal Alignment
15628,United Kingdom,UK,Champions,3. High Spend (>GBP 2k),2870.24,9,318.92,5,367.0,1179.21,1167.58,1188.93,21.35,1179.21,0,0.0372,Low Risk,1,1,Maintained VIP,Normal Alignment
15630,United Kingdom,UK,Loyal Customers,2. Mid Spend (GBP 500-2k),1186.35,2,593.17,45,205.0,654.57,625.13,682.3,57.17,654.57,0,0.4858,Moderate Risk,0,0,Standard Tier,Normal Alignment
15632,United Kingdom,UK,Champions,3. High Spend (>GBP 2k),3285.31,8,410.66,16,275.0,1664.17,1644.9,1679.02,34.12,1664.17,0,0.0369,Low Risk,1,1,Maintained VIP,Normal Alignment
15634,United Kingdom,UK,New Customers,1. Low Spend (<GBP 500),243.55,1,243.55,17,18.0,651.79,618.48,679.68,61.2,651.79,0,0.0018,Low Risk,0,0,Standard Tier,Normal Alignment
15636,United Kingdom,UK,At Risk,2. Mid Spend (GBP 500-2k),724.76,2,362.38,90,283.0,356.51,348.04,363.27,15.23,356.51,0,0.5622,Elevated Risk,0,0,Standard Tier,Normal Alignment
15637,United Kingdom,UK,Promising,1. Low Spend (<GBP 500),223.36,1,223.36,53,53.0,442.79,421.64,460.5,38.86,442.79,0,0.0078,Low Risk,0,0,Standard Tier,Normal Alignment
15639,United Kingdom,UK,About to Sleep,1. Low Spend (<GBP 500),425.32,1,425.32,134,135.0,252.84,240.38,264.07,23.69,252.84,1,0.9398,High Churn Risk,0,0,Standard Tier,Normal Alignment
15640,United Kingdom,UK,Champions,3. High Spend (>GBP 2k),12416.11,15,827.74,4,373.0,4926.29,4857.74,4978.39,120.65,4926.29,0,0.0351,Low Risk,1,1,Maintained VIP,Normal Alignment
15641,United Kingdom,UK,At Risk,2. Mid Spend (GBP 500-2k),1887.2,4,471.8,105,360.0,759.52,746.1,770.34,24.24,759.52,1,0.2444,Low Risk,0,0,Standard Tier,Normal Alignment
15643,United Kingdom,UK,At Risk,2. Mid Spend (GBP 500-2k),664.0,3,221.33,192,283.0,320.31,312.02,326.93,14.91,320.31,1,0.4543,Moderate Risk,0,0,Standard Tier,Normal Alignment
15644,United Kingdom,UK,At Risk,2. Mid Spend (GBP 500-2k),803.54,4,200.88,166,262.0,482.99,471.62,493.27,21.65,482.99,1,0.1977,Low Risk,0,0,Standard Tier,Normal Alignment
15645,United Kingdom,UK,New Customers,2. Mid Spend (GBP 500-2k),612.01,1,612.01,19,19.0,643.12,610.48,670.52,60.04,643.12,0,0.0105,Low Risk,0,0,Standard Tier,Normal Alignment
15646,United Kingdom,UK,At Risk,1. Low Spend (<GBP 500),447.64,3,149.21,158,373.0,252.8,239.69,266.74,27.05,252.8,1,0.5205,Elevated Risk,0,0,Standard Tier,Normal Alignment
15648,United Kingdom,UK,At Risk,2. Mid Spend (GBP 500-2k),639.5,2,319.75,204,268.0,340.78,331.93,347.61,15.68,340.78,1,0.595,Elevated Risk,0,0,Standard Tier,Normal Alignment
15649,United Kingdom,UK,At Risk,2. Mid Spend (GBP 500-2k),816.0,2,408.0,336,368.0,249.48,242.79,255.22,12.43,249.48,1,0.6089,Elevated Risk,0,0,Standard Tier,Normal Alignment
15651,United Kingdom,UK,Loyal Customers,2. Mid Spend (GBP 500-2k),646.3,3,215.43,37,261.0,381.63,372.37,388.95,16.58,381.63,0,0.3375,Moderate Risk,0,0,Standard Tier,Normal Alignment
15652,United Kingdom,UK,About to Sleep,1. Low Spend (<GBP 500),337.74,1,337.74,91,92.0,326.23,310.23,339.69,29.46,326.23,1,0.3753,Moderate Risk,0,0,Standard Tier,Normal Alignment
15653,United Kingdom,UK,At Risk,2. Mid Spend (GBP 500-2k),877.44,2,438.72,93,116.0,1024.23,972.31,1069.67,97.37,1024.23,1,0.2489,Low Risk,0,0,Standard Tier,Normal Alignment
15654,United Kingdom,UK,Loyal Customers,2. Mid Spend (GBP 500-2k),922.53,2,461.26,9,27.0,1307.44,1250.14,1351.2,101.06,1307.44,0,0.0071,Low Risk,1,1,Maintained VIP,Normal Alignment
15655,United Kingdom,UK,Hibernating / Lost,2. Mid Spend (GBP 500-2k),560.67,1,560.67,243,244.0,161.02,152.86,168.61,15.75,161.02,1,0.9713,High Churn Risk,0,0,Standard Tier,Normal Alignment
15656,United Kingdom,UK,Loyal Customers,2. Mid Spend (GBP 500-2k),748.5,4,187.12,45,285.0,443.42,426.17,460.74,34.57,443.42,0,0.2129,Low Risk,0,0,Standard Tier,Normal Alignment
15657,United Kingdom,UK,New Customers,1. Low Spend (<GBP 500),30.0,1,30.0,23,23.0,610.62,580.37,636.23,55.86,610.62,0,0.0198,Low Risk,0,0,Standard Tier,Normal Alignment
15658,United Kingdom,UK,At Risk,2. Mid Spend (GBP 500-2k),1024.1,5,204.82,190,373.0,439.47,425.26,454.22,28.96,439.47,1,0.2831,Moderate Risk,0,0,Standard Tier,Normal Alignment
15659,United Kingdom,UK,Promising,1. Low Spend (<GBP 500),306.45,1,306.45,44,44.0,482.58,459.71,501.39,41.68,482.58,0,0.0036,Low Risk,0,0,Standard Tier,Normal Alignment
15660,United Kingdom,UK,Champions,2. Mid Spend (GBP 500-2k),1600.86,9,177.87,25,366.0,709.87,698.13,719.9,21.77,709.87,0,0.0724,Low Risk,0,0,Standard Tier,Normal Alignment
15661,United Kingdom,UK,At Risk,1. Low Spend (<GBP 500),309.8,2,154.9,317,339.0,229.55,220.93,238.17,17.25,229.55,1,0.5951,Elevated Risk,0,0,Standard Tier,Normal Alignment
15663,United Kingdom,UK,About to Sleep,1. Low Spend (<GBP 500),138.14,1,138.14,106,107.0,296.24,281.85,308.99,27.14,296.24,1,0.98,High Churn Risk,0,0,Standard Tier,Normal Alignment
15664,United Kingdom,UK,Promising,1. Low Spend (<GBP 500),386.43,1,386.43,51,51.0,451.06,429.56,468.99,39.44,451.06,0,0.006,Low Risk,0,0,Standard Tier,Normal Alignment
15665,United Kingdom,UK,At Risk,3. High Spend (>GBP 2k),2222.21,2,1111.1,168,244.0,558.88,535.28,581.02,45.74,558.88,1,0.4814,Moderate Risk,0,0,Standard Tier,Normal Alignment
15667,United Kingdom,UK,Promising,1. Low Spend (<GBP 500),301.32,1,301.32,40,40.0,502.66,478.91,522.49,43.58,502.66,0,0.0036,Low Risk,0,0,Standard Tier,Normal Alignment
15668,United Kingdom,UK,Hibernating / Lost,1. Low Spend (<GBP 500),76.32,1,76.32,218,218.0,176.29,167.52,184.53,17.01,176.29,1,0.9922,High Churn Risk,0,0,Standard Tier,Normal Alignment
15669,United Kingdom,UK,Loyal Customers,2. Mid Spend (GBP 500-2k),684.34,4,171.08,40,264.0,462.91,444.43,481.77,37.35,462.91,0,0.2289,Low Risk,0,0,Standard Tier,Normal Alignment
15670,United Kingdom,UK,Hibernating / Lost,1. Low Spend (<GBP 500),173.05,1,173.05,297,297.0,136.86,129.85,143.27,13.42,136.86,1,0.9932,High Churn Risk,0,0,Standard Tier,Normal Alignment
15671,United Kingdom,UK,Champions,3. High Spend (>GBP 2k),2657.13,7,379.59,19,271.0,1377.46,1361.48,1389.95,28.47,1377.46,0,0.043,Low Risk,1,1,Maintained VIP,Normal Alignment
15673,United Kingdom,UK,At Risk,3. High Spend (>GBP 2k),2726.23,4,681.56,88,328.0,929.57,908.15,947.3,39.15,929.57,0,0.1367,Low Risk,0,0,Standard Tier,Normal Alignment
15674,United Kingdom,UK,At Risk,3. High Spend (>GBP 2k),2446.6,5,489.32,73,255.0,1301.38,1278.99,1317.52,38.53,1301.38,0,0.0672,Low Risk,1,1,Maintained VIP,Normal Alignment
15675,United Kingdom,UK,At Risk,1. Low Spend (<GBP 500),323.69,3,107.9,81,281.0,330.88,313.87,347.64,33.77,330.88,0,0.5167,Elevated Risk,0,0,Standard Tier,Normal Alignment
15676,United Kingdom,UK,Loyal Customers,3. High Spend (>GBP 2k),3435.76,3,1145.25,19,284.0,1305.06,1238.51,1361.55,123.03,1305.06,0,0.2888,Moderate Risk,1,1,Maintained VIP,Normal Alignment
15677,United Kingdom,UK,Promising,2. Mid Spend (GBP 500-2k),657.23,1,657.23,49,50.0,455.31,433.62,473.36,39.74,455.31,0,0.0163,Low Risk,0,0,Standard Tier,Normal Alignment
15678,United Kingdom,UK,Promising,1. Low Spend (<GBP 500),352.7,1,352.7,53,53.0,442.79,421.64,460.5,38.86,442.79,0,0.0064,Low Risk,0,0,Standard Tier,Normal Alignment
15679,United Kingdom,UK,Champions,2. Mid Spend (GBP 500-2k),781.28,4,195.32,24,183.0,695.15,672.46,718.03,45.57,695.15,0,0.1076,Low Risk,0,0,Standard Tier,Normal Alignment
15680,United Kingdom,UK,Loyal Customers,2. Mid Spend (GBP 500-2k),1333.68,3,444.56,9,367.0,463.91,455.65,469.8,14.14,463.91,0,0.3757,Moderate Risk,0,0,Standard Tier,Normal Alignment
15681,United Kingdom,UK,Champions,2. Mid Spend (GBP 500-2k),1426.16,5,285.23,25,281.0,710.52,700.75,718.13,17.38,710.52,0,0.1251,Low Risk,0,0,Standard Tier,Normal Alignment
15683,United Kingdom,UK,About to Sleep,1. Low Spend (<GBP 500),193.75,1,193.75,117,118.0,277.52,263.96,289.64,25.68,277.52,1,0.975,High Churn Risk,0,0,Standard Tier,Normal Alignment
15687,United Kingdom,UK,Champions,3. High Spend (>GBP 2k),2993.1,9,332.57,9,331.0,1317.41,1303.88,1327.42,23.54,1317.41,0,0.0403,Low Risk,1,1,Maintained VIP,Normal Alignment
15689,United Kingdom,UK,At Risk,1. Low Spend (<GBP 500),254.1,2,127.05,120,362.0,203.0,193.8,212.12,18.32,203.0,1,0.7101,Elevated Risk,0,0,Standard Tier,Normal Alignment
15690,United Kingdom,UK,Loyal Customers,1. Low Spend (<GBP 500),239.76,2,119.88,4,101.0,521.44,493.61,547.01,53.39,521.44,0,0.141,Low Risk,0,0,Standard Tier,Normal Alignment
15691,United Kingdom,UK,Hibernating / Lost,1. Low Spend (<GBP 500),136.8,1,136.8,252,253.0,156.34,148.37,163.72,15.35,156.34,1,0.9927,High Churn Risk,0,0,Standard Tier,Normal Alignment
15692,United Kingdom,UK,New Customers,1. Low Spend (<GBP 500),191.04,1,191.04,28,29.0,567.59,540.21,590.85,50.64,567.59,0,0.0032,Low Risk,0,0,Standard Tier,Normal Alignment
15694,United Kingdom,UK,Champions,3. High Spend (>GBP 2k),6479.4,14,462.81,1,373.0,2602.78,2578.16,2621.74,43.57,2602.78,0,0.0426,Low Risk,1,1,Maintained VIP,Normal Alignment
15695,United Kingdom,UK,At Risk,1. Low Spend (<GBP 500),409.98,2,204.99,267,267.0,149.56,141.93,156.62,14.69,149.56,1,0.597,Elevated Risk,0,0,Standard Tier,Normal Alignment
15696,United Kingdom,UK,Champions,3. High Spend (>GBP 2k),2711.11,8,338.89,33,327.0,1151.1,1138.63,1161.74,23.11,1151.1,0,0.0419,Low Risk,1,1,Maintained VIP,Normal Alignment
15699,United Kingdom,UK,New Customers,1. Low Spend (<GBP 500),309.65,1,309.65,18,18.0,651.79,618.48,679.68,61.2,651.79,0,0.0022,Low Risk,0,0,Standard Tier,Normal Alignment
15700,United Kingdom,UK,At Risk,2. Mid Spend (GBP 500-2k),696.68,2,348.34,172,174.0,282.97,258.44,307.02,48.58,282.97,1,0.3787,Moderate Risk,0,0,Standard Tier,Normal Alignment
15701,United Kingdom,UK,Champions,2. Mid Spend (GBP 500-2k),1529.0,4,382.25,2,111.0,1060.76,1026.53,1091.82,65.29,1060.76,0,0.0441,Low Risk,0,0,Standard Tier,Normal Alignment
15703,United Kingdom,UK,Hibernating / Lost,1. Low Spend (<GBP 500),211.5,1,211.5,265,265.0,150.49,142.82,157.6,14.78,150.49,1,0.9906,High Churn Risk,0,0,Standard Tier,Normal Alignment
15704,United Kingdom,UK,At Risk,3. High Spend (>GBP 2k),2293.62,4,573.4,140,216.0,991.57,958.95,1018.66,59.71,991.57,1,0.0908,Low Risk,0,0,Standard Tier,Normal Alignment
15705,United Kingdom,UK,Hibernating / Lost,1. Low Spend (<GBP 500),143.1,1,143.1,201,202.0,187.22,177.92,195.9,17.99,187.22,1,0.9906,High Churn Risk,0,0,Standard Tier,Normal Alignment
15706,United Kingdom,UK,Loyal Customers,2. Mid Spend (GBP 500-2k),1060.56,4,265.14,64,117.0,966.72,931.15,998.11,66.96,966.72,0,0.0581,Low Risk,0,0,Standard Tier,Normal Alignment
15707,United Kingdom,UK,Loyal Customers,2. Mid Spend (GBP 500-2k),916.98,4,229.24,35,87.0,1327.63,1286.54,1360.72,74.18,1327.63,0,0.0178,Low Risk,1,1,Maintained VIP,Normal Alignment
15708,United Kingdom,UK,Loyal Customers,3. High Spend (>GBP 2k),3235.25,7,462.18,41,370.0,1292.12,1276.91,1302.45,25.54,1292.12,0,0.066,Low Risk,1,1,Maintained VIP,Normal Alignment
15709,United Kingdom,UK,Hibernating / Lost,1. Low Spend (<GBP 500),133.25,1,133.25,284,284.0,142.09,134.83,148.77,13.94,142.09,1,0.9929,High Churn Risk,0,0,Standard Tier,Normal Alignment
15712,United Kingdom,UK,Champions,2. Mid Spend (GBP 500-2k),1072.36,5,214.47,9,288.0,573.02,555.85,590.19,34.34,573.02,0,0.1459,Low Risk,0,0,Standard Tier,Normal Alignment
15713,United Kingdom,UK,At Risk,1. Low Spend (<GBP 500),356.7,2,178.35,143,367.0,211.73,203.59,219.9,16.31,211.73,1,0.6618,Elevated Risk,0,0,Standard Tier,Normal Alignment
15714,United Kingdom,UK,Loyal Customers,1. Low Spend (<GBP 500),330.03,2,165.02,12,78.0,679.91,648.84,704.83,55.99,679.91,0,0.0129,Low Risk,0,0,Standard Tier,Normal Alignment
15716,United Kingdom,UK,At Risk,2. Mid Spend (GBP 500-2k),1101.11,4,275.28,146,370.0,378.81,365.46,391.86,26.39,378.81,1,0.3205,Moderate Risk,0,0,Standard Tier,Normal Alignment
15717,United Kingdom,UK,Hibernating / Lost,1. Low Spend (<GBP 500),150.3,1,150.3,234,235.0,166.0,157.63,173.8,16.16,166.0,1,0.9924,High Churn Risk,0,0,Standard Tier,Normal Alignment
15719,United Kingdom,UK,Champions,3. High Spend (>GBP 2k),5030.07,13,386.93,33,338.0,2156.73,2135.54,2172.09,36.55,2156.73,0,0.0279,Low Risk,1,1,Maintained VIP,Normal Alignment
15720,United Kingdom,UK,New Customers,2. Mid Spend (GBP 500-2k),598.73,1,598.73,24,25.0,595.57,566.3,620.37,54.07,595.57,0,0.0118,Low Risk,0,0,Standard Tier,Normal Alignment
15721,United Kingdom,UK,New Customers,1. Low Spend (<GBP 500),471.4,1,471.4,12,12.0,709.18,671.24,740.15,68.92,709.18,0,0.0065,Low Risk,0,0,Standard Tier,Normal Alignment
15722,United Kingdom,UK,Loyal Customers,3. High Spend (>GBP 2k),2211.21,5,442.24,36,291.0,1046.86,1020.92,1067.7,46.78,1046.86,0,0.0883,Low Risk,0,0,Standard Tier,Normal Alignment
15723,United Kingdom,UK,Hibernating / Lost,1. Low Spend (<GBP 500),190.7,1,190.7,365,365.0,114.76,108.86,120.1,11.24,114.76,1,0.9937,High Churn Risk,0,0,Standard Tier,Normal Alignment
15724,United Kingdom,UK,At Risk,1. Low Spend (<GBP 500),218.25,2,109.12,201,285.0,234.61,221.98,246.73,24.75,234.61,1,0.6438,Elevated Risk,0,0,Standard Tier,Normal Alignment
15725,United Kingdom,UK,New Customers,1. Low Spend (<GBP 500),415.25,1,415.25,15,16.0,669.86,635.12,698.77,63.65,669.86,0,0.0038,Low Risk,0,0,Standard Tier,Normal Alignment
15727,United Kingdom,UK,Champions,3. High Spend (>GBP 2k),5159.06,7,737.01,17,360.0,1605.19,1579.3,1624.2,44.9,1605.19,0,0.0499,Low Risk,1,1,Maintained VIP,Normal Alignment
15729,United Kingdom,UK,Hibernating / Lost,1. Low Spend (<GBP 500),85.0,1,85.0,213,213.0,179.57,170.67,187.94,17.27,179.57,1,0.9888,High Churn Risk,0,0,Standard Tier,Normal Alignment
15730,United Kingdom,UK,Loyal Customers,2. Mid Spend (GBP 500-2k),1120.88,3,373.63,66,207.0,633.42,620.55,643.4,22.85,633.42,0,0.1709,Low Risk,0,0,Standard Tier,Normal Alignment
15732,United Kingdom,UK,At Risk,1. Low Spend (<GBP 500),294.12,2,147.06,212,373.0,199.5,190.68,208.26,17.58,199.5,1,0.6119,Elevated Risk,0,0,Standard Tier,Normal Alignment
15733,United Kingdom,UK,Hibernating / Lost,1. Low Spend (<GBP 500),162.3,1,162.3,283,283.0,142.51,135.22,149.21,13.98,142.51,1,0.9898,High Churn Risk,0,0,Standard Tier,Normal Alignment
15734,United Kingdom,UK,At Risk,2. Mid Spend (GBP 500-2k),1339.45,2,669.73,115,201.0,649.72,621.43,676.03,54.6,649.72,1,0.5629,Elevated Risk,0,0,Standard Tier,Normal Alignment
15737,United Kingdom,UK,Champions,2. Mid Spend (GBP 500-2k),1188.12,8,148.52,15,243.0,645.7,617.58,677.57,59.99,645.7,0,0.0798,Low Risk,0,0,Standard Tier,Normal Alignment
15738,United Kingdom,UK,Champions,3. High Spend (>GBP 2k),4812.42,16,300.78,19,373.0,1946.04,1927.14,1960.55,33.41,1946.04,0,0.0312,Low Risk,1,1,Maintained VIP,Normal Alignment
15739,United Kingdom,UK,Promising,1. Low Spend (<GBP 500),449.12,1,449.12,66,67.0,392.46,374.07,408.21,34.14,392.46,0,0.0179,Low Risk,0,0,Standard Tier,Normal Alignment
15740,United Kingdom,UK,Promising,1. Low Spend (<GBP 500),154.88,1,154.88,49,50.0,455.31,433.62,473.36,39.74,455.31,0,0.0062,Low Risk,0,0,Standard Tier,Normal Alignment
15743,United Kingdom,UK,Champions,2. Mid Spend (GBP 500-2k),775.96,4,193.99,16,185.0,594.09,568.02,620.76,52.74,594.09,0,0.1187,Low Risk,0,0,Standard Tier,Normal Alignment
15744,United Kingdom,UK,About to Sleep,1. Low Spend (<GBP 500),34.8,1,34.8,78,78.0,360.27,342.73,374.83,32.1,360.27,0,0.0454,Low Risk,0,0,Standard Tier,Normal Alignment
15745,United Kingdom,UK,Champions,2. Mid Spend (GBP 500-2k),1094.59,4,273.65,19,237.0,665.93,650.03,679.56,29.53,665.93,0,0.1443,Low Risk,0,0,Standard Tier,Normal Alignment
15746,United Kingdom,UK,About to Sleep,1. Low Spend (<GBP 500),196.88,1,196.88,134,135.0,252.84,240.38,264.07,23.69,252.84,1,0.962,High Churn Risk,0,0,Standard Tier,Normal Alignment
15747,United Kingdom,UK,Loyal Customers,2. Mid Spend (GBP 500-2k),946.64,3,315.55,13,173.0,759.85,744.87,771.41,26.54,759.85,0,0.1293,Low Risk,0,0,Standard Tier,Normal Alignment
15748,United Kingdom,UK,Promising,1. Low Spend (<GBP 500),144.36,1,144.36,40,41.0,497.49,473.98,517.05,43.07,497.49,0,0.0047,Low Risk,0,0,Standard Tier,Normal Alignment
15749,United Kingdom,UK,At Risk,3. High Spend (>GBP 2k),44534.3,3,14844.77,235,333.0,7620.05,6793.79,8430.05,1636.26,7620.05,1,0.4548,Moderate Risk,1,1,Maintained VIP,Normal Alignment
15750,United Kingdom,UK,Champions,3. High Spend (>GBP 2k),2463.05,8,307.88,3,367.0,996.63,986.88,1004.07,17.19,996.63,0,0.0417,Low Risk,0,0,Standard Tier,Normal Alignment
15752,United Kingdom,UK,Loyal Customers,3. High Spend (>GBP 2k),2626.6,7,375.23,40,373.0,1075.0,1065.09,1082.26,17.17,1075.0,0,0.0647,Low Risk,0,0,Standard Tier,Normal Alignment
15753,United Kingdom,UK,Hibernating / Lost,1. Low Spend (<GBP 500),79.2,1,79.2,305,305.0,133.83,126.97,140.09,13.12,133.83,1,0.9932,High Churn Risk,0,0,Standard Tier,Normal Alignment
15754,United Kingdom,UK,Loyal Customers,1. Low Spend (<GBP 500),458.57,3,152.86,51,247.0,410.73,394.17,426.98,32.81,410.73,0,0.3609,Moderate Risk,0,0,Standard Tier,Normal Alignment
15755,United Kingdom,UK,Champions,3. High Spend (>GBP 2k),2364.25,6,394.04,10,295.0,1153.5,1139.7,1163.79,24.09,1153.5,0,0.0515,Low Risk,1,1,Maintained VIP,Normal Alignment
15756,United Kingdom,UK,Loyal Customers,2. Mid Spend (GBP 500-2k),528.01,4,132.0,61,250.0,443.39,422.53,465.48,42.96,443.39,0,0.236,Low Risk,0,0,Standard Tier,Normal Alignment
15757,United Kingdom,UK,Loyal Customers,2. Mid Spend (GBP 500-2k),714.42,2,357.21,66,218.0,458.24,446.7,467.92,21.22,458.24,0,0.4499,Moderate Risk,0,0,Standard Tier,Normal Alignment
15758,United Kingdom,UK,Potential Loyalists,1. Low Spend (<GBP 500),205.25,1,205.25,25,25.0,595.57,566.3,620.37,54.07,595.57,0,0.0031,Low Risk,0,0,Standard Tier,Normal Alignment
15759,United Kingdom,UK,At Risk,1. Low Spend (<GBP 500),253.04,3,84.35,218,359.0,225.16,209.43,242.11,32.67,225.16,1,0.6317,Elevated Risk,0,0,Standard Tier,Normal Alignment
15762,United Kingdom,UK,Loyal Customers,2. Mid Spend (GBP 500-2k),583.75,2,291.88,65,78.0,751.08,724.9,771.17,46.28,751.08,0,0.012,Low Risk,0,0,Standard Tier,Normal Alignment
15763,United Kingdom,UK,Loyal Customers,2. Mid Spend (GBP 500-2k),1086.92,2,543.46,32,78.0,1048.27,1011.81,1079.05,67.23,1048.27,0,0.0089,Low Risk,0,0,Standard Tier,Normal Alignment
15764,United Kingdom,UK,Cannot Lose Them,3. High Spend (>GBP 2k),3279.97,6,546.66,88,277.0,1216.16,1180.68,1245.26,64.58,1216.16,0,0.0508,Low Risk,1,1,Maintained VIP,Normal Alignment
15766,United Kingdom,UK,Need Attention,1. Low Spend (<GBP 500),315.06,1,315.06,64,65.0,398.93,380.34,414.88,34.54,398.93,0,0.0119,Low Risk,0,0,Standard Tier,Normal Alignment
15768,United Kingdom,UK,At Risk,2. Mid Spend (GBP 500-2k),621.83,3,207.28,116,226.0,389.53,368.57,409.57,41.0,389.53,1,0.2999,Moderate Risk,0,0,Standard Tier,Normal Alignment
15769,United Kingdom,UK,Champions,3. High Spend (>GBP 2k),56252.72,26,2163.57,7,372.0,22496.71,22168.33,22746.48,578.15,22496.71,0,0.0504,Low Risk,1,1,Maintained VIP,Normal Alignment
15773,United Kingdom,UK,Potential Loyalists,2. Mid Spend (GBP 500-2k),635.68,1,635.68,6,6.0,777.64,733.48,814.41,80.92,777.64,0,0.0122,Low Risk,0,0,Standard Tier,Normal Alignment
15774,United Kingdom,UK,Need Attention,1. Low Spend (<GBP 500),270.8,1,270.8,69,69.0,386.18,367.92,401.69,33.77,386.18,0,0.0187,Low Risk,0,0,Standard Tier,Normal Alignment
15775,United Kingdom,UK,Hibernating / Lost,1. Low Spend (<GBP 500),104.9,1,104.9,245,246.0,159.96,151.83,167.5,15.66,159.96,1,0.9914,High Churn Risk,0,0,Standard Tier,Normal Alignment
15776,United Kingdom,UK,About to Sleep,1. Low Spend (<GBP 500),241.62,1,241.62,133,134.0,254.17,241.64,265.44,23.8,254.17,1,0.9761,High Churn Risk,0,0,Standard Tier,Normal Alignment
15777,United Kingdom,UK,At Risk,2. Mid Spend (GBP 500-2k),1047.11,4,261.78,241,362.0,408.52,401.23,414.38,13.15,408.52,1,0.3065,Moderate Risk,0,0,Standard Tier,Normal Alignment
15780,United Kingdom,UK,At Risk,1. Low Spend (<GBP 500),475.28,3,158.43,184,358.0,276.26,263.38,289.67,26.29,276.26,1,0.5328,Elevated Risk,0,0,Standard Tier,Normal Alignment
15781,United Kingdom,UK,Champions,1. Low Spend (<GBP 500),345.46,3,115.15,25,306.0,301.3,285.36,317.54,32.18,301.3,0,0.5221,Elevated Risk,0,0,Standard Tier,Normal Alignment
15782,United Kingdom,UK,Champions,3. High Spend (>GBP 2k),2614.74,3,871.58,10,90.0,1465.58,1423.91,1497.89,73.98,1465.58,0,0.0208,Low Risk,1,1,Maintained VIP,Normal Alignment
15783,United Kingdom,UK,Potential Loyalists,1. Low Spend (<GBP 500),246.3,1,246.3,11,11.0,719.74,680.92,751.21,70.29,719.74,0,0.0027,Low Risk,0,0,Standard Tier,Normal Alignment
15785,United Kingdom,UK,Champions,3. High Spend (>GBP 2k),2328.97,5,465.79,33,296.0,819.75,807.06,829.24,22.18,819.75,0,0.0891,Low Risk,0,0,Standard Tier,Normal Alignment
15786,United Kingdom,UK,Loyal Customers,3. High Spend (>GBP 2k),4919.0,3,1639.67,46,115.0,1771.49,1635.03,1893.97,258.94,1771.49,0,0.0432,Low Risk,1,1,Maintained VIP,Normal Alignment
15787,United Kingdom,UK,Champions,2. Mid Spend (GBP 500-2k),933.26,3,311.09,26,62.0,1064.52,1028.56,1091.25,62.69,1064.52,0,0.0119,Low Risk,0,0,Standard Tier,Normal Alignment
15789,United Kingdom,UK,Hibernating / Lost,1. Low Spend (<GBP 500),351.3,1,351.3,358,359.0,116.42,110.43,121.83,11.4,116.42,1,0.9805,High Churn Risk,0,0,Standard Tier,Normal Alignment
15790,United Kingdom,UK,Potential Loyalists,1. Low Spend (<GBP 500),218.75,1,218.75,10,11.0,719.74,680.92,751.21,70.29,719.74,0,0.0022,Low Risk,0,0,Standard Tier,Normal Alignment
15791,United Kingdom,UK,Loyal Customers,2. Mid Spend (GBP 500-2k),1612.69,2,806.34,44,205.0,448.24,438.24,456.21,17.97,448.24,0,0.5066,Elevated Risk,0,0,Standard Tier,Normal Alignment
15793,United Kingdom,UK,Champions,2. Mid Spend (GBP 500-2k),965.61,3,321.87,15,269.0,515.14,505.88,523.13,17.25,515.14,0,0.3435,Moderate Risk,0,0,Standard Tier,Normal Alignment
15795,United Kingdom,UK,About to Sleep,2. Mid Spend (GBP 500-2k),610.01,1,610.01,150,150.0,234.45,222.88,244.98,22.11,234.45,1,0.9149,High Churn Risk,0,0,Standard Tier,Normal Alignment
15796,United Kingdom,UK,Champions,3. High Spend (>GBP 2k),2708.61,8,338.58,1,303.0,1294.96,1281.21,1306.48,25.27,1294.96,0,0.044,Low Risk,1,1,Maintained VIP,Normal Alignment
15797,United Kingdom,UK,At Risk,3. High Spend (>GBP 2k),2207.4,4,551.85,113,320.0,1090.75,1058.88,1116.05,57.17,1090.75,1,0.2098,Low Risk,1,0,Demoted from VIP,Normal Alignment
15799,United Kingdom,UK,At Risk,2. Mid Spend (GBP 500-2k),884.14,3,294.71,76,335.0,392.47,383.71,400.88,17.18,392.47,0,0.3832,Moderate Risk,0,0,Standard Tier,Normal Alignment
15800,United Kingdom,UK,At Risk,2. Mid Spend (GBP 500-2k),696.89,2,348.44,107,247.0,414.1,403.71,422.83,19.12,414.1,1,0.4803,Moderate Risk,0,0,Standard Tier,Normal Alignment
15801,United Kingdom,UK,Loyal Customers,2. Mid Spend (GBP 500-2k),1063.95,3,354.65,46,110.0,1245.18,1213.68,1268.34,54.66,1245.18,0,0.0633,Low Risk,1,1,Maintained VIP,Normal Alignment
15802,United Kingdom,UK,About to Sleep,1. Low Spend (<GBP 500),451.42,1,451.42,143,143.0,242.69,230.71,253.53,22.82,242.69,1,0.9582,High Churn Risk,0,0,Standard Tier,Normal Alignment
15803,United Kingdom,UK,Need Attention,1. Low Spend (<GBP 500),415.82,1,415.82,51,52.0,446.89,425.56,464.71,39.14,446.89,0,0.0063,Low Risk,0,0,Standard Tier,Normal Alignment
15804,United Kingdom,UK,Champions,3. High Spend (>GBP 2k),4206.39,13,323.57,1,199.0,2730.51,2689.68,2764.19,74.51,2730.51,0,0.0282,Low Risk,1,1,Maintained VIP,Normal Alignment
15805,United Kingdom,UK,Champions,3. High Spend (>GBP 2k),5488.18,17,322.83,23,365.0,2225.35,2205.17,2240.12,34.94,2225.35,0,0.0327,Low Risk,1,1,Maintained VIP,Normal Alignment
15806,United Kingdom,UK,Loyal Customers,2. Mid Spend (GBP 500-2k),784.58,3,261.53,46,277.0,425.6,413.83,437.52,23.69,425.6,0,0.3622,Moderate Risk,0,0,Standard Tier,Normal Alignment
15807,United Kingdom,UK,Loyal Customers,2. Mid Spend (GBP 500-2k),903.9,3,301.3,50,78.0,750.94,724.78,771.03,46.26,750.94,0,0.0152,Low Risk,0,0,Standard Tier,Normal Alignment
15808,United Kingdom,UK,At Risk,3. High Spend (>GBP 2k),3651.27,4,912.82,306,370.0,1145.03,1106.5,1176.4,69.9,1145.03,1,0.2992,Moderate Risk,1,1,Maintained VIP,Normal Alignment
15809,United Kingdom,UK,Loyal Customers,2. Mid Spend (GBP 500-2k),515.77,5,103.15,36,303.0,349.31,326.74,375.46,48.73,349.31,0,0.2838,Moderate Risk,0,0,Standard Tier,Normal Alignment
15810,United Kingdom,UK,At Risk,2. Mid Spend (GBP 500-2k),1391.98,4,348.0,79,297.0,649.71,639.84,657.39,17.55,649.71,0,0.178,Low Risk,0,0,Standard Tier,Normal Alignment
15811,United Kingdom,UK,Champions,3. High Spend (>GBP 2k),2218.62,6,369.77,22,366.0,913.67,904.73,920.63,15.9,913.67,0,0.0973,Low Risk,0,0,Standard Tier,Normal Alignment
15812,United Kingdom,UK,At Risk,2. Mid Spend (GBP 500-2k),1801.14,5,360.23,107,318.0,856.99,847.22,864.67,17.45,856.99,1,0.146,Low Risk,0,0,Standard Tier,Normal Alignment
15813,United Kingdom,UK,At Risk,2. Mid Spend (GBP 500-2k),1303.91,2,651.95,208,240.0,460.67,448.22,471.84,23.62,460.67,1,0.5183,Elevated Risk,0,0,Standard Tier,Normal Alignment
15814,United Kingdom,UK,Champions,2. Mid Spend (GBP 500-2k),1945.33,4,486.33,17,51.0,1790.29,1730.17,1836.82,106.65,1790.29,0,0.013,Low Risk,1,1,Maintained VIP,Normal Alignment
15815,United Kingdom,UK,Loyal Customers,3. High Spend (>GBP 2k),2100.6,5,420.12,64,260.0,1072.63,1058.01,1083.72,25.71,1072.63,0,0.0755,Low Risk,0,0,Standard Tier,Normal Alignment
15819,United Kingdom,UK,Loyal Customers,2. Mid Spend (GBP 500-2k),1905.45,4,476.36,49,277.0,804.47,792.94,813.08,20.15,804.47,0,0.1156,Low Risk,0,0,Standard Tier,Normal Alignment
15820,United Kingdom,UK,Hibernating / Lost,1. Low Spend (<GBP 500),206.98,1,206.98,320,320.0,128.49,121.9,134.49,12.58,128.49,1,0.9954,High Churn Risk,0,0,Standard Tier,Normal Alignment
15821,United Kingdom,UK,Loyal Customers,2. Mid Spend (GBP 500-2k),570.96,2,285.48,44,62.0,907.9,876.71,931.2,54.49,907.9,0,0.0091,Low Risk,0,0,Standard Tier,Normal Alignment
15822,United Kingdom,UK,Loyal Customers,2. Mid Spend (GBP 500-2k),885.47,2,442.74,3,360.0,299.35,291.77,305.62,13.85,299.35,0,0.5398,Elevated Risk,0,0,Standard Tier,Normal Alignment
15823,United Kingdom,UK,Hibernating / Lost,1. Low Spend (<GBP 500),15.0,1,15.0,372,373.0,112.62,106.83,117.87,11.04,112.62,1,0.9713,High Churn Risk,0,0,Standard Tier,Normal Alignment
15825,United Kingdom,UK,About to Sleep,2. Mid Spend (GBP 500-2k),532.94,1,532.94,172,173.0,210.91,200.45,220.54,20.09,210.91,1,0.942,High Churn Risk,0,0,Standard Tier,Normal Alignment
15826,United Kingdom,UK,Loyal Customers,2. Mid Spend (GBP 500-2k),1654.31,3,551.44,56,211.0,712.88,675.75,746.38,70.63,712.88,0,0.1341,Low Risk,0,0,Standard Tier,Normal Alignment
15827,United Kingdom,UK,Cannot Lose Them,2. Mid Spend (GBP 500-2k),1836.09,14,131.15,73,373.0,823.36,805.05,842.78,37.72,823.36,0,0.0756,Low Risk,0,0,Standard Tier,Normal Alignment
15829,United Kingdom,UK,At Risk,2. Mid Spend (GBP 500-2k),636.14,2,318.07,99,141.0,539.95,525.81,551.56,25.75,539.95,1,0.3375,Moderate Risk,0,0,Standard Tier,Normal Alignment
15830,United Kingdom,UK,Need Attention,2. Mid Spend (GBP 500-2k),576.0,1,576.0,38,38.0,513.34,489.04,533.72,44.68,513.34,0,0.0109,Low Risk,0,0,Standard Tier,Normal Alignment
15831,United Kingdom,UK,Loyal Customers,2. Mid Spend (GBP 500-2k),794.64,3,264.88,58,325.0,372.19,362.24,382.48,20.23,372.19,0,0.4163,Moderate Risk,0,0,Standard Tier,Normal Alignment
15832,United Kingdom,UK,Hibernating / Lost,2. Mid Spend (GBP 500-2k),836.79,1,836.79,254,255.0,155.33,147.42,162.67,15.26,155.33,1,0.9402,High Churn Risk,0,0,Standard Tier,Normal Alignment
15834,United Kingdom,UK,Loyal Customers,3. High Spend (>GBP 2k),2225.15,4,556.29,70,278.0,630.44,618.96,640.21,21.25,630.44,0,0.1194,Low Risk,0,0,Standard Tier,Normal Alignment
15835,United Kingdom,UK,Loyal Customers,2. Mid Spend (GBP 500-2k),954.09,4,238.52,44,331.0,449.21,436.01,462.51,26.5,449.21,0,0.2077,Low Risk,0,0,Standard Tier,Normal Alignment
15836,United Kingdom,UK,Need Attention,1. Low Spend (<GBP 500),137.37,1,137.37,50,51.0,451.06,429.56,468.99,39.44,451.06,0,0.0123,Low Risk,0,0,Standard Tier,Normal Alignment
15837,United Kingdom,UK,Need Attention,1. Low Spend (<GBP 500),391.98,1,391.98,65,65.0,398.93,380.34,414.88,34.54,398.93,0,0.0136,Low Risk,0,0,Standard Tier,Normal Alignment
15838,United Kingdom,UK,Champions,3. High Spend (>GBP 2k),33643.08,19,1770.69,11,368.0,13159.32,12908.93,13355.81,446.88,13159.32,0,0.041,Low Risk,1,1,Maintained VIP,Normal Alignment
15839,United Kingdom,UK,Champions,2. Mid Spend (GBP 500-2k),1048.49,3,349.5,33,149.0,881.24,864.23,894.6,30.37,881.24,0,0.0668,Low Risk,0,0,Standard Tier,Normal Alignment
15840,United Kingdom,UK,Loyal Customers,1. Low Spend (<GBP 500),355.56,2,177.78,59,173.0,348.82,328.86,366.89,38.03,348.82,0,0.3511,Moderate Risk,0,0,Standard Tier,Normal Alignment
15841,United Kingdom,UK,At Risk,2. Mid Spend (GBP 500-2k),1224.06,4,306.02,73,339.0,533.17,523.71,541.82,18.1,533.17,0,0.235,Low Risk,0,0,Standard Tier,Normal Alignment
15843,United Kingdom,UK,Hibernating / Lost,1. Low Spend (<GBP 500),118.95,1,118.95,304,304.0,134.2,127.33,140.48,13.15,134.2,1,0.9881,High Churn Risk,0,0,Standard Tier,Normal Alignment
15844,United Kingdom,UK,Need Attention,1. Low Spend (<GBP 500),130.74,1,130.74,46,47.0,468.55,446.28,486.96,40.68,468.55,0,0.0112,Low Risk,0,0,Standard Tier,Normal Alignment
15845,United Kingdom,UK,Champions,3. High Spend (>GBP 2k),3711.77,8,463.97,18,338.0,1612.96,1594.31,1626.6,32.29,1612.96,0,0.0445,Low Risk,1,1,Maintained VIP,Normal Alignment
15847,United Kingdom,UK,Loyal Customers,1. Low Spend (<GBP 500),389.27,2,194.64,38,289.0,268.57,259.05,278.04,18.99,268.57,0,0.5655,Elevated Risk,0,0,Standard Tier,Normal Alignment
15850,United Kingdom,UK,Loyal Customers,1. Low Spend (<GBP 500),234.88,2,117.44,19,169.0,357.95,338.0,376.13,38.14,357.95,0,0.3339,Moderate Risk,0,0,Standard Tier,Normal Alignment
15852,United Kingdom,UK,At Risk,1. Low Spend (<GBP 500),160.71,2,80.36,187,198.0,284.66,265.18,303.59,38.4,284.66,1,0.6137,Elevated Risk,0,0,Standard Tier,Normal Alignment
15853,United Kingdom,UK,Need Attention,1. Low Spend (<GBP 500),110.8,1,110.8,52,52.0,446.89,425.56,464.71,39.14,446.89,0,0.0173,Low Risk,0,0,Standard Tier,Normal Alignment
15854,United Kingdom,UK,Champions,3. High Spend (>GBP 2k),2969.12,12,247.43,4,362.0,1274.31,1261.84,1285.15,23.32,1274.31,0,0.0388,Low Risk,1,1,Maintained VIP,Normal Alignment
15855,United Kingdom,UK,At Risk,2. Mid Spend (GBP 500-2k),712.24,5,142.45,137,264.0,539.18,518.94,561.24,42.29,539.18,1,0.1834,Low Risk,0,0,Standard Tier,Normal Alignment
15856,United Kingdom,UK,Champions,3. High Spend (>GBP 2k),16143.64,27,597.91,4,366.0,6056.94,5986.87,6115.88,129.01,6056.94,0,0.0344,Low Risk,1,1,Maintained VIP,Normal Alignment
15857,United Kingdom,UK,Potential Loyalists,1. Low Spend (<GBP 500),297.0,1,297.0,19,19.0,643.12,610.48,670.52,60.04,643.12,0,0.0036,Low Risk,0,0,Standard Tier,Normal Alignment
15858,United Kingdom,UK,Champions,2. Mid Spend (GBP 500-2k),1427.57,5,285.51,16,368.0,565.6,554.55,576.17,21.63,565.6,0,0.1709,Low Risk,0,0,Standard Tier,Normal Alignment
15860,United Kingdom,UK,Loyal Customers,2. Mid Spend (GBP 500-2k),965.16,8,120.64,41,369.0,516.18,496.78,538.68,41.9,516.18,0,0.1405,Low Risk,0,0,Standard Tier,Normal Alignment
15861,United Kingdom,UK,Champions,3. High Spend (>GBP 2k),3146.92,8,393.36,12,268.0,1437.87,1416.6,1452.48,35.88,1437.87,0,0.0364,Low Risk,1,1,Maintained VIP,Normal Alignment
15862,United Kingdom,UK,Champions,2. Mid Spend (GBP 500-2k),832.88,4,208.22,8,374.0,342.07,327.53,356.82,29.28,342.07,0,0.3303,Moderate Risk,0,0,Standard Tier,Normal Alignment
15863,United Kingdom,UK,Loyal Customers,1. Low Spend (<GBP 500),68.84,2,34.42,26,193.0,291.53,271.67,310.74,39.07,291.53,0,0.476,Moderate Risk,0,0,Standard Tier,Normal Alignment
15864,United Kingdom,UK,Champions,2. Mid Spend (GBP 500-2k),1936.32,6,322.72,22,317.0,932.84,921.35,941.77,20.41,932.84,0,0.1048,Low Risk,0,0,Standard Tier,Normal Alignment
15865,United Kingdom,UK,Loyal Customers,2. Mid Spend (GBP 500-2k),895.13,3,298.38,41,214.0,577.67,564.34,588.95,24.61,577.67,0,0.2264,Low Risk,0,0,Standard Tier,Normal Alignment
15866,United Kingdom,UK,About to Sleep,1. Low Spend (<GBP 500),211.89,1,211.89,101,102.0,305.6,290.82,318.66,27.85,305.6,1,0.9479,High Churn Risk,0,0,Standard Tier,Normal Alignment
15867,United Kingdom,UK,Champions,3. High Spend (>GBP 2k),3810.14,15,254.01,5,370.0,1650.01,1631.84,1664.76,32.91,1650.01,0,0.0322,Low Risk,1,1,Maintained VIP,Normal Alignment
15869,United Kingdom,UK,At Risk,1. Low Spend (<GBP 500),149.64,2,74.82,277,278.0,144.64,137.25,151.45,14.2,144.64,1,0.601,Elevated Risk,0,0,Standard Tier,Normal Alignment
15870,United Kingdom,UK,Potential Loyalists,1. Low Spend (<GBP 500),351.44,1,351.44,33,33.0,542.13,516.34,564.98,48.64,542.13,0,0.0074,Low Risk,0,0,Standard Tier,Normal Alignment
15872,United Kingdom,UK,Loyal Customers,1. Low Spend (<GBP 500),316.25,2,158.12,15,15.0,679.28,643.78,708.72,64.94,679.28,0,0.006,Low Risk,0,0,Standard Tier,Normal Alignment
15874,United Kingdom,UK,Loyal Customers,3. High Spend (>GBP 2k),4405.88,7,629.41,64,285.0,2019.15,1971.83,2056.54,84.72,2019.15,0,0.0366,Low Risk,1,1,Maintained VIP,Normal Alignment
15877,United Kingdom,UK,Loyal Customers,1. Low Spend (<GBP 500),490.33,2,245.17,2,18.0,1327.19,1259.12,1378.71,119.59,1327.19,0,0.0058,Low Risk,1,1,Maintained VIP,Normal Alignment
15880,United Kingdom,UK,Hibernating / Lost,1. Low Spend (<GBP 500),329.03,1,329.03,369,370.0,113.41,107.58,118.7,11.12,113.41,1,0.9875,High Churn Risk,0,0,Standard Tier,Normal Alignment
15881,United Kingdom,UK,At Risk,2. Mid Spend (GBP 500-2k),501.39,5,100.28,312,365.0,302.69,291.21,313.75,22.54,302.69,1,0.4379,Moderate Risk,0,0,Standard Tier,Normal Alignment
15882,United Kingdom,UK,At Risk,2. Mid Spend (GBP 500-2k),516.36,4,129.09,199,369.0,197.9,188.67,206.99,18.32,197.9,1,0.4724,Moderate Risk,0,0,Standard Tier,Normal Alignment
15883,United Kingdom,UK,Loyal Customers,1. Low Spend (<GBP 500),396.48,2,198.24,2,34.0,1094.18,1048.28,1132.14,83.85,1094.18,0,0.0059,Low Risk,1,1,Maintained VIP,Normal Alignment
15885,United Kingdom,UK,At Risk,1. Low Spend (<GBP 500),379.35,3,126.45,93,310.0,339.09,325.44,352.6,27.16,339.09,1,0.6362,Elevated Risk,0,0,Standard Tier,Normal Alignment
15886,United Kingdom,UK,Need Attention,1. Low Spend (<GBP 500),181.09,1,181.09,60,61.0,412.56,393.24,428.94,35.7,412.56,0,0.014,Low Risk,0,0,Standard Tier,Normal Alignment
15888,United Kingdom,UK,About to Sleep,1. Low Spend (<GBP 500),168.31,1,168.31,81,81.0,352.39,335.2,366.7,31.5,352.39,0,0.046,Low Risk,0,0,Standard Tier,Normal Alignment
15889,United Kingdom,UK,At Risk,1. Low Spend (<GBP 500),420.07,2,210.04,157,370.0,198.37,189.25,207.37,18.12,198.37,1,0.5181,Elevated Risk,0,0,Standard Tier,Normal Alignment
15891,United Kingdom,UK,Hibernating / Lost,2. Mid Spend (GBP 500-2k),511.68,1,511.68,227,227.0,170.69,162.14,178.69,16.55,170.69,1,0.9606,High Churn Risk,0,0,Standard Tier,Normal Alignment
15894,United Kingdom,UK,At Risk,1. Low Spend (<GBP 500),258.25,2,129.12,253,370.0,185.35,175.06,195.26,20.2,185.35,1,0.5543,Elevated Risk,0,0,Standard Tier,Normal Alignment
15895,United Kingdom,UK,About to Sleep,1. Low Spend (<GBP 500),179.17,1,179.17,150,150.0,234.45,222.88,244.98,22.11,234.45,1,0.9817,High Churn Risk,0,0,Standard Tier,Normal Alignment
15897,United Kingdom,UK,At Risk,1. Low Spend (<GBP 500),208.59,2,104.3,194,195.0,192.44,182.8,201.33,18.53,192.44,1,0.5317,Elevated Risk,0,0,Standard Tier,Normal Alignment
15898,United Kingdom,UK,Champions,2. Mid Spend (GBP 500-2k),1383.83,5,276.77,1,369.0,550.4,539.16,561.68,22.52,550.4,0,0.1876,Low Risk,0,0,Standard Tier,Normal Alignment
15899,United Kingdom,UK,Hibernating / Lost,1. Low Spend (<GBP 500),56.25,1,56.25,369,369.0,113.68,107.83,118.97,11.14,113.68,1,0.9888,High Churn Risk,0,0,Standard Tier,Normal Alignment
15900,United Kingdom,UK,Potential Loyalists,1. Low Spend (<GBP 500),337.28,1,337.28,24,24.0,603.0,573.05,628.2,55.15,603.0,0,0.0043,Low Risk,0,0,Standard Tier,Normal Alignment
15901,United Kingdom,UK,Champions,1. Low Spend (<GBP 500),351.73,3,117.24,17,155.0,502.23,475.09,529.49,54.4,502.23,0,0.198,Low Risk,0,0,Standard Tier,Normal Alignment
15903,United Kingdom,UK,Champions,3. High Spend (>GBP 2k),5126.76,7,732.39,10,296.0,2505.96,2449.12,2549.98,100.86,2505.96,0,0.0435,Low Risk,1,1,Maintained VIP,Normal Alignment
15904,United Kingdom,UK,Potential Loyalists,1. Low Spend (<GBP 500),164.68,1,164.68,8,9.0,741.83,701.14,775.03,73.89,741.83,0,0.0019,Low Risk,0,0,Standard Tier,Normal Alignment
15906,United Kingdom,UK,Champions,2. Mid Spend (GBP 500-2k),1567.69,7,223.96,20,256.0,825.41,810.43,837.79,27.36,825.41,0,0.0739,Low Risk,0,0,Standard Tier,Normal Alignment
15907,United Kingdom,UK,Champions,2. Mid Spend (GBP 500-2k),882.72,3,294.24,4,211.0,627.35,614.99,637.01,22.02,627.35,0,0.2022,Low Risk,0,0,Standard Tier,Normal Alignment
15909,United Kingdom,UK,About to Sleep,1. Low Spend (<GBP 500),191.94,1,191.94,174,174.0,210.0,199.57,219.59,20.02,210.0,1,0.9836,High Churn Risk,0,0,Standard Tier,Normal Alignment
15910,United Kingdom,UK,Champions,2. Mid Spend (GBP 500-2k),1228.88,8,153.61,1,317.0,683.16,662.67,705.37,42.69,683.16,0,0.0791,Low Risk,0,0,Standard Tier,Normal Alignment
15912,United Kingdom,UK,At Risk,1. Low Spend (<GBP 500),264.62,2,132.31,178,234.0,279.81,264.87,293.8,28.93,279.81,1,0.5603,Elevated Risk,0,0,Standard Tier,Normal Alignment
15916,United Kingdom,UK,Champions,2. Mid Spend (GBP 500-2k),1502.86,8,187.86,16,367.0,670.27,656.04,685.01,28.97,670.27,0,0.1054,Low Risk,0,0,Standard Tier,Normal Alignment
15917,United Kingdom,UK,Hibernating / Lost,1. Low Spend (<GBP 500),123.1,1,123.1,248,248.0,158.91,150.83,166.4,15.57,158.91,1,0.9909,High Churn Risk,0,0,Standard Tier,Normal Alignment
15918,United Kingdom,UK,At Risk,1. Low Spend (<GBP 500),334.23,2,167.12,191,272.0,275.77,265.29,286.2,20.91,275.77,1,0.6313,Elevated Risk,0,0,Standard Tier,Normal Alignment
15919,United Kingdom,UK,Loyal Customers,2. Mid Spend (GBP 500-2k),525.69,2,262.85,20,369.0,250.67,244.07,256.23,12.17,250.67,0,0.445,Moderate Risk,0,0,Standard Tier,Normal Alignment
15920,United Kingdom,UK,At Risk,1. Low Spend (<GBP 500),167.5,4,41.88,154,155.0,228.89,217.59,239.22,21.63,228.89,1,0.4728,Moderate Risk,0,0,Standard Tier,Normal Alignment
15921,United Kingdom,UK,About to Sleep,1. Low Spend (<GBP 500),323.03,1,323.03,173,173.0,210.91,200.45,220.54,20.09,210.91,1,0.9669,High Churn Risk,0,0,Standard Tier,Normal Alignment
15922,United Kingdom,UK,Hibernating / Lost,1. Low Spend (<GBP 500),369.5,1,369.5,373,374.0,112.36,106.58,117.6,11.02,112.36,1,0.9954,High Churn Risk,0,0,Standard Tier,Normal Alignment
15923,United Kingdom,UK,Hibernating / Lost,1. Low Spend (<GBP 500),127.08,1,127.08,373,373.0,112.62,106.83,117.87,11.04,112.62,1,0.993,High Churn Risk,0,0,Standard Tier,Normal Alignment
15925,United Kingdom,UK,Hibernating / Lost,1. Low Spend (<GBP 500),207.15,1,207.15,194,195.0,192.44,182.8,201.33,18.53,192.44,1,0.9954,High Churn Risk,0,0,Standard Tier,Normal Alignment
15930,United Kingdom,UK,Need Attention,1. Low Spend (<GBP 500),426.63,1,426.63,67,68.0,389.29,370.97,404.95,33.99,389.29,0,0.0202,Low Risk,0,0,Standard Tier,Normal Alignment
15932,United Kingdom,UK,Champions,3. High Spend (>GBP 2k),2495.87,8,311.98,4,290.0,1255.47,1240.81,1267.73,26.92,1255.47,0,0.0391,Low Risk,1,1,Maintained VIP,Normal Alignment
15933,United Kingdom,UK,Champions,2. Mid Spend (GBP 500-2k),1107.46,3,369.15,21,87.0,1207.77,1176.47,1232.71,56.24,1207.77,0,0.0117,Low Risk,1,1,Maintained VIP,Normal Alignment
15935,United Kingdom,UK,At Risk,1. Low Spend (<GBP 500),416.86,2,208.43,239,242.0,265.48,250.49,279.55,29.05,265.48,1,0.6549,Elevated Risk,0,0,Standard Tier,Normal Alignment
15937,United Kingdom,UK,Need Attention,1. Low Spend (<GBP 500),145.35,1,145.35,64,65.0,398.93,380.34,414.88,34.54,398.93,0,0.0126,Low Risk,0,0,Standard Tier,Normal Alignment
15938,United Kingdom,UK,At Risk,1. Low Spend (<GBP 500),404.58,5,80.92,112,324.0,335.28,313.98,359.82,45.84,335.28,1,0.4621,Moderate Risk,0,0,Standard Tier,Normal Alignment
15939,United Kingdom,UK,Cannot Lose Them,3. High Spend (>GBP 2k),6115.01,15,407.67,90,332.0,2529.47,2503.98,2547.36,43.39,2529.47,0,0.0501,Low Risk,1,1,Maintained VIP,Normal Alignment
15940,United Kingdom,UK,Hibernating / Lost,1. Low Spend (<GBP 500),35.8,1,35.8,311,312.0,131.28,124.55,137.42,12.86,131.28,1,0.9763,High Churn Risk,0,0,Standard Tier,Normal Alignment
15942,United Kingdom,UK,About to Sleep,1. Low Spend (<GBP 500),337.44,1,337.44,134,134.0,254.17,241.64,265.44,23.8,254.17,1,0.9571,High Churn Risk,0,0,Standard Tier,Normal Alignment
15944,United Kingdom,UK,Hibernating / Lost,1. Low Spend (<GBP 500),325.1,1,325.1,277,277.0,145.07,137.66,151.9,14.24,145.07,1,0.9911,High Churn Risk,0,0,Standard Tier,Normal Alignment
15945,United Kingdom,UK,Hibernating / Lost,1. Low Spend (<GBP 500),181.0,1,181.0,365,366.0,114.49,108.6,119.82,11.22,114.49,1,0.9843,High Churn Risk,0,0,Standard Tier,Normal Alignment
15947,United Kingdom,UK,About to Sleep,2. Mid Spend (GBP 500-2k),1708.24,1,1708.24,83,83.0,347.33,330.37,361.47,31.11,347.33,0,0.0423,Low Risk,0,0,Standard Tier,Normal Alignment
15948,United Kingdom,UK,Loyal Customers,2. Mid Spend (GBP 500-2k),955.24,2,477.62,8,44.0,1063.31,1026.0,1093.7,67.7,1063.31,0,0.0083,Low Risk,0,0,Standard Tier,Normal Alignment
15949,United Kingdom,UK,Loyal Customers,1. Low Spend (<GBP 500),364.72,2,182.36,17,72.0,638.3,602.32,669.36,67.04,638.3,0,0.0078,Low Risk,0,0,Standard Tier,Normal Alignment
15950,United Kingdom,UK,Champions,2. Mid Spend (GBP 500-2k),1744.71,4,436.18,32,360.0,662.5,653.58,668.98,15.4,662.5,0,0.2397,Low Risk,0,0,Standard Tier,Normal Alignment
15951,United Kingdom,UK,Loyal Customers,2. Mid Spend (GBP 500-2k),708.22,2,354.11,9,286.0,319.92,311.45,326.46,15.02,319.92,0,0.5434,Elevated Risk,0,0,Standard Tier,Normal Alignment
15952,United Kingdom,UK,Loyal Customers,2. Mid Spend (GBP 500-2k),781.91,4,195.48,34,226.0,559.93,539.9,579.78,39.89,559.93,0,0.1498,Low Risk,0,0,Standard Tier,Normal Alignment
15953,United Kingdom,UK,Champions,2. Mid Spend (GBP 500-2k),1657.28,8,207.16,15,370.0,740.22,725.58,755.68,30.09,740.22,0,0.0751,Low Risk,0,0,Standard Tier,Normal Alignment
15955,United Kingdom,UK,Champions,3. High Spend (>GBP 2k),4416.26,14,315.45,24,373.0,1667.87,1652.36,1679.42,27.06,1667.87,0,0.0314,Low Risk,1,1,Maintained VIP,Normal Alignment
15957,United Kingdom,UK,Potential Loyalists,1. Low Spend (<GBP 500),428.89,1,428.89,32,32.0,548.28,522.17,571.32,49.15,548.28,0,0.0048,Low Risk,0,0,Standard Tier,Normal Alignment
15958,United Kingdom,UK,About to Sleep,1. Low Spend (<GBP 500),104.35,1,104.35,74,75.0,368.52,350.61,383.33,32.71,368.52,0,0.0201,Low Risk,0,0,Standard Tier,Normal Alignment
15963,United Kingdom,UK,Loyal Customers,1. Low Spend (<GBP 500),470.76,2,235.38,20,46.0,883.89,840.38,917.5,77.12,883.89,0,0.0092,Low Risk,0,0,Standard Tier,Normal Alignment
15965,United Kingdom,UK,Champions,2. Mid Spend (GBP 500-2k),808.87,4,202.22,17,368.0,392.72,385.99,398.99,13.0,392.72,0,0.2875,Moderate Risk,0,0,Standard Tier,Normal Alignment
15967,United Kingdom,UK,Loyal Customers,1. Low Spend (<GBP 500),397.68,2,198.84,23,319.0,256.86,248.64,265.3,16.66,256.86,0,0.49,Moderate Risk,0,0,Standard Tier,Normal Alignment
15969,United Kingdom,UK,Champions,2. Mid Spend (GBP 500-2k),666.1,3,222.03,3,186.0,508.5,488.04,529.48,41.44,508.5,0,0.2081,Low Risk,0,0,Standard Tier,Normal Alignment
15970,United Kingdom,UK,Hibernating / Lost,1. Low Spend (<GBP 500),314.1,1,314.1,304,304.0,134.2,127.33,140.48,13.15,134.2,1,0.9946,High Churn Risk,0,0,Standard Tier,Normal Alignment
15971,United Kingdom,UK,Champions,3. High Spend (>GBP 2k),4199.85,12,349.99,18,312.0,1769.56,1750.37,1783.72,33.35,1769.56,0,0.0605,Low Risk,1,1,Maintained VIP,Normal Alignment
15973,United Kingdom,UK,Hibernating / Lost,1. Low Spend (<GBP 500),307.82,1,307.82,367,367.0,114.22,108.34,119.54,11.19,114.22,1,0.9944,High Churn Risk,0,0,Standard Tier,Normal Alignment
15974,United Kingdom,UK,Loyal Customers,3. High Spend (>GBP 2k),3442.15,7,491.74,39,289.0,1480.29,1462.56,1493.07,30.5,1480.29,0,0.0385,Low Risk,1,1,Maintained VIP,Normal Alignment
15975,United Kingdom,UK,About to Sleep,1. Low Spend (<GBP 500),371.01,1,371.01,84,85.0,342.41,325.67,356.39,30.73,342.41,0,0.0347,Low Risk,0,0,Standard Tier,Normal Alignment
15976,United Kingdom,UK,At Risk,1. Low Spend (<GBP 500),427.64,2,213.82,165,221.0,338.87,326.96,350.33,23.37,338.87,1,0.4782,Moderate Risk,0,0,Standard Tier,Normal Alignment
15977,United Kingdom,UK,Loyal Customers,2. Mid Spend (GBP 500-2k),1054.73,2,527.36,17,40.0,1651.21,1566.68,1719.37,152.68,1651.21,0,0.0086,Low Risk,1,1,Maintained VIP,Normal Alignment
15978,United Kingdom,UK,About to Sleep,2. Mid Spend (GBP 500-2k),1098.78,1,1098.78,77,78.0,360.27,342.73,374.83,32.1,360.27,0,0.0558,Low Risk,0,0,Standard Tier,Normal Alignment
15980,United Kingdom,UK,At Risk,3. High Spend (>GBP 2k),2398.86,3,799.62,89,255.0,916.99,852.49,979.12,126.63,916.99,0,0.1932,Low Risk,0,0,Standard Tier,Normal Alignment
15981,United Kingdom,UK,Champions,3. High Spend (>GBP 2k),3408.48,8,426.06,25,312.0,1606.98,1588.86,1620.03,31.16,1606.98,0,0.0457,Low Risk,1,1,Maintained VIP,Normal Alignment
15983,United Kingdom,UK,Champions,2. Mid Spend (GBP 500-2k),1465.12,4,366.28,22,374.0,540.36,533.29,546.45,13.16,540.36,0,0.3222,Moderate Risk,0,0,Standard Tier,Normal Alignment
15984,United Kingdom,UK,Champions,3. High Spend (>GBP 2k),2780.63,10,278.06,3,369.0,1221.75,1209.03,1233.0,23.97,1221.75,0,0.0376,Low Risk,1,1,Maintained VIP,Normal Alignment
15985,United Kingdom,UK,At Risk,2. Mid Spend (GBP 500-2k),1142.42,2,571.21,123,237.0,331.95,321.15,342.72,21.57,331.95,1,0.5559,Elevated Risk,0,0,Standard Tier,Normal Alignment
15986,United Kingdom,UK,Potential Loyalists,1. Low Spend (<GBP 500),168.12,1,168.12,30,31.0,554.57,528.09,577.48,49.38,554.57,0,0.0042,Low Risk,0,0,Standard Tier,Normal Alignment
15987,United Kingdom,UK,Champions,2. Mid Spend (GBP 500-2k),1432.77,7,204.68,12,369.0,677.64,666.04,688.64,22.6,677.64,0,0.1052,Low Risk,0,0,Standard Tier,Normal Alignment
15988,United Kingdom,UK,Potential Loyalists,1. Low Spend (<GBP 500),156.78,1,156.78,19,20.0,634.68,602.69,661.61,58.92,634.68,0,0.0022,Low Risk,0,0,Standard Tier,Normal Alignment
15990,United Kingdom,UK,Loyal Customers,2. Mid Spend (GBP 500-2k),792.11,2,396.06,44,288.0,340.64,332.71,347.01,14.3,340.64,0,0.4778,Moderate Risk,0,0,Standard Tier,Normal Alignment
15992,United Kingdom,UK,Potential Loyalists,1. Low Spend (<GBP 500),41.99,1,41.99,4,4.0,803.5,757.04,840.96,83.92,803.5,0,0.0051,Low Risk,0,0,Standard Tier,Normal Alignment
15993,United Kingdom,UK,Champions,3. High Spend (>GBP 2k),2777.67,7,396.81,9,45.0,3081.99,2966.05,3173.47,207.41,3081.99,0,0.0187,Low Risk,1,1,Maintained VIP,Normal Alignment
15994,United Kingdom,UK,Need Attention,1. Low Spend (<GBP 500),414.27,1,414.27,55,55.0,434.82,414.0,452.3,38.3,434.82,0,0.0058,Low Risk,0,0,Standard Tier,Normal Alignment
15996,United Kingdom,UK,Cannot Lose Them,2. Mid Spend (GBP 500-2k),1032.58,6,172.1,88,367.0,472.69,456.55,490.61,34.06,472.69,0,0.1419,Low Risk,0,0,Standard Tier,Normal Alignment
15998,United Kingdom,UK,Loyal Customers,3. High Spend (>GBP 2k),3080.22,5,616.04,37,363.0,1013.16,995.99,1026.45,30.46,1013.16,0,0.1142,Low Risk,0,0,Standard Tier,Normal Alignment
16000,United Kingdom,UK,Champions,3. High Spend (>GBP 2k),12393.7,3,4131.23,3,3.0,817.08,769.42,855.62,86.2,817.08,0,0.0299,Low Risk,0,0,Standard Tier,Normal Alignment
16003,United Kingdom,UK,Champions,3. High Spend (>GBP 2k),2735.37,5,547.07,30,360.0,750.49,737.65,760.72,23.07,750.49,0,0.1105,Low Risk,0,0,Standard Tier,Normal Alignment
16005,United Kingdom,UK,Champions,2. Mid Spend (GBP 500-2k),578.71,4,144.68,12,271.0,406.24,392.16,419.78,27.61,406.24,0,0.2493,Low Risk,0,0,Standard Tier,Normal Alignment
16006,United Kingdom,UK,Hibernating / Lost,1. Low Spend (<GBP 500),101.4,1,101.4,211,212.0,180.24,171.31,188.63,17.32,180.24,1,0.9932,High Churn Risk,0,0,Standard Tier,Normal Alignment
16007,United Kingdom,UK,Loyal Customers,2. Mid Spend (GBP 500-2k),1693.81,4,423.45,48,216.0,1020.91,1003.01,1032.23,29.22,1020.91,0,0.0863,Low Risk,0,0,Standard Tier,Normal Alignment
16008,United Kingdom,UK,Champions,1. Low Spend (<GBP 500),478.78,3,159.59,24,205.0,461.5,441.72,481.06,39.34,461.5,0,0.2621,Moderate Risk,0,0,Standard Tier,Normal Alignment
16009,United Kingdom,UK,Champions,2. Mid Spend (GBP 500-2k),972.11,4,243.03,22,160.0,717.58,690.85,744.81,53.96,717.58,0,0.0899,Low Risk,0,0,Standard Tier,Normal Alignment
16010,United Kingdom,UK,At Risk,1. Low Spend (<GBP 500),392.4,3,130.8,246,363.0,267.41,254.41,281.1,26.69,267.41,1,0.5092,Elevated Risk,0,0,Standard Tier,Normal Alignment
16011,United Kingdom,UK,Champions,3. High Spend (>GBP 2k),3352.96,16,209.56,8,367.0,1432.58,1411.52,1451.56,40.04,1432.58,0,0.035,Low Risk,1,1,Maintained VIP,Normal Alignment
16012,United Kingdom,UK,Loyal Customers,2. Mid Spend (GBP 500-2k),1415.29,3,471.76,35,156.0,1060.84,1035.5,1081.18,45.67,1060.84,0,0.087,Low Risk,0,0,Standard Tier,Normal Alignment
16013,United Kingdom,UK,Champions,3. High Spend (>GBP 2k),37130.6,47,790.01,4,372.0,14585.67,14412.82,14736.06,323.24,14585.67,0,0.0501,Low Risk,1,1,Maintained VIP,Normal Alignment
16014,United Kingdom,UK,Loyal Customers,2. Mid Spend (GBP 500-2k),646.83,3,215.61,38,292.0,368.81,355.04,382.32,27.28,368.81,0,0.3537,Moderate Risk,0,0,Standard Tier,Normal Alignment
16015,United Kingdom,UK,Champions,2. Mid Spend (GBP 500-2k),704.55,3,234.85,4,50.0,1224.27,1167.94,1270.61,102.67,1224.27,0,0.0099,Low Risk,1,1,Maintained VIP,Normal Alignment
16016,United Kingdom,UK,Champions,2. Mid Spend (GBP 500-2k),1465.51,8,183.19,3,367.0,605.95,590.32,622.61,32.29,605.95,0,0.0971,Low Risk,0,0,Standard Tier,Normal Alignment
16017,United Kingdom,UK,Need Attention,1. Low Spend (<GBP 500),211.88,1,211.88,47,48.0,464.05,441.98,482.34,40.37,464.05,0,0.0067,Low Risk,0,0,Standard Tier,Normal Alignment
16018,United Kingdom,UK,Loyal Customers,1. Low Spend (<GBP 500),408.9,2,204.45,39,181.0,412.69,399.34,425.18,25.84,412.69,0,0.325,Moderate Risk,0,0,Standard Tier,Normal Alignment
16019,United Kingdom,UK,Loyal Customers,3. High Spend (>GBP 2k),3786.24,9,420.69,47,365.0,1582.04,1566.33,1593.4,27.07,1582.04,0,0.0406,Low Risk,1,1,Maintained VIP,Normal Alignment
16020,United Kingdom,UK,Champions,2. Mid Spend (GBP 500-2k),851.01,3,283.67,17,66.0,895.19,865.62,917.45,51.83,895.19,0,0.0129,Low Risk,0,0,Standard Tier,Normal Alignment
16022,United Kingdom,UK,Hibernating / Lost,2. Mid Spend (GBP 500-2k),602.63,1,602.63,260,261.0,152.39,144.62,159.59,14.97,152.39,1,0.9664,High Churn Risk,0,0,Standard Tier,Normal Alignment
16023,United Kingdom,UK,Loyal Customers,2. Mid Spend (GBP 500-2k),719.81,3,239.94,46,267.0,465.07,453.41,475.69,22.28,465.07,0,0.2739,Moderate Risk,0,0,Standard Tier,Normal Alignment
16024,United Kingdom,UK,Potential Loyalists,1. Low Spend (<GBP 500),251.03,1,251.03,12,13.0,698.92,661.83,729.5,67.67,698.92,0,0.0056,Low Risk,0,0,Standard Tier,Normal Alignment
16025,United Kingdom,UK,Potential Loyalists,1. Low Spend (<GBP 500),439.66,1,439.66,30,30.0,561.01,534.08,583.89,49.8,561.01,0,0.0056,Low Risk,0,0,Standard Tier,Normal Alignment
16026,United Kingdom,UK,Need Attention,1. Low Spend (<GBP 500),236.09,1,236.09,43,44.0,482.58,459.71,501.39,41.68,482.58,0,0.0048,Low Risk,0,0,Standard Tier,Normal Alignment
16027,United Kingdom,UK,Cannot Lose Them,2. Mid Spend (GBP 500-2k),934.62,6,155.77,92,303.0,487.71,466.59,511.87,45.28,487.71,1,0.174,Low Risk,0,0,Standard Tier,Normal Alignment
16029,United Kingdom,UK,Loyal Customers,3. High Spend (>GBP 2k),80850.84,63,1283.35,39,374.0,30987.87,30640.48,31283.9,643.42,30987.87,0,0.0497,Low Risk,1,1,Maintained VIP,Normal Alignment
16030,United Kingdom,UK,Hibernating / Lost,1. Low Spend (<GBP 500),331.24,1,331.24,310,310.0,132.0,125.24,138.17,12.93,132.0,1,0.9873,High Churn Risk,0,0,Standard Tier,Normal Alignment
16031,United Kingdom,UK,At Risk,2. Mid Spend (GBP 500-2k),547.9,2,273.95,92,248.0,319.69,309.32,330.11,20.79,319.69,1,0.4717,Moderate Risk,0,0,Standard Tier,Normal Alignment
16033,United Kingdom,UK,Champions,3. High Spend (>GBP 2k),8778.82,20,438.94,6,370.0,3614.52,3579.17,3642.04,62.87,3614.52,0,0.0333,Low Risk,1,1,Maintained VIP,Normal Alignment
16034,United Kingdom,UK,At Risk,1. Low Spend (<GBP 500),437.7,3,145.9,196,333.0,288.71,274.53,303.37,28.84,288.71,1,0.5691,Elevated Risk,0,0,Standard Tier,Normal Alignment
16036,United Kingdom,UK,At Risk,2. Mid Spend (GBP 500-2k),758.92,2,379.46,87,264.0,441.67,428.45,454.47,26.02,441.67,0,0.4646,Moderate Risk,0,0,Standard Tier,Normal Alignment
16037,United Kingdom,UK,At Risk,2. Mid Spend (GBP 500-2k),855.02,3,285.01,270,359.0,366.47,358.14,374.55,16.41,366.47,1,0.4313,Moderate Risk,0,0,Standard Tier,Normal Alignment
16038,United Kingdom,UK,Champions,1. Low Spend (<GBP 500),471.78,3,157.26,8,202.0,361.55,336.02,388.27,52.25,361.55,0,0.2741,Moderate Risk,0,0,Standard Tier,Normal Alignment
16040,United Kingdom,UK,Loyal Customers,2. Mid Spend (GBP 500-2k),1313.55,3,437.85,65,269.0,620.17,609.37,628.55,19.19,620.17,0,0.2571,Moderate Risk,0,0,Standard Tier,Normal Alignment
16041,United Kingdom,UK,Champions,3. High Spend (>GBP 2k),3166.4,3,1055.47,31,142.0,616.0,600.5,627.82,27.32,616.0,0,0.1161,Low Risk,0,0,Standard Tier,Normal Alignment
16042,United Kingdom,UK,Champions,2. Mid Spend (GBP 500-2k),1177.47,5,235.49,22,333.0,644.0,636.55,650.32,13.77,644.0,0,0.1576,Low Risk,0,0,Standard Tier,Normal Alignment
16043,United Kingdom,UK,Loyal Customers,2. Mid Spend (GBP 500-2k),773.99,4,193.5,38,318.0,388.14,371.37,405.12,33.75,388.14,0,0.255,Moderate Risk,0,0,Standard Tier,Normal Alignment
16045,United Kingdom,UK,At Risk,2. Mid Spend (GBP 500-2k),1340.7,4,335.18,120,291.0,511.26,497.35,525.61,28.26,511.26,1,0.2103,Low Risk,0,0,Standard Tier,Normal Alignment
16048,United Kingdom,UK,At Risk,1. Low Spend (<GBP 500),256.44,2,128.22,373,374.0,112.36,106.58,117.6,11.02,112.36,1,0.6938,Elevated Risk,0,0,Standard Tier,Normal Alignment
16049,United Kingdom,UK,Loyal Customers,2. Mid Spend (GBP 500-2k),1074.81,3,358.27,40,76.0,1191.48,1155.78,1220.88,65.1,1191.48,0,0.0115,Low Risk,1,1,Maintained VIP,Normal Alignment
16050,United Kingdom,UK,About to Sleep,1. Low Spend (<GBP 500),137.9,1,137.9,174,174.0,210.0,199.57,219.59,20.02,210.0,1,0.9442,High Churn Risk,0,0,Standard Tier,Normal Alignment
16052,United Kingdom,UK,Need Attention,1. Low Spend (<GBP 500),362.06,1,362.06,54,55.0,434.82,414.0,452.3,38.3,434.82,0,0.0146,Low Risk,0,0,Standard Tier,Normal Alignment
16053,United Kingdom,UK,Loyal Customers,2. Mid Spend (GBP 500-2k),1511.95,2,755.98,33,123.0,652.13,635.97,665.04,29.07,652.13,0,0.1508,Low Risk,0,0,Standard Tier,Normal Alignment
16054,United Kingdom,UK,About to Sleep,2. Mid Spend (GBP 500-2k),783.9,1,783.9,145,146.0,239.08,227.29,249.8,22.51,239.08,1,0.9027,High Churn Risk,0,0,Standard Tier,Normal Alignment
16055,United Kingdom,UK,Hibernating / Lost,1. Low Spend (<GBP 500),134.8,1,134.8,221,221.0,174.39,165.69,182.54,16.85,174.39,1,0.989,High Churn Risk,0,0,Standard Tier,Normal Alignment
16056,United Kingdom,UK,Need Attention,2. Mid Spend (GBP 500-2k),650.75,1,650.75,45,46.0,473.14,450.67,491.67,41.01,473.14,0,0.012,Low Risk,0,0,Standard Tier,Normal Alignment
16057,United Kingdom,UK,Champions,3. High Spend (>GBP 2k),2263.12,7,323.3,16,285.0,926.63,909.76,939.79,30.03,926.63,0,0.0467,Low Risk,0,0,Standard Tier,Normal Alignment
16059,United Kingdom,UK,Loyal Customers,2. Mid Spend (GBP 500-2k),1453.16,6,242.19,66,368.0,685.13,673.49,696.01,22.52,685.13,0,0.1331,Low Risk,0,0,Standard Tier,Normal Alignment
16062,United Kingdom,UK,Champions,2. Mid Spend (GBP 500-2k),1153.62,4,288.4,10,365.0,505.21,496.58,513.16,16.58,505.21,0,0.2543,Moderate Risk,0,0,Standard Tier,Normal Alignment
16063,United Kingdom,UK,Hibernating / Lost,1. Low Spend (<GBP 500),335.32,1,335.32,260,261.0,152.39,144.62,159.59,14.97,152.39,1,0.9897,High Churn Risk,0,0,Standard Tier,Normal Alignment
16065,United Kingdom,UK,Hibernating / Lost,1. Low Spend (<GBP 500),367.14,1,367.14,365,366.0,114.49,108.6,119.82,11.22,114.49,1,0.9749,High Churn Risk,0,0,Standard Tier,Normal Alignment
16066,United Kingdom,UK,Champions,2. Mid Spend (GBP 500-2k),1521.04,5,304.21,17,125.0,1464.29,1432.16,1491.68,59.52,1464.29,0,0.0396,Low Risk,1,1,Maintained VIP,Normal Alignment
16070,United Kingdom,UK,Loyal Customers,2. Mid Spend (GBP 500-2k),852.15,2,426.08,22,33.0,974.37,919.85,1017.22,97.37,974.37,0,0.0072,Low Risk,0,0,Standard Tier,Normal Alignment
16071,United Kingdom,UK,Need Attention,1. Low Spend (<GBP 500),326.24,1,326.24,45,45.0,477.81,455.14,496.47,41.33,477.81,0,0.0036,Low Risk,0,0,Standard Tier,Normal Alignment
16072,United Kingdom,UK,Hibernating / Lost,2. Mid Spend (GBP 500-2k),584.32,1,584.32,288,289.0,140.03,132.87,146.61,13.74,140.03,1,0.9743,High Churn Risk,0,0,Standard Tier,Normal Alignment
16073,United Kingdom,UK,Hibernating / Lost,1. Low Spend (<GBP 500),122.4,1,122.4,297,298.0,136.47,129.49,142.87,13.38,136.47,1,0.9899,High Churn Risk,0,0,Standard Tier,Normal Alignment
16076,United Kingdom,UK,Champions,3. High Spend (>GBP 2k),2234.73,10,223.47,3,209.0,1495.8,1468.31,1519.5,51.19,1495.8,0,0.0386,Low Risk,1,1,Maintained VIP,Normal Alignment
16078,United Kingdom,UK,Hibernating / Lost,1. Low Spend (<GBP 500),79.2,1,79.2,284,284.0,142.09,134.83,148.77,13.94,142.09,1,0.9876,High Churn Risk,0,0,Standard Tier,Normal Alignment
16079,United Kingdom,UK,Champions,2. Mid Spend (GBP 500-2k),1352.0,3,450.67,17,41.0,2003.95,1930.96,2060.4,129.44,2003.95,0,0.012,Low Risk,1,1,Maintained VIP,Normal Alignment
16080,United Kingdom,UK,At Risk,1. Low Spend (<GBP 500),217.16,2,108.58,82,275.0,230.43,216.49,244.05,27.56,230.43,0,0.6303,Elevated Risk,0,0,Standard Tier,Normal Alignment
16081,United Kingdom,UK,Loyal Customers,3. High Spend (>GBP 2k),2799.42,5,559.88,56,367.0,1161.76,1135.49,1182.83,47.34,1161.76,0,0.1122,Low Risk,1,1,Maintained VIP,Normal Alignment
16083,United Kingdom,UK,At Risk,2. Mid Spend (GBP 500-2k),1317.62,2,658.81,101,361.0,471.18,446.17,495.01,48.84,471.18,1,0.5795,Elevated Risk,0,0,Standard Tier,Normal Alignment
16084,United Kingdom,UK,Hibernating / Lost,1. Low Spend (<GBP 500),436.18,1,436.18,299,300.0,135.7,128.76,142.06,13.31,135.7,1,0.9916,High Churn Risk,0,0,Standard Tier,Normal Alignment
16085,United Kingdom,UK,Champions,2. Mid Spend (GBP 500-2k),981.51,5,196.3,23,321.0,534.41,519.45,549.43,29.98,534.41,0,0.1836,Low Risk,0,0,Standard Tier,Normal Alignment
16086,United Kingdom,UK,Loyal Customers,2. Mid Spend (GBP 500-2k),1121.39,5,224.28,59,368.0,528.65,516.83,541.14,24.31,528.65,0,0.2072,Low Risk,0,0,Standard Tier,Normal Alignment
16091,United Kingdom,UK,At Risk,1. Low Spend (<GBP 500),315.06,2,157.53,155,199.0,336.5,321.25,351.12,29.88,336.5,1,0.5719,Elevated Risk,0,0,Standard Tier,Normal Alignment
16092,United Kingdom,UK,At Risk,2. Mid Spend (GBP 500-2k),817.86,3,272.62,115,255.0,466.46,453.65,478.28,24.63,466.46,1,0.2565,Moderate Risk,0,0,Standard Tier,Normal Alignment
16093,United Kingdom,UK,About to Sleep,1. Low Spend (<GBP 500),17.0,1,17.0,107,107.0,296.24,281.85,308.99,27.14,296.24,1,0.9527,High Churn Risk,0,0,Standard Tier,Normal Alignment
16094,United Kingdom,UK,Champions,2. Mid Spend (GBP 500-2k),1078.23,4,269.56,12,220.0,695.59,683.34,705.18,21.84,695.59,0,0.1372,Low Risk,0,0,Standard Tier,Normal Alignment
16096,United Kingdom,UK,Hibernating / Lost,1. Low Spend (<GBP 500),320.62,1,320.62,264,265.0,150.49,142.82,157.6,14.78,150.49,1,0.9945,High Churn Risk,0,0,Standard Tier,Normal Alignment
16097,United Kingdom,UK,Hibernating / Lost,1. Low Spend (<GBP 500),185.05,1,185.05,240,241.0,162.65,154.42,170.3,15.89,162.65,1,0.9941,High Churn Risk,0,0,Standard Tier,Normal Alignment
16098,United Kingdom,UK,Cannot Lose Them,3. High Spend (>GBP 2k),2005.63,7,286.52,88,374.0,774.13,761.96,785.5,23.53,774.13,0,0.1481,Low Risk,0,0,Standard Tier,Normal Alignment
16099,United Kingdom,UK,Loyal Customers,2. Mid Spend (GBP 500-2k),731.9,3,243.97,50,226.0,465.71,449.03,481.42,32.39,465.71,0,0.2639,Moderate Risk,0,0,Standard Tier,Normal Alignment
16101,United Kingdom,UK,Need Attention,2. Mid Spend (GBP 500-2k),1290.7,1,1290.7,71,71.0,380.11,361.96,395.29,33.33,380.11,0,0.0458,Low Risk,0,0,Standard Tier,Normal Alignment
16102,United Kingdom,UK,Loyal Customers,2. Mid Spend (GBP 500-2k),1842.14,3,614.05,42,129.0,1177.51,1148.05,1198.7,50.65,1177.51,0,0.0564,Low Risk,1,1,Maintained VIP,Normal Alignment
16103,United Kingdom,UK,Champions,2. Mid Spend (GBP 500-2k),1429.64,6,238.27,7,234.0,940.98,921.53,958.74,37.21,940.98,0,0.0852,Low Risk,0,0,Standard Tier,Normal Alignment
16104,United Kingdom,UK,Need Attention,1. Low Spend (<GBP 500),298.21,1,298.21,62,62.0,409.06,390.07,425.3,35.23,409.06,0,0.0084,Low Risk,0,0,Standard Tier,Normal Alignment
16105,United Kingdom,UK,Hibernating / Lost,1. Low Spend (<GBP 500),336.96,1,336.96,249,249.0,158.38,150.33,165.86,15.53,158.38,1,0.985,High Churn Risk,0,0,Standard Tier,Normal Alignment
16106,United Kingdom,UK,Need Attention,1. Low Spend (<GBP 500),108.38,1,108.38,66,66.0,395.67,377.2,411.52,34.32,395.67,0,0.0223,Low Risk,0,0,Standard Tier,Normal Alignment
16107,United Kingdom,UK,Champions,3. High Spend (>GBP 2k),3204.16,7,457.74,18,184.0,2126.4,2091.88,2153.1,61.22,2126.4,0,0.0564,Low Risk,1,1,Maintained VIP,Normal Alignment
16108,United Kingdom,UK,About to Sleep,2. Mid Spend (GBP 500-2k),842.5,1,842.5,85,85.0,342.41,325.67,356.39,30.73,342.41,0,0.0705,Low Risk,0,0,Standard Tier,Normal Alignment
16109,United Kingdom,UK,At Risk,2. Mid Spend (GBP 500-2k),611.88,2,305.94,219,309.0,286.43,278.51,293.33,14.83,286.43,1,0.5935,Elevated Risk,0,0,Standard Tier,Normal Alignment
16110,United Kingdom,UK,Loyal Customers,2. Mid Spend (GBP 500-2k),1320.95,3,440.32,45,312.0,558.06,548.28,566.16,17.88,558.06,0,0.3793,Moderate Risk,0,0,Standard Tier,Normal Alignment
16112,United Kingdom,UK,At Risk,1. Low Spend (<GBP 500),195.74,4,48.94,143,339.0,234.46,213.1,258.24,45.14,234.46,1,0.5085,Elevated Risk,0,0,Standard Tier,Normal Alignment
16113,United Kingdom,UK,Hibernating / Lost,1. Low Spend (<GBP 500),161.38,1,161.38,183,184.0,201.25,191.18,210.5,19.32,201.25,1,0.9678,High Churn Risk,0,0,Standard Tier,Normal Alignment
16114,United Kingdom,UK,About to Sleep,1. Low Spend (<GBP 500),135.75,1,135.75,171,171.0,212.77,202.23,222.47,20.24,212.77,1,0.9833,High Churn Risk,0,0,Standard Tier,Normal Alignment
16115,United Kingdom,UK,Champions,2. Mid Spend (GBP 500-2k),1660.88,8,207.61,10,293.0,937.42,918.63,956.31,37.68,937.42,0,0.0634,Low Risk,0,0,Standard Tier,Normal Alignment
16116,United Kingdom,UK,Hibernating / Lost,2. Mid Spend (GBP 500-2k),612.78,1,612.78,212,212.0,180.24,171.31,188.63,17.32,180.24,1,0.9394,High Churn Risk,0,0,Standard Tier,Normal Alignment
16117,United Kingdom,UK,Hibernating / Lost,1. Low Spend (<GBP 500),232.21,1,232.21,190,190.0,196.35,186.47,205.4,18.92,196.35,1,0.9963,High Churn Risk,0,0,Standard Tier,Normal Alignment
16119,United Kingdom,UK,Loyal Customers,1. Low Spend (<GBP 500),423.36,2,211.68,8,73.0,618.97,582.63,650.74,68.12,618.97,0,0.0069,Low Risk,0,0,Standard Tier,Normal Alignment
16120,United Kingdom,UK,Loyal Customers,2. Mid Spend (GBP 500-2k),1309.14,4,327.29,59,60.0,416.11,396.4,432.7,36.3,416.11,0,0.0195,Low Risk,0,0,Standard Tier,Normal Alignment
16121,United Kingdom,UK,Loyal Customers,2. Mid Spend (GBP 500-2k),854.66,2,427.33,57,216.0,518.85,503.1,533.18,30.07,518.85,0,0.4124,Moderate Risk,0,0,Standard Tier,Normal Alignment
16122,United Kingdom,UK,At Risk,2. Mid Spend (GBP 500-2k),684.42,4,171.1,73,367.0,384.03,370.77,397.05,26.29,384.03,0,0.4003,Moderate Risk,0,0,Standard Tier,Normal Alignment
16123,United Kingdom,UK,Need Attention,1. Low Spend (<GBP 500),307.78,1,307.78,52,52.0,446.89,425.56,464.71,39.14,446.89,0,0.0076,Low Risk,0,0,Standard Tier,Normal Alignment
16124,United Kingdom,UK,Hibernating / Lost,1. Low Spend (<GBP 500),249.0,1,249.0,317,318.0,129.18,122.55,135.21,12.65,129.18,1,0.9857,High Churn Risk,0,0,Standard Tier,Normal Alignment
16125,United Kingdom,UK,Hibernating / Lost,1. Low Spend (<GBP 500),289.35,1,289.35,367,368.0,113.95,108.09,119.25,11.17,113.95,1,0.9945,High Churn Risk,0,0,Standard Tier,Normal Alignment
16126,United Kingdom,UK,Champions,3. High Spend (>GBP 2k),6287.77,4,1571.94,29,297.0,2554.9,2433.33,2653.59,220.26,2554.9,0,0.1101,Low Risk,1,1,Maintained VIP,Normal Alignment
16127,United Kingdom,UK,Need Attention,2. Mid Spend (GBP 500-2k),656.25,1,656.25,39,40.0,502.66,478.91,522.49,43.58,502.66,0,0.0118,Low Risk,0,0,Standard Tier,Normal Alignment
16128,United Kingdom,UK,Champions,2. Mid Spend (GBP 500-2k),1880.22,5,376.04,18,283.0,915.52,903.94,924.08,20.14,915.52,0,0.1032,Low Risk,0,0,Standard Tier,Normal Alignment
16131,United Kingdom,UK,Loyal Customers,3. High Spend (>GBP 2k),3506.54,6,584.42,52,240.0,1519.06,1468.08,1559.6,91.52,1519.06,0,0.052,Low Risk,1,1,Maintained VIP,Normal Alignment
16133,United Kingdom,UK,Champions,3. High Spend (>GBP 2k),14589.04,33,442.09,4,319.0,6719.79,6644.02,6777.03,133.01,6719.79,0,0.034,Low Risk,1,1,Maintained VIP,Normal Alignment
16134,United Kingdom,UK,Loyal Customers,2. Mid Spend (GBP 500-2k),618.09,2,309.04,22,360.0,263.52,256.78,268.95,12.17,263.52,0,0.5417,Elevated Risk,0,0,Standard Tier,Normal Alignment
16135,United Kingdom,UK,Hibernating / Lost,2. Mid Spend (GBP 500-2k),517.55,1,517.55,263,263.0,151.44,143.71,158.59,14.87,151.44,1,0.986,High Churn Risk,0,0,Standard Tier,Normal Alignment
16136,United Kingdom,UK,Loyal Customers,2. Mid Spend (GBP 500-2k),709.38,3,236.46,60,278.0,453.33,442.41,463.44,21.03,453.33,0,0.3883,Moderate Risk,0,0,Standard Tier,Normal Alignment
16139,United Kingdom,UK,Champions,2. Mid Spend (GBP 500-2k),635.41,3,211.8,19,207.0,545.19,529.48,559.46,29.99,545.19,0,0.2519,Moderate Risk,0,0,Standard Tier,Normal Alignment
16140,United Kingdom,UK,Loyal Customers,2. Mid Spend (GBP 500-2k),725.18,2,362.59,66,372.0,339.97,329.16,351.05,21.89,339.97,0,0.5545,Elevated Risk,0,0,Standard Tier,Normal Alignment
16141,United Kingdom,UK,About to Sleep,2. Mid Spend (GBP 500-2k),620.4,1,620.4,88,89.0,332.97,316.66,346.65,29.99,332.97,0,0.0521,Low Risk,0,0,Standard Tier,Normal Alignment
16142,United Kingdom,UK,Hibernating / Lost,2. Mid Spend (GBP 500-2k),535.34,1,535.34,250,250.0,157.87,149.83,165.32,15.49,157.87,1,0.9747,High Churn Risk,0,0,Standard Tier,Normal Alignment
16143,United Kingdom,UK,Champions,3. High Spend (>GBP 2k),2424.94,6,404.16,3,370.0,957.86,948.11,965.42,17.31,957.86,0,0.0904,Low Risk,0,0,Standard Tier,Normal Alignment
16144,United Kingdom,UK,Hibernating / Lost,1. Low Spend (<GBP 500),175.2,1,175.2,247,247.0,159.43,151.33,166.95,15.62,159.43,1,0.9834,High Churn Risk,0,0,Standard Tier,Normal Alignment
16145,United Kingdom,UK,Champions,3. High Spend (>GBP 2k),3799.49,11,345.41,9,360.0,1588.98,1574.64,1600.11,25.47,1588.98,0,0.0326,Low Risk,1,1,Maintained VIP,Normal Alignment
16146,United Kingdom,UK,At Risk,2. Mid Spend (GBP 500-2k),734.13,3,244.71,157,233.0,421.29,403.54,438.59,35.05,421.29,1,0.2875,Moderate Risk,0,0,Standard Tier,Normal Alignment
16147,United Kingdom,UK,About to Sleep,1. Low Spend (<GBP 500),375.0,1,375.0,134,134.0,254.17,241.64,265.44,23.8,254.17,1,0.9473,High Churn Risk,0,0,Standard Tier,Normal Alignment
16148,United Kingdom,UK,Hibernating / Lost,1. Low Spend (<GBP 500),76.32,1,76.32,296,297.0,136.86,129.85,143.27,13.42,136.86,1,0.9913,High Churn Risk,0,0,Standard Tier,Normal Alignment
16149,United Kingdom,UK,Loyal Customers,1. Low Spend (<GBP 500),280.52,2,140.26,5,143.0,403.41,380.42,424.36,43.95,403.41,0,0.3396,Moderate Risk,0,0,Standard Tier,Normal Alignment
16150,United Kingdom,UK,Loyal Customers,3. High Spend (>GBP 2k),2053.02,5,410.6,43,373.0,785.06,776.2,791.85,15.65,785.06,0,0.1664,Low Risk,0,0,Standard Tier,Normal Alignment
16152,United Kingdom,UK,Hibernating / Lost,2. Mid Spend (GBP 500-2k),1829.04,1,1829.04,269,269.0,148.64,141.06,155.65,14.6,148.64,1,0.9064,High Churn Risk,0,0,Standard Tier,Normal Alignment
16153,United Kingdom,UK,Loyal Customers,2. Mid Spend (GBP 500-2k),1824.23,5,364.85,50,355.0,800.13,791.38,807.01,15.63,800.13,0,0.1762,Low Risk,0,0,Standard Tier,Normal Alignment
16156,United Kingdom,UK,Champions,3. High Spend (>GBP 2k),3092.04,9,343.56,9,311.0,1465.42,1450.96,1477.25,26.29,1465.42,0,0.0422,Low Risk,1,1,Maintained VIP,Normal Alignment
16157,United Kingdom,UK,Champions,2. Mid Spend (GBP 500-2k),656.69,3,218.9,16,73.0,1102.59,1061.46,1134.23,72.78,1102.59,0,0.0198,Low Risk,1,1,Maintained VIP,Normal Alignment
16159,United Kingdom,UK,Hibernating / Lost,1. Low Spend (<GBP 500),348.2,1,348.2,282,282.0,142.93,135.62,149.65,14.03,142.93,1,0.991,High Churn Risk,0,0,Standard Tier,Normal Alignment
16160,United Kingdom,UK,Loyal Customers,2. Mid Spend (GBP 500-2k),1025.44,2,512.72,65,86.0,666.23,639.03,687.95,48.92,666.23,0,0.0135,Low Risk,0,0,Standard Tier,Normal Alignment
16161,United Kingdom,UK,Champions,3. High Spend (>GBP 2k),5533.67,19,291.25,2,369.0,2331.35,2308.87,2348.63,39.76,2331.35,0,0.0275,Low Risk,1,1,Maintained VIP,Normal Alignment
16162,United Kingdom,UK,Hibernating / Lost,1. Low Spend (<GBP 500),37.4,1,37.4,252,253.0,156.34,148.37,163.72,15.35,156.34,1,0.9882,High Churn Risk,0,0,Standard Tier,Normal Alignment
16163,United Kingdom,UK,At Risk,2. Mid Spend (GBP 500-2k),856.6,2,428.3,232,366.0,285.44,278.97,291.14,12.17,285.44,1,0.6028,Elevated Risk,0,0,Standard Tier,Normal Alignment
16164,United Kingdom,UK,Champions,2. Mid Spend (GBP 500-2k),822.48,3,274.16,17,43.0,1567.88,1507.69,1615.26,107.57,1567.88,0,0.0104,Low Risk,1,1,Maintained VIP,Normal Alignment
16168,United Kingdom,UK,Champions,3. High Spend (>GBP 2k),3787.6,27,140.28,11,370.0,1597.02,1569.56,1621.28,51.72,1597.02,0,0.0421,Low Risk,1,1,Maintained VIP,Normal Alignment
16169,United Kingdom,UK,Champions,2. Mid Spend (GBP 500-2k),1822.97,4,455.74,8,76.0,1992.85,1937.14,2033.91,96.77,1992.85,0,0.0129,Low Risk,1,1,Maintained VIP,Normal Alignment
16170,United Kingdom,UK,Loyal Customers,2. Mid Spend (GBP 500-2k),1885.05,6,314.18,51,249.0,1075.18,1060.29,1087.78,27.49,1075.18,0,0.0459,Low Risk,0,0,Standard Tier,Normal Alignment
16171,United Kingdom,UK,Need Attention,1. Low Spend (<GBP 500),73.2,1,73.2,59,60.0,416.11,396.4,432.7,36.3,416.11,0,0.0222,Low Risk,0,0,Standard Tier,Normal Alignment
16172,United Kingdom,UK,At Risk,2. Mid Spend (GBP 500-2k),1140.21,5,228.04,95,242.0,731.54,718.47,742.02,23.56,731.54,1,0.1073,Low Risk,0,0,Standard Tier,Normal Alignment
16173,United Kingdom,UK,Champions,2. Mid Spend (GBP 500-2k),1418.32,6,236.39,16,99.0,1515.89,1464.0,1559.44,95.44,1515.89,0,0.0433,Low Risk,1,1,Maintained VIP,Normal Alignment
16174,United Kingdom,UK,At Risk,2. Mid Spend (GBP 500-2k),1009.55,3,336.52,126,152.0,824.79,806.74,837.71,30.97,824.79,1,0.1466,Low Risk,0,0,Standard Tier,Normal Alignment
16175,United Kingdom,UK,At Risk,2. Mid Spend (GBP 500-2k),1037.59,4,259.4,94,241.0,643.0,627.4,656.98,29.57,643.0,1,0.166,Low Risk,0,0,Standard Tier,Normal Alignment
16177,United Kingdom,UK,Need Attention,1. Low Spend (<GBP 500),331.95,1,331.95,50,51.0,451.06,429.56,468.99,39.44,451.06,0,0.0063,Low Risk,0,0,Standard Tier,Normal Alignment
16178,United Kingdom,UK,About to Sleep,1. Low Spend (<GBP 500),197.9,1,197.9,138,139.0,247.66,235.45,258.69,23.25,247.66,1,0.9736,High Churn Risk,0,0,Standard Tier,Normal Alignment
16179,United Kingdom,UK,Need Attention,1. Low Spend (<GBP 500),215.83,1,215.83,61,61.0,412.56,393.24,428.94,35.7,412.56,0,0.0092,Low Risk,0,0,Standard Tier,Normal Alignment
16180,United Kingdom,UK,Cannot Lose Them,3. High Spend (>GBP 2k),10254.18,8,1281.77,100,253.0,5410.06,5225.26,5551.52,326.26,5410.06,1,0.0414,Low Risk,1,1,Maintained VIP,Normal Alignment
16181,United Kingdom,UK,About to Sleep,1. Low Spend (<GBP 500),305.54,1,305.54,73,74.0,371.35,353.38,386.24,32.86,371.35,0,0.0213,Low Risk,0,0,Standard Tier,Normal Alignment
16182,United Kingdom,UK,Loyal Customers,3. High Spend (>GBP 2k),6617.65,4,1654.41,72,295.0,2742.71,2609.41,2851.1,241.69,2742.71,0,0.1337,Low Risk,1,1,Maintained VIP,Normal Alignment
16183,United Kingdom,UK,Need Attention,1. Low Spend (<GBP 500),338.71,1,338.71,67,68.0,389.29,370.97,404.95,33.99,389.29,0,0.0201,Low Risk,0,0,Standard Tier,Normal Alignment
16184,United Kingdom,UK,Loyal Customers,2. Mid Spend (GBP 500-2k),1158.79,6,193.13,64,212.0,890.0,865.93,914.28,48.36,890.0,0,0.0889,Low Risk,0,0,Standard Tier,Normal Alignment
16185,United Kingdom,UK,Loyal Customers,2. Mid Spend (GBP 500-2k),529.41,2,264.7,17,233.0,313.98,302.23,325.71,23.48,313.98,0,0.5309,Elevated Risk,0,0,Standard Tier,Normal Alignment
16186,United Kingdom,UK,Champions,3. High Spend (>GBP 2k),4006.94,12,333.91,23,373.0,1612.08,1597.43,1623.05,25.62,1612.08,0,0.0334,Low Risk,1,1,Maintained VIP,Normal Alignment
16187,United Kingdom,UK,Champions,3. High Spend (>GBP 2k),6911.44,15,460.76,32,285.0,3273.38,3222.84,3311.02,88.18,3273.38,0,0.0334,Low Risk,1,1,Maintained VIP,Normal Alignment
16188,United Kingdom,UK,Loyal Customers,2. Mid Spend (GBP 500-2k),981.86,4,245.46,45,243.0,672.32,657.1,684.91,27.82,672.32,0,0.1416,Low Risk,0,0,Standard Tier,Normal Alignment
16189,United Kingdom,UK,Loyal Customers,1. Low Spend (<GBP 500),215.48,2,107.74,16,86.0,521.73,487.07,554.48,67.41,521.73,0,0.0159,Low Risk,0,0,Standard Tier,Normal Alignment
16190,United Kingdom,UK,Need Attention,1. Low Spend (<GBP 500),215.08,1,215.08,40,41.0,497.49,473.98,517.05,43.07,497.49,0,0.0046,Low Risk,0,0,Standard Tier,Normal Alignment
16191,United Kingdom,UK,Champions,3. High Spend (>GBP 2k),5180.52,13,398.5,3,361.0,1997.24,1975.87,2013.6,37.73,1997.24,0,0.0359,Low Risk,1,1,Maintained VIP,Normal Alignment
16193,United Kingdom,UK,Hibernating / Lost,1. Low Spend (<GBP 500),314.45,1,314.45,237,237.0,164.87,156.55,172.62,16.07,164.87,1,0.993,High Churn Risk,0,0,Standard Tier,Normal Alignment
16198,United Kingdom,UK,About to Sleep,1. Low Spend (<GBP 500),400.68,1,400.68,75,76.0,365.73,347.94,380.45,32.51,365.73,0,0.0219,Low Risk,0,0,Standard Tier,Normal Alignment
16200,United Kingdom,UK,Loyal Customers,2. Mid Spend (GBP 500-2k),1068.87,2,534.43,4,165.0,607.79,591.45,622.12,30.67,607.79,0,0.2463,Low Risk,0,0,Standard Tier,Normal Alignment
16201,United Kingdom,UK,Champions,2. Mid Spend (GBP 500-2k),1863.47,4,465.87,3,110.0,1884.63,1837.57,1923.91,86.34,1884.63,0,0.037,Low Risk,1,1,Maintained VIP,Normal Alignment
16202,United Kingdom,UK,Hibernating / Lost,1. Low Spend (<GBP 500),365.27,1,365.27,361,361.0,115.86,109.9,121.25,11.35,115.86,1,0.9917,High Churn Risk,0,0,Standard Tier,Normal Alignment
16203,United Kingdom,UK,Loyal Customers,2. Mid Spend (GBP 500-2k),592.9,4,148.22,59,373.0,322.67,307.42,338.66,31.23,322.67,0,0.4637,Moderate Risk,0,0,Standard Tier,Normal Alignment
16204,United Kingdom,UK,Potential Loyalists,1. Low Spend (<GBP 500),384.18,1,384.18,23,24.0,603.0,573.05,628.2,55.15,603.0,0,0.0044,Low Risk,0,0,Standard Tier,Normal Alignment
16205,United Kingdom,UK,Champions,2. Mid Spend (GBP 500-2k),757.63,4,189.41,31,180.0,731.43,709.09,753.09,44.0,731.43,0,0.1105,Low Risk,0,0,Standard Tier,Normal Alignment
16206,United Kingdom,UK,Loyal Customers,2. Mid Spend (GBP 500-2k),537.06,4,134.26,55,328.0,341.91,324.48,360.7,36.22,341.91,0,0.3717,Moderate Risk,0,0,Standard Tier,Normal Alignment
16207,United Kingdom,UK,Potential Loyalists,1. Low Spend (<GBP 500),394.38,1,394.38,25,26.0,588.32,559.58,612.73,53.15,588.32,0,0.0028,Low Risk,0,0,Standard Tier,Normal Alignment
16208,United Kingdom,UK,Loyal Customers,2. Mid Spend (GBP 500-2k),664.26,2,332.13,45,290.0,251.48,240.73,261.88,21.15,251.48,0,0.489,Moderate Risk,0,0,Standard Tier,Normal Alignment
16209,United Kingdom,UK,At Risk,3. High Spend (>GBP 2k),2262.62,5,452.52,89,247.0,1265.68,1245.36,1279.73,34.36,1265.68,0,0.0733,Low Risk,1,1,Maintained VIP,Normal Alignment
16210,United Kingdom,UK,Champions,3. High Spend (>GBP 2k),21086.3,18,1171.46,2,374.0,7498.17,7389.66,7581.6,191.94,7498.17,0,0.0445,Low Risk,1,1,Maintained VIP,Normal Alignment
16211,United Kingdom,UK,About to Sleep,2. Mid Spend (GBP 500-2k),547.02,1,547.02,89,89.0,332.97,316.66,346.65,29.99,332.97,0,0.0655,Low Risk,0,0,Standard Tier,Normal Alignment
16212,United Kingdom,UK,Loyal Customers,2. Mid Spend (GBP 500-2k),690.34,2,345.17,19,284.0,266.02,255.89,276.09,20.2,266.02,0,0.515,Elevated Risk,0,0,Standard Tier,Normal Alignment
16213,United Kingdom,UK,About to Sleep,1. Low Spend (<GBP 500),159.0,1,159.0,79,79.0,357.61,340.18,372.08,31.89,357.61,0,0.0294,Low Risk,0,0,Standard Tier,Normal Alignment
16214,United Kingdom,UK,At Risk,2. Mid Spend (GBP 500-2k),1062.75,3,354.25,171,270.0,450.78,438.78,461.49,22.71,450.78,1,0.3116,Moderate Risk,0,0,Standard Tier,Normal Alignment
16215,United Kingdom,UK,About to Sleep,1. Low Spend (<GBP 500),242.35,1,242.35,81,81.0,352.39,335.2,366.7,31.5,352.39,0,0.0214,Low Risk,0,0,Standard Tier,Normal Alignment
16216,United Kingdom,UK,Hibernating / Lost,2. Mid Spend (GBP 500-2k),914.93,1,914.93,267,268.0,149.1,141.49,156.13,14.64,149.1,1,0.9369,High Churn Risk,0,0,Standard Tier,Normal Alignment
16217,United Kingdom,UK,At Risk,1. Low Spend (<GBP 500),304.25,2,152.12,235,283.0,238.63,226.13,250.65,24.53,238.63,1,0.6416,Elevated Risk,0,0,Standard Tier,Normal Alignment
16218,United Kingdom,UK,Champions,3. High Spend (>GBP 2k),3084.68,7,440.67,30,374.0,1151.57,1135.47,1162.77,27.3,1151.57,0,0.0934,Low Risk,1,1,Maintained VIP,Normal Alignment
16221,United Kingdom,UK,Loyal Customers,2. Mid Spend (GBP 500-2k),860.86,3,286.95,37,368.0,407.09,400.04,412.78,12.74,407.09,0,0.3734,Moderate Risk,0,0,Standard Tier,Normal Alignment
16222,United Kingdom,UK,Hibernating / Lost,2. Mid Spend (GBP 500-2k),773.55,1,773.55,318,319.0,128.83,122.23,134.85,12.62,128.83,1,0.9361,High Churn Risk,0,0,Standard Tier,Normal Alignment
16224,United Kingdom,UK,Loyal Customers,2. Mid Spend (GBP 500-2k),1295.3,4,323.83,57,250.0,806.21,795.0,815.19,20.18,806.21,0,0.1373,Low Risk,0,0,Standard Tier,Normal Alignment
16225,United Kingdom,UK,Loyal Customers,2. Mid Spend (GBP 500-2k),1096.32,5,219.26,45,278.0,532.74,518.13,547.53,29.4,532.74,0,0.1411,Low Risk,0,0,Standard Tier,Normal Alignment
16226,United Kingdom,UK,At Risk,1. Low Spend (<GBP 500),255.12,3,85.04,203,236.0,304.11,280.31,329.21,48.9,304.11,1,0.5022,Elevated Risk,0,0,Standard Tier,Normal Alignment
16227,United Kingdom,UK,Hibernating / Lost,1. Low Spend (<GBP 500),314.22,1,314.22,225,226.0,171.3,162.72,179.32,16.6,171.3,1,0.994,High Churn Risk,0,0,Standard Tier,Normal Alignment
16229,United Kingdom,UK,At Risk,2. Mid Spend (GBP 500-2k),1010.6,2,505.3,87,213.0,566.51,545.67,586.11,40.44,566.51,0,0.4893,Moderate Risk,0,0,Standard Tier,Normal Alignment
16230,United Kingdom,UK,At Risk,2. Mid Spend (GBP 500-2k),542.03,2,271.02,190,221.0,362.41,351.62,372.68,21.06,362.41,1,0.506,Elevated Risk,0,0,Standard Tier,Normal Alignment
16232,United Kingdom,UK,Loyal Customers,2. Mid Spend (GBP 500-2k),990.88,4,247.72,44,216.0,596.78,584.18,607.12,22.95,596.78,0,0.1524,Low Risk,0,0,Standard Tier,Normal Alignment
16233,United Kingdom,UK,Loyal Customers,2. Mid Spend (GBP 500-2k),536.68,3,178.89,71,367.0,302.08,290.69,313.06,22.36,302.08,0,0.5207,Elevated Risk,0,0,Standard Tier,Normal Alignment
16235,United Kingdom,UK,Loyal Customers,2. Mid Spend (GBP 500-2k),867.31,5,173.46,41,333.0,501.13,486.3,516.34,30.04,501.13,0,0.2153,Low Risk,0,0,Standard Tier,Normal Alignment
16236,United Kingdom,UK,About to Sleep,1. Low Spend (<GBP 500),432.2,1,432.2,78,79.0,357.61,340.18,372.08,31.89,357.61,0,0.0317,Low Risk,0,0,Standard Tier,Normal Alignment
16239,United Kingdom,UK,Loyal Customers,1. Low Spend (<GBP 500),414.2,2,207.1,57,190.0,298.73,278.87,317.84,38.97,298.73,0,0.5041,Elevated Risk,0,0,Standard Tier,Normal Alignment
16240,United Kingdom,UK,Loyal Customers,3. High Spend (>GBP 2k),3718.8,2,1859.4,24,78.0,2383.23,2175.83,2558.82,382.98,2383.23,0,0.025,Low Risk,1,1,Maintained VIP,Normal Alignment
16241,United Kingdom,UK,Champions,3. High Spend (>GBP 2k),2590.31,13,199.25,10,370.0,1093.72,1075.63,1110.98,35.35,1093.72,0,0.0401,Low Risk,1,0,Demoted from VIP,Normal Alignment
16242,United Kingdom,UK,Champions,3. High Spend (>GBP 2k),3579.86,7,511.41,8,278.0,1866.39,1836.32,1888.41,52.09,1866.39,0,0.0393,Low Risk,1,1,Maintained VIP,Normal Alignment
16243,United Kingdom,UK,Loyal Customers,1. Low Spend (<GBP 500),409.1,2,204.55,34,55.0,816.48,776.69,847.12,70.42,816.48,0,0.0078,Low Risk,0,0,Standard Tier,Normal Alignment
16244,United Kingdom,UK,At Risk,2. Mid Spend (GBP 500-2k),1522.75,2,761.38,212,373.0,296.83,289.1,303.26,14.15,296.83,1,0.5441,Elevated Risk,0,0,Standard Tier,Normal Alignment
16245,United Kingdom,UK,Champions,2. Mid Spend (GBP 500-2k),1413.66,3,471.22,24,257.0,676.15,663.59,686.73,23.14,676.15,0,0.2591,Moderate Risk,0,0,Standard Tier,Normal Alignment
16247,United Kingdom,UK,About to Sleep,1. Low Spend (<GBP 500),114.56,1,114.56,170,171.0,212.77,202.23,222.47,20.24,212.77,1,0.9569,High Churn Risk,0,0,Standard Tier,Normal Alignment
16248,United Kingdom,UK,Need Attention,1. Low Spend (<GBP 500),152.94,1,152.94,62,62.0,409.06,390.07,425.3,35.23,409.06,0,0.011,Low Risk,0,0,Standard Tier,Normal Alignment
16249,United Kingdom,UK,Loyal Customers,2. Mid Spend (GBP 500-2k),1800.07,5,360.01,53,240.0,779.0,761.5,795.3,33.8,779.0,0,0.0584,Low Risk,0,0,Standard Tier,Normal Alignment
16250,United Kingdom,UK,At Risk,1. Low Spend (<GBP 500),389.44,2,194.72,261,374.0,201.32,192.72,209.74,17.02,201.32,1,0.6003,Elevated Risk,0,0,Standard Tier,Normal Alignment
16253,United Kingdom,UK,Loyal Customers,3. High Spend (>GBP 2k),3683.86,2,1841.93,67,256.0,1062.82,981.37,1140.95,159.59,1062.82,0,0.44,Moderate Risk,0,0,Standard Tier,Normal Alignment
16255,United Kingdom,UK,Champions,3. High Spend (>GBP 2k),2619.91,8,327.49,17,366.0,1055.6,1044.77,1064.6,19.83,1055.6,0,0.0383,Low Risk,0,0,Standard Tier,Normal Alignment
16256,United Kingdom,UK,Hibernating / Lost,2. Mid Spend (GBP 500-2k),752.43,1,752.43,267,267.0,149.56,141.93,156.62,14.69,149.56,1,0.9388,High Churn Risk,0,0,Standard Tier,Normal Alignment
16257,United Kingdom,UK,About to Sleep,1. Low Spend (<GBP 500),46.95,1,46.95,177,177.0,207.3,196.98,216.78,19.81,207.3,1,0.9787,High Churn Risk,0,0,Standard Tier,Normal Alignment
16258,United Kingdom,UK,Loyal Customers,3. High Spend (>GBP 2k),5203.51,5,1040.7,45,220.0,2652.31,2557.52,2727.07,169.56,2652.31,0,0.0434,Low Risk,1,1,Maintained VIP,Normal Alignment
16260,United Kingdom,UK,Need Attention,2. Mid Spend (GBP 500-2k),1035.45,1,1035.45,51,51.0,451.06,429.56,468.99,39.44,451.06,0,0.0225,Low Risk,0,0,Standard Tier,Normal Alignment
16261,United Kingdom,UK,Champions,2. Mid Spend (GBP 500-2k),728.54,4,182.14,17,247.0,484.04,464.62,504.09,39.48,484.04,0,0.1588,Low Risk,0,0,Standard Tier,Normal Alignment
16265,United Kingdom,UK,Champions,3. High Spend (>GBP 2k),5447.0,9,605.22,9,365.0,1974.6,1942.97,1998.57,55.6,1974.6,0,0.0314,Low Risk,1,1,Maintained VIP,Normal Alignment
16266,United Kingdom,UK,Cannot Lose Them,2. Mid Spend (GBP 500-2k),861.89,7,123.13,74,207.0,659.24,628.82,692.75,63.94,659.24,0,0.1096,Low Risk,0,0,Standard Tier,Normal Alignment
16268,United Kingdom,UK,Loyal Customers,2. Mid Spend (GBP 500-2k),667.65,2,333.82,71,72.0,377.14,359.06,392.22,33.16,377.14,0,0.0113,Low Risk,0,0,Standard Tier,Normal Alignment
16270,United Kingdom,UK,Hibernating / Lost,2. Mid Spend (GBP 500-2k),1141.24,1,1141.24,353,354.0,117.84,111.78,123.32,11.53,117.84,1,0.9337,High Churn Risk,0,0,Standard Tier,Normal Alignment
16271,United Kingdom,UK,Champions,2. Mid Spend (GBP 500-2k),1404.64,5,280.93,3,359.0,664.27,654.86,672.13,17.27,664.27,0,0.1676,Low Risk,0,0,Standard Tier,Normal Alignment
16272,United Kingdom,UK,About to Sleep,1. Low Spend (<GBP 500),411.7,1,411.7,117,117.0,279.13,265.49,291.3,25.81,279.13,1,0.9404,High Churn Risk,0,0,Standard Tier,Normal Alignment
16274,United Kingdom,UK,Hibernating / Lost,1. Low Spend (<GBP 500),351.75,1,351.75,373,374.0,112.36,106.58,117.6,11.02,112.36,1,0.9966,High Churn Risk,0,0,Standard Tier,Normal Alignment
16275,United Kingdom,UK,Hibernating / Lost,2. Mid Spend (GBP 500-2k),559.87,1,559.87,197,197.0,190.92,181.38,199.75,18.37,190.92,1,0.9442,High Churn Risk,0,0,Standard Tier,Normal Alignment
16276,United Kingdom,UK,About to Sleep,2. Mid Spend (GBP 500-2k),810.6,1,810.6,177,177.0,207.3,196.98,216.78,19.81,207.3,1,0.9451,High Churn Risk,0,0,Standard Tier,Normal Alignment
16278,United Kingdom,UK,About to Sleep,2. Mid Spend (GBP 500-2k),566.38,1,566.38,100,101.0,307.55,292.65,320.67,28.02,307.55,1,0.916,High Churn Risk,0,0,Standard Tier,Normal Alignment
16279,United Kingdom,UK,Champions,2. Mid Spend (GBP 500-2k),1502.78,3,500.93,21,177.0,1024.26,996.38,1046.34,49.96,1024.26,0,0.0936,Low Risk,0,0,Standard Tier,Normal Alignment
16281,United Kingdom,UK,Need Attention,3. High Spend (>GBP 2k),2062.06,1,2062.06,72,73.0,374.22,356.2,389.21,33.01,374.22,0,0.0387,Low Risk,0,0,Standard Tier,Normal Alignment
16282,United Kingdom,UK,Hibernating / Lost,1. Low Spend (<GBP 500),168.3,1,168.3,340,340.0,122.0,115.74,127.68,11.94,122.0,1,0.9932,High Churn Risk,0,0,Standard Tier,Normal Alignment
16283,United Kingdom,UK,Champions,2. Mid Spend (GBP 500-2k),1570.81,5,314.16,6,209.0,1052.88,1036.11,1066.64,30.53,1052.88,0,0.0484,Low Risk,0,0,Standard Tier,Normal Alignment
16284,United Kingdom,UK,Loyal Customers,2. Mid Spend (GBP 500-2k),812.68,2,406.34,31,51.0,1133.92,1092.74,1165.95,73.21,1133.92,0,0.0096,Low Risk,1,1,Maintained VIP,Normal Alignment
16287,United Kingdom,UK,About to Sleep,1. Low Spend (<GBP 500),142.5,1,142.5,170,170.0,213.71,203.14,223.45,20.31,213.71,1,0.9492,High Churn Risk,0,0,Standard Tier,Normal Alignment
16292,United Kingdom,UK,About to Sleep,1. Low Spend (<GBP 500),302.25,1,302.25,122,122.0,271.29,258.0,283.18,25.19,271.29,1,0.9477,High Churn Risk,0,0,Standard Tier,Normal Alignment
16293,United Kingdom,UK,Champions,3. High Spend (>GBP 2k),2248.99,10,224.9,22,368.0,887.26,878.07,893.89,15.81,887.26,0,0.0557,Low Risk,0,0,Standard Tier,Normal Alignment
16295,United Kingdom,UK,Champions,2. Mid Spend (GBP 500-2k),1328.55,4,332.14,10,65.0,1840.64,1780.68,1886.91,106.23,1840.64,0,0.0115,Low Risk,1,1,Maintained VIP,Normal Alignment
16297,United Kingdom,UK,Hibernating / Lost,1. Low Spend (<GBP 500),301.9,1,301.9,269,269.0,148.64,141.06,155.65,14.6,148.64,1,0.9891,High Churn Risk,0,0,Standard Tier,Normal Alignment
16298,United Kingdom,UK,Champions,2. Mid Spend (GBP 500-2k),598.2,3,199.4,23,187.0,582.94,565.31,598.74,33.43,582.94,0,0.2156,Low Risk,0,0,Standard Tier,Normal Alignment
16302,United Kingdom,UK,About to Sleep,1. Low Spend (<GBP 500),233.22,1,233.22,127,127.0,263.89,250.92,275.51,24.59,263.89,1,0.9787,High Churn Risk,0,0,Standard Tier,Normal Alignment
16303,United Kingdom,UK,Champions,3. High Spend (>GBP 2k),5360.63,3,1786.88,26,334.0,1890.23,1773.52,1991.93,218.41,1890.23,0,0.3563,Moderate Risk,1,1,Maintained VIP,Normal Alignment
16305,United Kingdom,UK,About to Sleep,1. Low Spend (<GBP 500),361.22,1,361.22,139,139.0,247.66,235.45,258.69,23.25,247.66,1,0.9569,High Churn Risk,0,0,Standard Tier,Normal Alignment
16306,United Kingdom,UK,Cannot Lose Them,2. Mid Spend (GBP 500-2k),632.27,6,105.38,214,368.0,394.11,375.95,415.29,39.35,394.11,1,0.3481,Moderate Risk,0,0,Standard Tier,Normal Alignment
16308,United Kingdom,UK,Loyal Customers,3. High Spend (>GBP 2k),2560.0,4,640.0,38,262.0,1312.57,1273.17,1345.57,72.4,1312.57,0,0.1804,Low Risk,1,1,Maintained VIP,Normal Alignment
16309,United Kingdom,UK,At Risk,2. Mid Spend (GBP 500-2k),706.57,2,353.28,106,241.0,386.19,377.02,393.4,16.38,386.19,1,0.4947,Moderate Risk,0,0,Standard Tier,Normal Alignment
16311,United Kingdom,UK,Loyal Customers,2. Mid Spend (GBP 500-2k),616.26,2,308.13,18,50.0,881.02,841.34,911.17,69.82,881.02,0,0.0081,Low Risk,0,0,Standard Tier,Normal Alignment
16313,United Kingdom,UK,Loyal Customers,1. Low Spend (<GBP 500),274.15,2,137.07,3,50.0,743.76,697.51,782.92,85.41,743.76,0,0.0083,Low Risk,0,0,Standard Tier,Normal Alignment
16315,United Kingdom,UK,Hibernating / Lost,1. Low Spend (<GBP 500),226.37,1,226.37,331,331.0,124.84,118.43,130.65,12.22,124.84,1,0.9935,High Churn Risk,0,0,Standard Tier,Normal Alignment
16316,United Kingdom,UK,Loyal Customers,3. High Spend (>GBP 2k),2938.91,8,367.36,64,359.0,1214.21,1201.17,1223.03,21.85,1214.21,0,0.0425,Low Risk,1,1,Maintained VIP,Normal Alignment
16317,United Kingdom,UK,At Risk,2. Mid Spend (GBP 500-2k),1341.65,3,447.22,120,298.0,519.45,511.61,525.62,14.01,519.45,1,0.4668,Moderate Risk,0,0,Standard Tier,Normal Alignment
16318,United Kingdom,UK,Need Attention,1. Low Spend (<GBP 500),328.15,1,328.15,35,36.0,524.48,499.6,545.45,45.84,524.48,0,0.0034,Low Risk,0,0,Standard Tier,Normal Alignment
16319,United Kingdom,UK,Hibernating / Lost,1. Low Spend (<GBP 500),404.4,1,404.4,218,218.0,176.29,167.52,184.53,17.01,176.29,1,0.9888,High Churn Risk,0,0,Standard Tier,Normal Alignment
16320,Unspecified,International,At Risk,2. Mid Spend (GBP 500-2k),1038.46,2,519.23,172,214.0,331.76,319.04,344.61,25.57,405.83,1,0.4891,Moderate Risk,0,0,Standard Tier,Normal Alignment
16321,Australia,International,Loyal Customers,1. Low Spend (<GBP 500),373.65,5,74.73,72,324.0,296.24,281.7,311.19,29.5,296.24,0,0.4503,Moderate Risk,0,0,Standard Tier,Normal Alignment
16322,United Kingdom,UK,Loyal Customers,1. Low Spend (<GBP 500),326.75,2,163.38,1,37.0,857.88,802.49,904.35,101.86,857.88,0,0.0036,Low Risk,0,0,Standard Tier,Normal Alignment
16323,United Kingdom,UK,Hibernating / Lost,1. Low Spend (<GBP 500),207.5,1,207.5,196,197.0,190.92,181.38,199.75,18.37,190.92,1,0.9896,High Churn Risk,0,0,Standard Tier,Normal Alignment
16324,United Kingdom,UK,At Risk,1. Low Spend (<GBP 500),408.59,3,136.2,128,178.0,421.56,408.17,434.26,26.08,421.56,1,0.18,Low Risk,0,0,Standard Tier,Normal Alignment
16325,United Kingdom,UK,Loyal Customers,2. Mid Spend (GBP 500-2k),594.24,3,198.08,47,246.0,429.93,413.91,445.06,31.15,429.93,0,0.3183,Moderate Risk,0,0,Standard Tier,Normal Alignment
16326,United Kingdom,UK,Champions,3. High Spend (>GBP 2k),3039.22,14,217.09,6,335.0,1392.62,1372.6,1410.46,37.86,1392.62,0,0.0725,Low Risk,1,1,Maintained VIP,Normal Alignment
16327,United Kingdom,UK,Champions,3. High Spend (>GBP 2k),3820.27,6,636.71,14,370.0,1414.65,1387.16,1436.3,49.14,1414.65,0,0.0727,Low Risk,1,1,Maintained VIP,Normal Alignment
16330,United Kingdom,UK,Champions,1. Low Spend (<GBP 500),251.91,3,83.97,18,113.0,543.52,521.36,562.48,41.12,543.52,0,0.1808,Low Risk,0,0,Standard Tier,Normal Alignment
16332,United Kingdom,UK,Champions,2. Mid Spend (GBP 500-2k),1582.8,7,226.11,28,306.0,868.23,852.17,883.15,30.97,868.23,0,0.0692,Low Risk,0,0,Standard Tier,Normal Alignment
16333,United Kingdom,UK,Champions,3. High Spend (>GBP 2k),26626.8,22,1210.31,8,310.0,11943.79,11686.95,12144.66,457.71,11943.79,0,0.0616,Low Risk,1,1,Maintained VIP,Normal Alignment
16337,United Kingdom,UK,Need Attention,1. Low Spend (<GBP 500),151.05,1,151.05,37,37.0,518.85,494.27,539.52,45.25,518.85,0,0.0044,Low Risk,0,0,Standard Tier,Normal Alignment
16338,United Kingdom,UK,About to Sleep,1. Low Spend (<GBP 500),214.8,1,214.8,157,158.0,225.69,214.54,235.89,21.35,225.69,1,0.9793,High Churn Risk,0,0,Standard Tier,Normal Alignment
16339,United Kingdom,UK,Hibernating / Lost,1. Low Spend (<GBP 500),94.05,1,94.05,284,285.0,141.67,134.43,148.33,13.9,141.67,1,0.9877,High Churn Risk,0,0,Standard Tier,Normal Alignment
16340,United Kingdom,UK,About to Sleep,2. Mid Spend (GBP 500-2k),534.31,1,534.31,107,108.0,294.43,280.13,307.13,27.0,294.43,1,0.8719,High Churn Risk,0,0,Standard Tier,Normal Alignment
16341,United Kingdom,UK,Champions,2. Mid Spend (GBP 500-2k),1971.87,4,492.97,25,202.0,942.46,916.46,963.91,47.45,942.46,0,0.0755,Low Risk,0,0,Standard Tier,Normal Alignment
16342,United Kingdom,UK,At Risk,1. Low Spend (<GBP 500),322.41,4,80.6,75,180.0,432.45,399.15,469.61,70.46,432.45,0,0.2888,Moderate Risk,0,0,Standard Tier,Normal Alignment
16343,United Kingdom,UK,Loyal Customers,1. Low Spend (<GBP 500),328.58,2,164.29,16,17.0,660.7,626.69,689.09,62.4,660.7,0,0.005,Low Risk,0,0,Standard Tier,Normal Alignment
16344,United Kingdom,UK,About to Sleep,1. Low Spend (<GBP 500),101.1,1,101.1,158,159.0,224.64,213.55,234.8,21.25,224.64,1,0.9765,High Churn Risk,0,0,Standard Tier,Normal Alignment
16345,United Kingdom,UK,Need Attention,2. Mid Spend (GBP 500-2k),565.46,1,565.46,44,45.0,477.81,455.14,496.47,41.33,477.81,0,0.0105,Low Risk,0,0,Standard Tier,Normal Alignment
16347,United Kingdom,UK,Loyal Customers,2. Mid Spend (GBP 500-2k),847.45,2,423.72,11,37.0,1287.32,1239.19,1327.29,88.1,1287.32,0,0.0073,Low Risk,1,1,Maintained VIP,Normal Alignment
16348,United Kingdom,UK,Champions,2. Mid Spend (GBP 500-2k),1415.65,7,202.24,32,241.0,788.93,767.75,810.3,42.54,788.93,0,0.0635,Low Risk,0,0,Standard Tier,Normal Alignment
16349,United Kingdom,UK,Hibernating / Lost,1. Low Spend (<GBP 500),53.5,1,53.5,291,291.0,139.22,132.1,145.76,13.66,139.22,1,0.9873,High Churn Risk,0,0,Standard Tier,Normal Alignment
16350,United Kingdom,UK,Champions,2. Mid Spend (GBP 500-2k),1116.47,4,279.12,21,334.0,479.91,468.56,491.18,22.62,479.91,0,0.2347,Low Risk,0,0,Standard Tier,Normal Alignment
16351,United Kingdom,UK,Hibernating / Lost,1. Low Spend (<GBP 500),153.9,1,153.9,333,333.0,124.2,117.82,129.98,12.16,124.2,1,0.9929,High Churn Risk,0,0,Standard Tier,Normal Alignment
16352,United Kingdom,UK,Loyal Customers,1. Low Spend (<GBP 500),494.44,2,247.22,18,38.0,1100.34,1057.97,1135.73,77.76,1100.34,0,0.0047,Low Risk,1,1,Maintained VIP,Normal Alignment
16353,United Kingdom,UK,Champions,3. High Spend (>GBP 2k),6675.71,23,290.25,4,370.0,2767.75,2742.04,2787.64,45.6,2767.75,0,0.0328,Low Risk,1,1,Maintained VIP,Normal Alignment
16354,United Kingdom,UK,Loyal Customers,1. Low Spend (<GBP 500),395.8,2,197.9,63,74.0,527.1,486.3,566.1,79.8,527.1,0,0.0224,Low Risk,0,0,Standard Tier,Normal Alignment
16356,United Kingdom,UK,At Risk,1. Low Spend (<GBP 500),211.77,3,70.59,198,278.0,259.48,238.38,281.93,43.54,259.48,1,0.5779,Elevated Risk,0,0,Standard Tier,Normal Alignment
16357,United Kingdom,UK,Champions,2. Mid Spend (GBP 500-2k),658.88,3,219.63,33,214.0,544.87,530.21,557.93,27.72,544.87,0,0.2388,Low Risk,0,0,Standard Tier,Normal Alignment
16358,United Kingdom,UK,Champions,3. High Spend (>GBP 2k),2027.5,4,506.88,1,185.0,1302.11,1274.8,1321.93,47.13,1302.11,0,0.0505,Low Risk,1,1,Maintained VIP,Normal Alignment
16359,United Kingdom,UK,Champions,2. Mid Spend (GBP 500-2k),1750.92,9,194.55,7,332.0,906.95,889.12,924.39,35.27,906.95,0,0.0707,Low Risk,0,0,Standard Tier,Normal Alignment
16360,United Kingdom,UK,Champions,3. High Spend (>GBP 2k),3450.41,6,575.07,5,89.0,4109.86,3978.82,4219.83,241.01,4109.86,0,0.0185,Low Risk,1,1,Maintained VIP,Normal Alignment
16361,United Kingdom,UK,Champions,2. Mid Spend (GBP 500-2k),891.21,4,222.8,10,72.0,1241.2,1185.79,1288.86,103.07,1241.2,0,0.0131,Low Risk,1,1,Maintained VIP,Normal Alignment
16362,United Kingdom,UK,Champions,2. Mid Spend (GBP 500-2k),709.99,5,142.0,32,92.0,823.14,786.81,856.48,69.67,823.14,0,0.016,Low Risk,0,0,Standard Tier,Normal Alignment
16363,United Kingdom,UK,Need Attention,1. Low Spend (<GBP 500),109.36,1,109.36,53,54.0,438.77,417.79,456.36,38.58,438.77,0,0.0152,Low Risk,0,0,Standard Tier,Normal Alignment
16364,United Kingdom,UK,Loyal Customers,2. Mid Spend (GBP 500-2k),705.79,2,352.9,12,138.0,582.14,568.66,593.3,24.65,582.14,0,0.2723,Moderate Risk,0,0,Standard Tier,Normal Alignment
16365,United Kingdom,UK,Champions,2. Mid Spend (GBP 500-2k),1540.42,9,171.16,18,368.0,724.83,709.88,740.79,30.91,724.83,0,0.1162,Low Risk,0,0,Standard Tier,Normal Alignment
16366,United Kingdom,UK,Potential Loyalists,1. Low Spend (<GBP 500),327.3,1,327.3,19,19.0,643.12,610.48,670.52,60.04,643.12,0,0.0036,Low Risk,0,0,Standard Tier,Normal Alignment
16367,United Kingdom,UK,Loyal Customers,2. Mid Spend (GBP 500-2k),800.67,2,400.34,37,363.0,357.73,345.72,370.64,24.92,357.73,0,0.4558,Moderate Risk,0,0,Standard Tier,Normal Alignment
16368,United Kingdom,UK,Loyal Customers,1. Low Spend (<GBP 500),479.91,2,239.96,2,29.0,1039.33,981.44,1083.59,102.15,1039.33,0,0.01,Low Risk,0,0,Standard Tier,Normal Alignment
16369,United Kingdom,UK,Champions,2. Mid Spend (GBP 500-2k),1545.41,3,515.14,18,197.0,970.8,943.79,993.38,49.59,970.8,0,0.1061,Low Risk,0,0,Standard Tier,Normal Alignment
16370,United Kingdom,UK,At Risk,2. Mid Spend (GBP 500-2k),1301.91,4,325.48,82,226.0,821.41,807.81,831.21,23.41,821.41,0,0.1236,Low Risk,0,0,Standard Tier,Normal Alignment
16372,United Kingdom,UK,Loyal Customers,1. Low Spend (<GBP 500),355.73,2,177.86,33,34.0,536.11,510.64,558.27,47.63,536.11,0,0.0082,Low Risk,0,0,Standard Tier,Normal Alignment
16374,United Kingdom,UK,Loyal Customers,1. Low Spend (<GBP 500),466.73,2,233.36,66,263.0,334.32,325.47,341.56,16.09,334.32,0,0.4274,Moderate Risk,0,0,Standard Tier,Normal Alignment
16376,United Kingdom,UK,Loyal Customers,2. Mid Spend (GBP 500-2k),974.96,2,487.48,9,18.0,1076.04,1004.03,1135.55,131.52,1076.04,0,0.0166,Low Risk,0,0,Standard Tier,Normal Alignment
16377,United Kingdom,UK,Hibernating / Lost,2. Mid Spend (GBP 500-2k),676.2,1,676.2,267,268.0,149.1,141.49,156.13,14.64,149.1,1,0.9498,High Churn Risk,0,0,Standard Tier,Normal Alignment
16378,United Kingdom,UK,At Risk,1. Low Spend (<GBP 500),362.95,3,120.98,247,311.0,279.82,263.21,297.2,33.99,279.82,1,0.5274,Elevated Risk,0,0,Standard Tier,Normal Alignment
16379,United Kingdom,UK,Champions,3. High Spend (>GBP 2k),2157.4,4,539.35,4,79.0,2451.94,2378.23,2515.46,137.23,2451.94,0,0.0204,Low Risk,1,1,Maintained VIP,Normal Alignment
16380,United Kingdom,UK,Need Attention,2. Mid Spend (GBP 500-2k),1743.15,1,1743.15,61,62.0,409.06,390.07,425.3,35.23,409.06,0,0.0307,Low Risk,0,0,Standard Tier,Normal Alignment
16383,United Kingdom,UK,At Risk,2. Mid Spend (GBP 500-2k),643.76,2,321.88,75,269.0,337.17,328.25,343.98,15.73,337.17,0,0.4828,Moderate Risk,0,0,Standard Tier,Normal Alignment
16384,United Kingdom,UK,At Risk,2. Mid Spend (GBP 500-2k),584.5,2,292.25,90,264.0,275.58,264.43,286.73,22.3,275.58,0,0.5317,Elevated Risk,0,0,Standard Tier,Normal Alignment
16385,United Kingdom,UK,Loyal Customers,2. Mid Spend (GBP 500-2k),554.86,3,184.95,60,367.0,308.47,297.45,319.23,21.78,308.47,0,0.4067,Moderate Risk,0,0,Standard Tier,Normal Alignment
16386,United Kingdom,UK,Loyal Customers,1. Low Spend (<GBP 500),302.57,2,151.28,29,254.0,313.16,302.98,323.42,20.44,313.16,0,0.4791,Moderate Risk,0,0,Standard Tier,Normal Alignment
16387,United Kingdom,UK,Hibernating / Lost,1. Low Spend (<GBP 500),94.36,1,94.36,323,323.0,127.47,120.94,133.42,12.48,127.47,1,0.9894,High Churn Risk,0,0,Standard Tier,Normal Alignment
16389,United Kingdom,UK,Loyal Customers,2. Mid Spend (GBP 500-2k),1382.07,4,345.52,53,284.0,786.39,775.24,794.74,19.5,786.39,0,0.1936,Low Risk,0,0,Standard Tier,Normal Alignment
16392,United Kingdom,UK,Hibernating / Lost,1. Low Spend (<GBP 500),217.89,1,217.89,270,270.0,148.19,140.62,155.17,14.55,148.19,1,0.9825,High Churn Risk,0,0,Standard Tier,Normal Alignment
16393,United Kingdom,UK,Champions,3. High Spend (>GBP 2k),3040.96,13,233.92,2,370.0,1310.73,1293.16,1326.68,33.53,1310.73,0,0.0375,Low Risk,1,1,Maintained VIP,Normal Alignment
16394,United Kingdom,UK,Loyal Customers,2. Mid Spend (GBP 500-2k),1555.34,5,311.07,57,290.0,783.72,771.8,793.65,21.84,783.72,0,0.1214,Low Risk,0,0,Standard Tier,Normal Alignment
16395,United Kingdom,UK,Loyal Customers,2. Mid Spend (GBP 500-2k),1482.06,5,296.41,61,331.0,675.5,664.16,685.18,21.02,675.5,0,0.156,Low Risk,0,0,Standard Tier,Normal Alignment
16398,United Kingdom,UK,At Risk,2. Mid Spend (GBP 500-2k),1705.8,2,852.9,154,254.0,441.0,429.02,451.7,22.68,441.0,1,0.5334,Elevated Risk,0,0,Standard Tier,Normal Alignment
16399,United Kingdom,UK,Loyal Customers,1. Low Spend (<GBP 500),408.02,2,204.01,19,236.0,326.98,315.9,337.57,21.67,326.98,0,0.4793,Moderate Risk,0,0,Standard Tier,Normal Alignment
16400,United Kingdom,UK,About to Sleep,1. Low Spend (<GBP 500),303.93,1,303.93,95,95.0,319.75,304.13,333.0,28.87,319.75,1,0.8755,High Churn Risk,0,0,Standard Tier,Normal Alignment
16401,United Kingdom,UK,Champions,3. High Spend (>GBP 2k),4098.32,12,341.53,1,328.0,1777.19,1758.02,1791.68,33.66,1777.19,0,0.0297,Low Risk,1,1,Maintained VIP,Normal Alignment
16402,United Kingdom,UK,At Risk,1. Low Spend (<GBP 500),293.45,2,146.72,265,370.0,179.34,168.52,189.95,21.44,179.34,1,0.6063,Elevated Risk,0,0,Standard Tier,Normal Alignment
16403,United Kingdom,UK,Hibernating / Lost,1. Low Spend (<GBP 500),177.5,1,177.5,312,313.0,130.93,124.22,137.04,12.83,130.93,1,0.9932,High Churn Risk,0,0,Standard Tier,Normal Alignment
16404,United Kingdom,UK,Need Attention,1. Low Spend (<GBP 500),443.05,1,443.05,70,71.0,380.11,361.96,395.29,33.33,380.11,0,0.0196,Low Risk,0,0,Standard Tier,Normal Alignment
16405,United Kingdom,UK,At Risk,1. Low Spend (<GBP 500),167.25,2,83.62,302,311.0,234.8,224.56,244.9,20.34,234.8,1,0.6113,Elevated Risk,0,0,Standard Tier,Normal Alignment
16406,United Kingdom,UK,Potential Loyalists,1. Low Spend (<GBP 500),154.35,1,154.35,19,19.0,643.12,610.48,670.52,60.04,643.12,0,0.0039,Low Risk,0,0,Standard Tier,Normal Alignment
16407,United Kingdom,UK,Champions,3. High Spend (>GBP 2k),2079.68,10,207.97,13,313.0,1024.06,1005.49,1042.08,36.6,1024.06,0,0.045,Low Risk,0,0,Standard Tier,Normal Alignment
16409,United Kingdom,UK,Loyal Customers,3. High Spend (>GBP 2k),2022.98,5,404.6,36,318.0,939.11,926.53,947.41,20.89,939.11,0,0.1196,Low Risk,0,0,Standard Tier,Normal Alignment
16411,United Kingdom,UK,Loyal Customers,1. Low Spend (<GBP 500),211.7,2,105.85,19,370.0,177.87,166.92,188.65,21.74,177.87,0,0.6296,Elevated Risk,0,0,Standard Tier,Normal Alignment
16412,United Kingdom,UK,Need Attention,1. Low Spend (<GBP 500),135.99,1,135.99,54,54.0,438.77,417.79,456.36,38.58,438.77,0,0.0124,Low Risk,0,0,Standard Tier,Normal Alignment
16413,United Kingdom,UK,Need Attention,1. Low Spend (<GBP 500),262.2,1,262.2,57,57.0,427.14,406.64,444.37,37.73,427.14,0,0.0102,Low Risk,0,0,Standard Tier,Normal Alignment
16414,United Kingdom,UK,Loyal Customers,1. Low Spend (<GBP 500),126.25,2,63.12,22,281.0,221.75,207.74,235.67,27.93,221.75,0,0.6496,Elevated Risk,0,0,Standard Tier,Normal Alignment
16415,United Kingdom,UK,Need Attention,1. Low Spend (<GBP 500),200.27,1,200.27,44,45.0,477.81,455.14,496.47,41.33,477.81,0,0.0105,Low Risk,0,0,Standard Tier,Normal Alignment
16416,United Kingdom,UK,Champions,2. Mid Spend (GBP 500-2k),1051.4,3,350.47,27,57.0,1556.42,1505.57,1594.49,88.93,1556.42,0,0.0107,Low Risk,1,1,Maintained VIP,Normal Alignment
16418,United Kingdom,UK,Loyal Customers,2. Mid Spend (GBP 500-2k),631.12,3,210.37,45,227.0,501.27,486.82,514.88,28.05,501.27,0,0.2378,Low Risk,0,0,Standard Tier,Normal Alignment
16419,United Kingdom,UK,Cannot Lose Them,2. Mid Spend (GBP 500-2k),958.71,6,159.78,113,312.0,507.22,490.94,524.42,33.48,507.22,1,0.1625,Low Risk,0,0,Standard Tier,Normal Alignment
16422,United Kingdom,UK,Champions,3. High Spend (>GBP 2k),34684.4,51,680.09,17,370.0,13528.11,13389.58,13636.83,247.25,13528.11,0,0.0378,Low Risk,1,1,Maintained VIP,Normal Alignment
16423,United Kingdom,UK,Potential Loyalists,1. Low Spend (<GBP 500),346.12,1,346.12,25,25.0,595.57,566.3,620.37,54.07,595.57,0,0.0034,Low Risk,0,0,Standard Tier,Normal Alignment
16424,United Kingdom,UK,Hibernating / Lost,1. Low Spend (<GBP 500),133.56,1,133.56,191,192.0,194.77,184.98,203.75,18.77,194.77,1,0.9938,High Churn Risk,0,0,Standard Tier,Normal Alignment
16425,United Kingdom,UK,Hibernating / Lost,1. Low Spend (<GBP 500),302.7,1,302.7,302,303.0,134.57,127.68,140.87,13.19,134.57,1,0.9882,High Churn Risk,0,0,Standard Tier,Normal Alignment
16426,United Kingdom,UK,Champions,2. Mid Spend (GBP 500-2k),1863.76,10,186.38,2,277.0,980.24,962.92,995.79,32.87,980.24,0,0.0429,Low Risk,0,0,Standard Tier,Normal Alignment
16427,United Kingdom,UK,At Risk,1. Low Spend (<GBP 500),241.06,2,120.53,263,285.0,241.19,229.07,252.87,23.8,241.19,1,0.6363,Elevated Risk,0,0,Standard Tier,Normal Alignment
16429,United Kingdom,UK,About to Sleep,1. Low Spend (<GBP 500),284.55,1,284.55,106,107.0,296.24,281.85,308.99,27.14,296.24,1,0.9383,High Churn Risk,0,0,Standard Tier,Normal Alignment
16430,United Kingdom,UK,Need Attention,1. Low Spend (<GBP 500),300.85,1,300.85,57,58.0,423.4,403.07,440.41,37.34,423.4,0,0.0084,Low Risk,0,0,Standard Tier,Normal Alignment
16431,United Kingdom,UK,At Risk,2. Mid Spend (GBP 500-2k),623.28,3,207.76,213,298.0,292.21,283.92,299.57,15.65,292.21,1,0.448,Moderate Risk,0,0,Standard Tier,Normal Alignment
16432,United Kingdom,UK,Need Attention,1. Low Spend (<GBP 500),287.4,1,287.4,64,65.0,398.93,380.34,414.88,34.54,398.93,0,0.0263,Low Risk,0,0,Standard Tier,Normal Alignment
16433,United Kingdom,UK,Potential Loyalists,1. Low Spend (<GBP 500),184.26,1,184.26,28,29.0,567.59,540.21,590.85,50.64,567.59,0,0.0027,Low Risk,0,0,Standard Tier,Normal Alignment
16434,United Kingdom,UK,Champions,2. Mid Spend (GBP 500-2k),1511.8,7,215.97,29,300.0,727.14,708.96,746.47,37.5,727.14,0,0.0693,Low Risk,0,0,Standard Tier,Normal Alignment
16438,United Kingdom,UK,Champions,2. Mid Spend (GBP 500-2k),798.35,5,159.67,6,83.0,1215.06,1153.47,1269.64,116.16,1215.06,0,0.018,Low Risk,1,1,Maintained VIP,Normal Alignment
16440,United Kingdom,UK,Champions,3. High Spend (>GBP 2k),3640.67,5,728.13,8,215.0,2234.91,2168.21,2287.25,119.04,2234.91,0,0.0457,Low Risk,1,1,Maintained VIP,Normal Alignment
16441,United Kingdom,UK,Loyal Customers,1. Low Spend (<GBP 500),381.2,2,190.6,67,292.0,251.4,240.91,261.62,20.71,251.4,0,0.5814,Elevated Risk,0,0,Standard Tier,Normal Alignment
16442,United Kingdom,UK,Champions,2. Mid Spend (GBP 500-2k),609.3,3,203.1,2,361.0,332.15,322.6,341.8,19.19,332.15,0,0.3866,Moderate Risk,0,0,Standard Tier,Normal Alignment
16444,United Kingdom,UK,Loyal Customers,2. Mid Spend (GBP 500-2k),654.67,4,163.67,46,265.0,485.4,467.98,502.75,34.76,485.4,0,0.219,Low Risk,0,0,Standard Tier,Normal Alignment
16445,United Kingdom,UK,Need Attention,1. Low Spend (<GBP 500),230.51,1,230.51,34,34.0,536.11,510.64,558.27,47.63,536.11,0,0.0049,Low Risk,0,0,Standard Tier,Normal Alignment
16446,United Kingdom,UK,Loyal Customers,3. High Spend (>GBP 2k),168472.5,2,84236.25,1,206.0,86806.38,76881.36,96048.72,19167.36,86806.38,0,0.5079,Elevated Risk,1,1,Maintained VIP,Normal Alignment
16447,United Kingdom,UK,About to Sleep,1. Low Spend (<GBP 500),255.91,1,255.91,136,136.0,251.53,239.12,262.7,23.58,251.53,1,0.9303,High Churn Risk,0,0,Standard Tier,Normal Alignment
16448,United Kingdom,UK,Hibernating / Lost,1. Low Spend (<GBP 500),182.99,1,182.99,198,199.0,189.42,179.98,198.19,18.22,189.42,1,0.9931,High Churn Risk,0,0,Standard Tier,Normal Alignment
16449,United Kingdom,UK,At Risk,2. Mid Spend (GBP 500-2k),707.69,2,353.84,198,281.0,307.87,299.19,315.41,16.22,307.87,1,0.5063,Elevated Risk,0,0,Standard Tier,Normal Alignment
16450,United Kingdom,UK,About to Sleep,1. Low Spend (<GBP 500),311.92,1,311.92,150,150.0,234.45,222.88,244.98,22.11,234.45,1,0.9675,High Churn Risk,0,0,Standard Tier,Normal Alignment
16451,United Kingdom,UK,About to Sleep,1. Low Spend (<GBP 500),266.97,1,266.97,88,88.0,335.28,318.86,349.04,30.17,335.28,0,0.0233,Low Risk,0,0,Standard Tier,Normal Alignment
16454,United Kingdom,UK,Loyal Customers,1. Low Spend (<GBP 500),6.9,2,3.45,45,65.0,534.34,488.23,577.86,89.63,534.34,0,0.0392,Low Risk,0,0,Standard Tier,Normal Alignment
16455,United Kingdom,UK,Loyal Customers,2. Mid Spend (GBP 500-2k),1841.18,7,263.03,64,372.0,725.48,714.52,734.68,20.16,725.48,0,0.0958,Low Risk,0,0,Standard Tier,Normal Alignment
16456,United Kingdom,UK,At Risk,3. High Spend (>GBP 2k),2158.18,5,431.64,99,374.0,677.48,669.0,683.96,14.96,677.48,1,0.2393,Low Risk,0,0,Standard Tier,Normal Alignment
16457,United Kingdom,UK,Hibernating / Lost,1. Low Spend (<GBP 500),208.36,1,208.36,218,219.0,175.65,166.9,183.86,16.95,175.65,1,0.9961,High Churn Risk,0,0,Standard Tier,Normal Alignment
16458,United Kingdom,UK,Champions,3. High Spend (>GBP 2k),3482.74,18,193.49,3,361.0,1528.66,1505.67,1549.02,43.35,1528.66,0,0.0372,Low Risk,1,1,Maintained VIP,Normal Alignment
16460,United Kingdom,UK,Champions,2. Mid Spend (GBP 500-2k),811.23,3,270.41,28,82.0,1098.94,1067.11,1126.17,59.05,1098.94,0,0.0123,Low Risk,1,1,Maintained VIP,Normal Alignment
16461,United Kingdom,UK,About to Sleep,1. Low Spend (<GBP 500),142.92,1,142.92,178,178.0,206.41,196.13,215.86,19.74,206.41,1,0.984,High Churn Risk,0,0,Standard Tier,Normal Alignment
16462,United Kingdom,UK,At Risk,1. Low Spend (<GBP 500),136.0,3,45.33,74,284.0,251.54,230.69,273.8,43.11,251.54,0,0.4842,Moderate Risk,0,0,Standard Tier,Normal Alignment
16463,United Kingdom,UK,Champions,2. Mid Spend (GBP 500-2k),1422.4,4,355.6,21,205.0,930.56,915.97,941.84,25.87,930.56,0,0.0768,Low Risk,0,0,Standard Tier,Normal Alignment
16464,United Kingdom,UK,Champions,2. Mid Spend (GBP 500-2k),1298.66,3,432.89,20,143.0,1032.65,1008.43,1048.74,40.31,1032.65,0,0.0521,Low Risk,0,0,Standard Tier,Normal Alignment
16466,United Kingdom,UK,Loyal Customers,2. Mid Spend (GBP 500-2k),1595.96,7,227.99,34,293.0,912.78,896.44,927.94,31.5,912.78,0,0.0674,Low Risk,0,0,Standard Tier,Normal Alignment
16468,United Kingdom,UK,About to Sleep,1. Low Spend (<GBP 500),74.9,1,74.9,74,75.0,368.52,350.61,383.33,32.71,368.52,0,0.0287,Low Risk,0,0,Standard Tier,Normal Alignment
16469,United Kingdom,UK,Champions,2. Mid Spend (GBP 500-2k),625.42,4,156.35,24,247.0,406.04,389.34,422.36,33.03,406.04,0,0.1877,Low Risk,0,0,Standard Tier,Normal Alignment
16470,United Kingdom,UK,Loyal Customers,2. Mid Spend (GBP 500-2k),752.77,4,188.19,52,359.0,375.8,361.45,389.73,28.28,375.8,0,0.2584,Moderate Risk,0,0,Standard Tier,Normal Alignment
16471,United Kingdom,UK,Hibernating / Lost,1. Low Spend (<GBP 500),223.95,1,223.95,275,275.0,145.95,138.5,152.82,14.33,145.95,1,0.9963,High Churn Risk,0,0,Standard Tier,Normal Alignment
16473,United Kingdom,UK,At Risk,1. Low Spend (<GBP 500),316.11,3,105.37,165,337.0,241.84,225.45,259.47,34.03,241.84,1,0.546,Elevated Risk,0,0,Standard Tier,Normal Alignment
16474,United Kingdom,UK,Champions,2. Mid Spend (GBP 500-2k),1810.65,7,258.66,7,146.0,1544.0,1512.76,1569.99,57.24,1544.0,0,0.0362,Low Risk,1,1,Maintained VIP,Normal Alignment
16475,United Kingdom,UK,At Risk,2. Mid Spend (GBP 500-2k),544.3,4,136.07,88,274.0,332.04,308.85,357.65,48.8,332.04,0,0.309,Moderate Risk,0,0,Standard Tier,Normal Alignment
16477,United Kingdom,UK,Loyal Customers,3. High Spend (>GBP 2k),2494.46,7,356.35,64,372.0,1040.36,1030.26,1048.42,18.16,1040.36,0,0.0611,Low Risk,0,0,Standard Tier,Normal Alignment
16478,United Kingdom,UK,Champions,1. Low Spend (<GBP 500),331.0,3,110.33,25,66.0,731.9,673.51,787.87,114.36,731.9,0,0.0124,Low Risk,0,0,Standard Tier,Normal Alignment
16479,United Kingdom,UK,Loyal Customers,1. Low Spend (<GBP 500),300.83,2,150.42,10,11.0,719.74,680.92,751.21,70.29,719.74,0,0.0047,Low Risk,0,0,Standard Tier,Normal Alignment
16480,United Kingdom,UK,About to Sleep,2. Mid Spend (GBP 500-2k),769.29,1,769.29,76,76.0,365.73,347.94,380.45,32.51,365.73,0,0.0551,Low Risk,0,0,Standard Tier,Normal Alignment
16482,United Kingdom,UK,Potential Loyalists,1. Low Spend (<GBP 500),220.62,1,220.62,16,16.0,669.86,635.12,698.77,63.65,669.86,0,0.0029,Low Risk,0,0,Standard Tier,Normal Alignment
16483,United Kingdom,UK,Hibernating / Lost,1. Low Spend (<GBP 500),139.35,1,139.35,192,193.0,193.98,184.25,202.94,18.69,193.98,1,0.9909,High Churn Risk,0,0,Standard Tier,Normal Alignment
16484,United Kingdom,UK,At Risk,1. Low Spend (<GBP 500),404.3,2,202.15,174,191.0,326.02,307.75,342.61,34.85,326.02,1,0.4642,Moderate Risk,0,0,Standard Tier,Normal Alignment
16485,United Kingdom,UK,About to Sleep,1. Low Spend (<GBP 500),363.65,1,363.65,77,78.0,360.27,342.73,374.83,32.1,360.27,0,0.0395,Low Risk,0,0,Standard Tier,Normal Alignment
16488,United Kingdom,UK,Champions,1. Low Spend (<GBP 500),498.8,3,166.27,33,149.0,544.52,517.22,571.06,53.83,544.52,0,0.1328,Low Risk,0,0,Standard Tier,Normal Alignment
16491,United Kingdom,UK,Need Attention,2. Mid Spend (GBP 500-2k),731.5,1,731.5,47,47.0,468.55,446.28,486.96,40.68,468.55,0,0.0159,Low Risk,0,0,Standard Tier,Normal Alignment
16493,United Kingdom,UK,At Risk,2. Mid Spend (GBP 500-2k),1351.63,4,337.91,80,330.0,677.36,668.54,684.35,15.81,677.36,0,0.2217,Low Risk,0,0,Standard Tier,Normal Alignment
16494,United Kingdom,UK,Hibernating / Lost,2. Mid Spend (GBP 500-2k),826.53,1,826.53,297,297.0,136.86,129.85,143.27,13.42,136.86,1,0.9531,High Churn Risk,0,0,Standard Tier,Normal Alignment
16495,United Kingdom,UK,Champions,2. Mid Spend (GBP 500-2k),648.26,3,216.09,3,277.0,356.34,348.02,362.9,14.89,356.34,0,0.3229,Moderate Risk,0,0,Standard Tier,Normal Alignment
16496,United Kingdom,UK,Champions,2. Mid Spend (GBP 500-2k),1599.52,3,533.17,9,317.0,529.24,520.06,536.5,16.43,529.24,0,0.4235,Moderate Risk,0,0,Standard Tier,Normal Alignment
16497,United Kingdom,UK,Loyal Customers,3. High Spend (>GBP 2k),2965.69,6,494.28,50,334.0,1278.01,1248.56,1301.42,52.86,1278.01,0,0.0769,Low Risk,1,1,Maintained VIP,Normal Alignment
16498,United Kingdom,UK,At Risk,1. Low Spend (<GBP 500),100.97,2,50.48,161,163.0,300.77,275.05,325.51,50.46,300.77,1,0.5176,Elevated Risk,0,0,Standard Tier,Normal Alignment
16499,United Kingdom,UK,At Risk,1. Low Spend (<GBP 500),365.45,2,182.73,360,365.0,200.52,191.28,209.64,18.36,200.52,1,0.6798,Elevated Risk,0,0,Standard Tier,Normal Alignment
16500,United Kingdom,UK,Champions,1. Low Spend (<GBP 500),400.86,6,66.81,5,331.0,291.05,268.41,317.04,48.64,291.05,0,0.4046,Moderate Risk,0,0,Standard Tier,Normal Alignment
16503,United Kingdom,UK,At Risk,2. Mid Spend (GBP 500-2k),1431.93,4,357.98,107,361.0,523.96,515.75,531.46,15.71,523.96,1,0.249,Low Risk,0,0,Standard Tier,Normal Alignment
16504,United Kingdom,UK,Potential Loyalists,1. Low Spend (<GBP 500),465.88,1,465.88,25,26.0,588.32,559.58,612.73,53.15,588.32,0,0.0065,Low Risk,0,0,Standard Tier,Normal Alignment
16505,United Kingdom,UK,Potential Loyalists,2. Mid Spend (GBP 500-2k),777.6,1,777.6,32,32.0,548.28,522.17,571.32,49.15,548.28,0,0.0151,Low Risk,0,0,Standard Tier,Normal Alignment
16506,United Kingdom,UK,Loyal Customers,1. Low Spend (<GBP 500),90.3,2,45.15,20,41.0,713.62,657.91,765.28,107.37,713.62,0,0.023,Low Risk,0,0,Standard Tier,Normal Alignment
16509,United Kingdom,UK,Hibernating / Lost,1. Low Spend (<GBP 500),363.7,1,363.7,297,297.0,136.86,129.85,143.27,13.42,136.86,1,0.9899,High Churn Risk,0,0,Standard Tier,Normal Alignment
16510,United Kingdom,UK,Hibernating / Lost,1. Low Spend (<GBP 500),248.1,1,248.1,372,373.0,112.62,106.83,117.87,11.04,112.62,1,0.9945,High Churn Risk,0,0,Standard Tier,Normal Alignment
16511,United Kingdom,UK,Champions,2. Mid Spend (GBP 500-2k),918.33,3,306.11,22,267.0,486.01,475.46,495.62,20.17,486.01,0,0.2623,Moderate Risk,0,0,Standard Tier,Normal Alignment
16513,United Kingdom,UK,Champions,2. Mid Spend (GBP 500-2k),874.59,4,218.65,5,44.0,1909.98,1826.05,1973.78,147.73,1909.98,0,0.012,Low Risk,1,1,Maintained VIP,Normal Alignment
16515,United Kingdom,UK,Loyal Customers,2. Mid Spend (GBP 500-2k),1624.14,5,324.83,52,312.0,763.13,752.42,771.69,19.27,763.13,0,0.1339,Low Risk,0,0,Standard Tier,Normal Alignment
16516,United Kingdom,UK,Potential Loyalists,1. Low Spend (<GBP 500),101.7,1,101.7,30,31.0,554.57,528.09,577.48,49.38,554.57,0,0.004,Low Risk,0,0,Standard Tier,Normal Alignment
16517,United Kingdom,UK,Hibernating / Lost,1. Low Spend (<GBP 500),162.7,1,162.7,277,278.0,144.64,137.25,151.45,14.2,144.64,1,0.9939,High Churn Risk,0,0,Standard Tier,Normal Alignment
16518,United Kingdom,UK,Loyal Customers,1. Low Spend (<GBP 500),484.32,2,242.16,61,285.0,305.29,296.75,312.75,16.0,305.29,0,0.4821,Moderate Risk,0,0,Standard Tier,Normal Alignment
16519,United Kingdom,UK,Loyal Customers,1. Low Spend (<GBP 500),215.08,2,107.54,25,366.0,188.57,178.31,198.45,20.15,188.57,0,0.6851,Elevated Risk,0,0,Standard Tier,Normal Alignment
16520,United Kingdom,UK,At Risk,2. Mid Spend (GBP 500-2k),1046.57,3,348.86,186,366.0,418.32,411.6,423.73,12.13,418.32,1,0.3699,Moderate Risk,0,0,Standard Tier,Normal Alignment
16523,United Kingdom,UK,Champions,3. High Spend (>GBP 2k),9418.47,21,448.5,2,316.0,4162.37,4114.68,4197.52,82.84,4162.37,0,0.0334,Low Risk,1,1,Maintained VIP,Normal Alignment
16525,United Kingdom,UK,Champions,3. High Spend (>GBP 2k),13027.45,26,501.06,2,367.0,5280.86,5227.07,5320.09,93.01,5280.86,0,0.0384,Low Risk,1,1,Maintained VIP,Normal Alignment
16526,United Kingdom,UK,About to Sleep,1. Low Spend (<GBP 500),290.36,1,290.36,172,172.0,211.84,201.34,221.5,20.17,211.84,1,0.9777,High Churn Risk,0,0,Standard Tier,Normal Alignment
16527,United Kingdom,UK,About to Sleep,1. Low Spend (<GBP 500),228.06,1,228.06,81,82.0,349.84,332.77,364.07,31.3,349.84,0,0.0243,Low Risk,0,0,Standard Tier,Normal Alignment
16528,United Kingdom,UK,Potential Loyalists,1. Low Spend (<GBP 500),244.41,1,244.41,4,4.0,803.5,757.04,840.96,83.92,803.5,0,0.0031,Low Risk,0,0,Standard Tier,Normal Alignment
16529,United Kingdom,UK,Hibernating / Lost,1. Low Spend (<GBP 500),455.25,1,455.25,190,191.0,195.55,185.72,204.57,18.85,195.55,1,0.9805,High Churn Risk,0,0,Standard Tier,Normal Alignment
16531,United Kingdom,UK,Champions,2. Mid Spend (GBP 500-2k),1244.59,7,177.8,22,361.0,633.81,618.44,650.19,31.75,633.81,0,0.1048,Low Risk,0,0,Standard Tier,Normal Alignment
16532,United Kingdom,UK,Champions,3. High Spend (>GBP 2k),6748.8,3,2249.6,18,339.0,1979.84,1855.28,2088.43,233.14,1979.84,0,0.4161,Moderate Risk,1,1,Maintained VIP,Normal Alignment
16533,United Kingdom,UK,Champions,2. Mid Spend (GBP 500-2k),1082.81,3,360.94,19,69.0,1408.45,1366.1,1439.65,73.55,1408.45,0,0.0131,Low Risk,1,1,Maintained VIP,Normal Alignment
16535,United Kingdom,UK,Potential Loyalists,2. Mid Spend (GBP 500-2k),593.75,1,593.75,5,6.0,777.64,733.48,814.41,80.92,777.64,0,0.0099,Low Risk,0,0,Standard Tier,Normal Alignment
16536,United Kingdom,UK,About to Sleep,2. Mid Spend (GBP 500-2k),548.12,1,548.12,110,111.0,289.15,275.07,301.67,26.59,289.15,1,0.8857,High Churn Risk,0,0,Standard Tier,Normal Alignment
16539,United Kingdom,UK,Champions,2. Mid Spend (GBP 500-2k),1388.81,4,347.2,3,374.0,509.06,501.11,516.31,15.2,509.06,0,0.3814,Moderate Risk,0,0,Standard Tier,Normal Alignment
16542,United Kingdom,UK,Need Attention,1. Low Spend (<GBP 500),119.62,1,119.62,54,54.0,438.77,417.79,456.36,38.58,438.77,0,0.0051,Low Risk,0,0,Standard Tier,Normal Alignment
16545,United Kingdom,UK,About to Sleep,1. Low Spend (<GBP 500),339.3,1,339.3,165,165.0,218.54,207.75,228.47,20.72,218.54,1,0.9795,High Churn Risk,0,0,Standard Tier,Normal Alignment
16546,United Kingdom,UK,At Risk,2. Mid Spend (GBP 500-2k),787.15,2,393.58,291,373.0,303.62,296.15,310.55,14.41,303.62,1,0.5562,Elevated Risk,0,0,Standard Tier,Normal Alignment
16549,United Kingdom,UK,Champions,3. High Spend (>GBP 2k),4034.9,10,403.49,10,335.0,1837.27,1811.46,1855.98,44.53,1837.27,0,0.0336,Low Risk,1,1,Maintained VIP,Normal Alignment
16550,United Kingdom,UK,At Risk,3. High Spend (>GBP 2k),2298.97,5,459.79,109,369.0,823.82,813.97,830.2,16.23,823.82,1,0.1489,Low Risk,0,0,Standard Tier,Normal Alignment
16551,United Kingdom,UK,At Risk,2. Mid Spend (GBP 500-2k),922.12,3,307.37,96,337.0,408.11,399.88,416.31,16.43,408.11,1,0.4936,Moderate Risk,0,0,Standard Tier,Normal Alignment
16552,United Kingdom,UK,At Risk,1. Low Spend (<GBP 500),379.73,2,189.87,243,374.0,239.25,232.42,245.52,13.1,239.25,1,0.609,Elevated Risk,0,0,Standard Tier,Normal Alignment
16553,United Kingdom,UK,Cannot Lose Them,3. High Spend (>GBP 2k),5719.82,12,476.65,163,361.0,1762.18,1718.09,1795.84,77.75,1762.18,1,0.0397,Low Risk,1,1,Maintained VIP,Normal Alignment
16554,United Kingdom,UK,Loyal Customers,2. Mid Spend (GBP 500-2k),837.1,3,279.03,42,332.0,498.72,490.14,504.77,14.63,498.72,0,0.3868,Moderate Risk,0,0,Standard Tier,Normal Alignment
16555,United Kingdom,UK,Loyal Customers,1. Low Spend (<GBP 500),285.89,2,142.94,35,110.0,497.37,471.37,521.38,50.01,497.37,0,0.1658,Low Risk,0,0,Standard Tier,Normal Alignment
16556,United Kingdom,UK,Loyal Customers,3. High Spend (>GBP 2k),3313.79,7,473.4,67,361.0,1353.01,1336.3,1364.61,28.31,1353.01,0,0.0569,Low Risk,1,1,Maintained VIP,Normal Alignment
16557,United Kingdom,UK,Loyal Customers,1. Low Spend (<GBP 500),281.85,2,140.93,24,138.0,458.1,439.14,476.09,36.95,458.1,0,0.3252,Moderate Risk,0,0,Standard Tier,Normal Alignment
16558,United Kingdom,UK,Champions,3. High Spend (>GBP 2k),8338.49,20,416.92,1,367.0,3307.6,3276.22,3330.33,54.11,3307.6,0,0.0333,Low Risk,1,1,Maintained VIP,Normal Alignment
16560,United Kingdom,UK,Loyal Customers,2. Mid Spend (GBP 500-2k),841.41,2,420.71,27,359.0,320.83,312.86,328.46,15.61,320.83,0,0.4674,Moderate Risk,0,0,Standard Tier,Normal Alignment
16561,United Kingdom,UK,Loyal Customers,2. Mid Spend (GBP 500-2k),511.12,2,255.56,6,60.0,841.64,807.89,867.23,59.35,841.64,0,0.0045,Low Risk,0,0,Standard Tier,Normal Alignment
16563,United Kingdom,UK,Need Attention,2. Mid Spend (GBP 500-2k),1077.74,1,1077.74,54,54.0,438.77,417.79,456.36,38.58,438.77,0,0.0211,Low Risk,0,0,Standard Tier,Normal Alignment
16565,United Kingdom,UK,Hibernating / Lost,1. Low Spend (<GBP 500),173.7,1,173.7,364,365.0,114.76,108.86,120.1,11.24,114.76,1,0.9872,High Churn Risk,0,0,Standard Tier,Normal Alignment
16566,United Kingdom,UK,Champions,2. Mid Spend (GBP 500-2k),614.66,5,122.93,15,293.0,450.79,430.99,472.94,41.96,450.79,0,0.2577,Moderate Risk,0,0,Standard Tier,Normal Alignment
16567,United Kingdom,UK,At Risk,2. Mid Spend (GBP 500-2k),865.6,2,432.8,194,337.0,269.85,262.65,275.95,13.3,269.85,1,0.5388,Elevated Risk,0,0,Standard Tier,Normal Alignment
16569,United Kingdom,UK,Potential Loyalists,1. Low Spend (<GBP 500),124.2,1,124.2,3,4.0,803.5,757.04,840.96,83.92,803.5,0,0.0034,Low Risk,0,0,Standard Tier,Normal Alignment
16570,United Kingdom,UK,Champions,3. High Spend (>GBP 2k),3738.4,10,373.84,15,312.0,1685.11,1667.67,1698.69,31.02,1685.11,0,0.0368,Low Risk,1,1,Maintained VIP,Normal Alignment
16571,United Kingdom,UK,Champions,2. Mid Spend (GBP 500-2k),1421.69,3,473.9,27,282.0,637.18,624.73,647.46,22.73,637.18,0,0.3681,Moderate Risk,0,0,Standard Tier,Normal Alignment
16572,United Kingdom,UK,At Risk,2. Mid Spend (GBP 500-2k),1009.6,3,336.53,127,276.0,507.85,498.83,515.49,16.67,507.85,1,0.3428,Moderate Risk,0,0,Standard Tier,Normal Alignment
16573,United Kingdom,UK,At Risk,2. Mid Spend (GBP 500-2k),663.61,2,331.8,85,291.0,330.03,322.03,336.47,14.44,330.03,0,0.5147,Elevated Risk,0,0,Standard Tier,Normal Alignment
16574,United Kingdom,UK,Need Attention,1. Low Spend (<GBP 500),451.44,1,451.44,71,72.0,377.14,359.06,392.22,33.16,377.14,0,0.0267,Low Risk,0,0,Standard Tier,Normal Alignment
16581,United Kingdom,UK,Hibernating / Lost,1. Low Spend (<GBP 500),105.84,1,105.84,183,183.0,202.1,191.99,211.38,19.39,202.1,1,0.9849,High Churn Risk,0,0,Standard Tier,Normal Alignment
16582,United Kingdom,UK,About to Sleep,1. Low Spend (<GBP 500),313.62,1,313.62,113,114.0,284.05,270.2,296.39,26.2,284.05,1,0.9568,High Churn Risk,0,0,Standard Tier,Normal Alignment
16583,United Kingdom,UK,Hibernating / Lost,1. Low Spend (<GBP 500),233.45,1,233.45,374,374.0,112.36,106.58,117.6,11.02,112.36,1,0.9945,High Churn Risk,0,0,Standard Tier,Normal Alignment
16584,United Kingdom,UK,At Risk,2. Mid Spend (GBP 500-2k),936.08,2,468.04,80,255.0,347.94,338.72,355.12,16.4,347.94,0,0.5339,Elevated Risk,0,0,Standard Tier,Normal Alignment
16586,United Kingdom,UK,Hibernating / Lost,1. Low Spend (<GBP 500),463.95,1,463.95,249,249.0,158.38,150.33,165.86,15.53,158.38,1,0.9811,High Churn Risk,0,0,Standard Tier,Normal Alignment
16587,United Kingdom,UK,Hibernating / Lost,1. Low Spend (<GBP 500),225.15,1,225.15,232,233.0,167.15,158.74,175.0,16.26,167.15,1,0.9912,High Churn Risk,0,0,Standard Tier,Normal Alignment
16589,United Kingdom,UK,Loyal Customers,1. Low Spend (<GBP 500),459.24,3,153.08,71,162.0,553.76,529.95,577.83,47.88,553.76,0,0.1873,Low Risk,0,0,Standard Tier,Normal Alignment
16591,United Kingdom,UK,Need Attention,1. Low Spend (<GBP 500),213.5,1,213.5,69,69.0,386.18,367.92,401.69,33.77,386.18,0,0.031,Low Risk,0,0,Standard Tier,Normal Alignment
16592,United Kingdom,UK,Champions,3. High Spend (>GBP 2k),4113.68,16,257.1,4,288.0,1979.67,1957.31,1997.75,40.44,1979.67,0,0.0324,Low Risk,1,1,Maintained VIP,Normal Alignment
16593,United Kingdom,UK,Loyal Customers,1. Low Spend (<GBP 500),330.03,3,110.01,51,328.0,283.4,268.51,298.85,30.33,283.4,0,0.6303,Elevated Risk,0,0,Standard Tier,Normal Alignment
16594,United Kingdom,UK,About to Sleep,1. Low Spend (<GBP 500),181.09,1,181.09,75,76.0,365.73,347.94,380.45,32.51,365.73,0,0.0418,Low Risk,0,0,Standard Tier,Normal Alignment
16595,United Kingdom,UK,Need Attention,1. Low Spend (<GBP 500),360.16,1,360.16,61,62.0,409.06,390.07,425.3,35.23,409.06,0,0.0295,Low Risk,0,0,Standard Tier,Normal Alignment
16596,United Kingdom,UK,Loyal Customers,1. Low Spend (<GBP 500),250.15,2,125.08,16,367.0,193.89,184.16,203.37,19.21,193.89,0,0.6681,Elevated Risk,0,0,Standard Tier,Normal Alignment
16597,United Kingdom,UK,Potential Loyalists,1. Low Spend (<GBP 500),90.04,1,90.04,4,5.0,790.36,745.05,827.75,82.7,790.36,0,0.0027,Low Risk,0,0,Standard Tier,Normal Alignment
16598,United Kingdom,UK,Hibernating / Lost,1. Low Spend (<GBP 500),145.05,1,145.05,286,286.0,141.26,134.04,147.89,13.86,141.26,1,0.992,High Churn Risk,0,0,Standard Tier,Normal Alignment
16600,United Kingdom,UK,Champions,2. Mid Spend (GBP 500-2k),813.52,6,135.59,4,339.0,473.09,455.12,493.71,38.59,473.09,0,0.1619,Low Risk,0,0,Standard Tier,Normal Alignment
16601,United Kingdom,UK,Need Attention,1. Low Spend (<GBP 500),242.7,1,242.7,41,41.0,497.49,473.98,517.05,43.07,497.49,0,0.0051,Low Risk,0,0,Standard Tier,Normal Alignment
16602,United Kingdom,UK,Need Attention,2. Mid Spend (GBP 500-2k),528.08,1,528.08,36,37.0,518.85,494.27,539.52,45.25,518.85,0,0.0058,Low Risk,0,0,Standard Tier,Normal Alignment
16603,United Kingdom,UK,At Risk,1. Low Spend (<GBP 500),482.47,2,241.24,75,92.0,605.02,578.11,628.25,50.14,605.02,0,0.0169,Low Risk,0,0,Standard Tier,Normal Alignment
16607,United Kingdom,UK,Champions,3. High Spend (>GBP 2k),3347.71,14,239.12,18,359.0,1384.18,1364.75,1401.53,36.78,1384.18,0,0.0327,Low Risk,1,1,Maintained VIP,Normal Alignment
16609,United Kingdom,UK,Champions,3. High Spend (>GBP 2k),5493.46,7,784.78,15,253.0,2839.02,2772.65,2889.72,117.07,2839.02,0,0.0348,Low Risk,1,1,Maintained VIP,Normal Alignment
16610,United Kingdom,UK,Hibernating / Lost,1. Low Spend (<GBP 500),75.66,1,75.66,219,220.0,175.02,166.29,183.2,16.9,175.02,1,0.9914,High Churn Risk,0,0,Standard Tier,Normal Alignment
16611,United Kingdom,UK,Hibernating / Lost,1. Low Spend (<GBP 500),129.49,1,129.49,186,187.0,198.77,188.8,207.92,19.12,198.77,1,0.9847,High Churn Risk,0,0,Standard Tier,Normal Alignment
16612,United Kingdom,UK,Champions,2. Mid Spend (GBP 500-2k),1187.66,4,296.92,33,312.0,578.59,568.31,587.62,19.32,578.59,0,0.2137,Low Risk,0,0,Standard Tier,Normal Alignment
16613,United Kingdom,UK,Need Attention,2. Mid Spend (GBP 500-2k),618.59,1,618.59,70,71.0,380.11,361.96,395.29,33.33,380.11,0,0.0269,Low Risk,0,0,Standard Tier,Normal Alignment
16614,United Kingdom,UK,Hibernating / Lost,2. Mid Spend (GBP 500-2k),506.19,1,506.19,183,183.0,202.1,191.99,211.38,19.39,202.1,1,0.9476,High Churn Risk,0,0,Standard Tier,Normal Alignment
16616,United Kingdom,UK,Loyal Customers,2. Mid Spend (GBP 500-2k),500.42,2,250.21,15,158.0,484.27,470.46,495.9,25.44,484.27,0,0.3203,Moderate Risk,0,0,Standard Tier,Normal Alignment
16617,United Kingdom,UK,Hibernating / Lost,1. Low Spend (<GBP 500),151.85,1,151.85,236,236.0,165.43,157.09,173.21,16.12,165.43,1,0.9938,High Churn Risk,0,0,Standard Tier,Normal Alignment
16618,United Kingdom,UK,Champions,3. High Spend (>GBP 2k),2647.59,5,529.52,31,323.0,971.57,947.26,991.08,43.82,971.57,0,0.0996,Low Risk,0,0,Standard Tier,Normal Alignment
16619,United Kingdom,UK,Hibernating / Lost,1. Low Spend (<GBP 500),226.21,1,226.21,264,264.0,150.96,143.26,158.09,14.83,150.96,1,0.9963,High Churn Risk,0,0,Standard Tier,Normal Alignment
16620,United Kingdom,UK,Loyal Customers,1. Low Spend (<GBP 500),178.96,2,89.48,4,261.0,239.03,224.26,253.38,29.11,239.03,0,0.6359,Elevated Risk,0,0,Standard Tier,Normal Alignment
16621,United Kingdom,UK,Loyal Customers,2. Mid Spend (GBP 500-2k),813.48,4,203.37,52,278.0,519.37,504.44,535.0,30.56,519.37,0,0.2204,Low Risk,0,0,Standard Tier,Normal Alignment
16623,United Kingdom,UK,Hibernating / Lost,1. Low Spend (<GBP 500),129.45,1,129.45,246,246.0,159.96,151.83,167.5,15.66,159.96,1,0.9904,High Churn Risk,0,0,Standard Tier,Normal Alignment
16624,United Kingdom,UK,At Risk,2. Mid Spend (GBP 500-2k),810.57,2,405.28,81,198.0,457.77,447.46,466.02,18.56,457.77,0,0.4611,Moderate Risk,0,0,Standard Tier,Normal Alignment
16625,United Kingdom,UK,Hibernating / Lost,1. Low Spend (<GBP 500),333.08,1,333.08,275,275.0,145.95,138.5,152.82,14.33,145.95,1,0.9918,High Churn Risk,0,0,Standard Tier,Normal Alignment
16626,United Kingdom,UK,Champions,3. High Spend (>GBP 2k),4413.1,17,259.59,1,267.0,2141.91,2108.35,2168.69,60.34,2141.91,0,0.0305,Low Risk,1,1,Maintained VIP,Normal Alignment
16627,United Kingdom,UK,About to Sleep,1. Low Spend (<GBP 500),322.8,1,322.8,79,80.0,354.98,337.68,369.37,31.69,354.98,0,0.026,Low Risk,0,0,Standard Tier,Normal Alignment
16628,United Kingdom,UK,Champions,3. High Spend (>GBP 2k),2188.05,5,437.61,30,235.0,1247.92,1228.64,1261.52,32.87,1247.92,0,0.0524,Low Risk,1,1,Maintained VIP,Normal Alignment
16629,United Kingdom,UK,At Risk,1. Low Spend (<GBP 500),408.63,2,204.32,74,97.0,580.96,554.85,603.75,48.89,580.96,0,0.0881,Low Risk,0,0,Standard Tier,Normal Alignment
16633,United Kingdom,UK,Champions,3. High Spend (>GBP 2k),2883.1,6,480.52,17,235.0,1603.54,1579.08,1621.61,42.54,1603.54,0,0.0453,Low Risk,1,1,Maintained VIP,Normal Alignment
16634,United Kingdom,UK,At Risk,1. Low Spend (<GBP 500),217.9,2,108.95,223,373.0,167.2,155.77,179.01,23.23,167.2,1,0.7079,Elevated Risk,0,0,Standard Tier,Normal Alignment
16637,United Kingdom,UK,Champions,2. Mid Spend (GBP 500-2k),1154.47,4,288.62,32,226.0,724.06,708.23,737.21,28.98,724.06,0,0.1242,Low Risk,0,0,Standard Tier,Normal Alignment
16638,United Kingdom,UK,Champions,2. Mid Spend (GBP 500-2k),1680.72,10,168.07,23,369.0,821.61,804.39,839.24,34.85,821.61,0,0.0704,Low Risk,0,0,Standard Tier,Normal Alignment
16639,United Kingdom,UK,Champions,2. Mid Spend (GBP 500-2k),1257.51,3,419.17,31,236.0,719.53,705.7,730.75,25.05,719.53,0,0.2544,Moderate Risk,0,0,Standard Tier,Normal Alignment
16641,United Kingdom,UK,About to Sleep,1. Low Spend (<GBP 500),231.1,1,231.1,106,106.0,298.06,283.6,310.88,27.28,298.06,1,0.94,High Churn Risk,0,0,Standard Tier,Normal Alignment
16642,United Kingdom,UK,Loyal Customers,2. Mid Spend (GBP 500-2k),688.33,2,344.16,5,208.0,438.64,428.6,446.52,17.92,438.64,0,0.4857,Moderate Risk,0,0,Standard Tier,Normal Alignment
16643,United Kingdom,UK,Hibernating / Lost,1. Low Spend (<GBP 500),487.51,1,487.51,246,246.0,159.96,151.83,167.5,15.66,159.96,1,0.9814,High Churn Risk,0,0,Standard Tier,Normal Alignment
16644,United Kingdom,UK,At Risk,2. Mid Spend (GBP 500-2k),833.78,2,416.89,178,213.0,295.75,278.98,311.22,32.24,295.75,1,0.4787,Moderate Risk,0,0,Standard Tier,Normal Alignment
16647,United Kingdom,UK,At Risk,1. Low Spend (<GBP 500),214.06,2,107.03,170,205.0,291.89,273.76,308.79,35.03,291.89,1,0.5589,Elevated Risk,0,0,Standard Tier,Normal Alignment
16648,United Kingdom,UK,Need Attention,1. Low Spend (<GBP 500),290.66,1,290.66,43,43.0,487.45,464.37,506.5,42.13,487.45,0,0.005,Low Risk,0,0,Standard Tier,Normal Alignment
16650,United Kingdom,UK,Need Attention,2. Mid Spend (GBP 500-2k),518.42,1,518.42,72,72.0,377.14,359.06,392.22,33.16,377.14,0,0.0231,Low Risk,0,0,Standard Tier,Normal Alignment
16652,United Kingdom,UK,Loyal Customers,3. High Spend (>GBP 2k),6773.97,7,967.71,59,274.0,2702.56,2595.72,2782.67,186.95,2702.56,0,0.0413,Low Risk,1,1,Maintained VIP,Normal Alignment
16653,United Kingdom,UK,Loyal Customers,2. Mid Spend (GBP 500-2k),1212.66,2,606.33,16,72.0,603.75,565.12,637.14,72.02,603.75,0,0.0208,Low Risk,0,0,Standard Tier,Normal Alignment
16654,United Kingdom,UK,At Risk,2. Mid Spend (GBP 500-2k),601.27,4,150.32,141,369.0,308.25,292.44,325.44,33.0,308.25,1,0.4464,Moderate Risk,0,0,Standard Tier,Normal Alignment
16655,United Kingdom,UK,Champions,3. High Spend (>GBP 2k),3789.52,6,631.59,18,332.0,1426.31,1401.48,1445.01,43.53,1426.31,0,0.0652,Low Risk,1,1,Maintained VIP,Normal Alignment
16656,United Kingdom,UK,Champions,3. High Spend (>GBP 2k),8625.8,15,575.05,22,365.0,3467.26,3427.79,3497.64,69.85,3467.26,0,0.0512,Low Risk,1,1,Maintained VIP,Normal Alignment
16657,United Kingdom,UK,Champions,2. Mid Spend (GBP 500-2k),874.43,4,218.61,10,255.0,561.9,545.55,578.37,32.82,561.9,0,0.1636,Low Risk,0,0,Standard Tier,Normal Alignment
16658,United Kingdom,UK,Hibernating / Lost,1. Low Spend (<GBP 500),123.24,1,123.24,368,369.0,113.68,107.83,118.97,11.14,113.68,1,0.9899,High Churn Risk,0,0,Standard Tier,Normal Alignment
16659,United Kingdom,UK,Hibernating / Lost,1. Low Spend (<GBP 500),39.12,1,39.12,189,190.0,196.35,186.47,205.4,18.92,196.35,1,0.992,High Churn Risk,0,0,Standard Tier,Normal Alignment
16660,United Kingdom,UK,Champions,2. Mid Spend (GBP 500-2k),1267.65,4,316.91,16,320.0,572.82,562.2,582.06,19.86,572.82,0,0.2476,Low Risk,0,0,Standard Tier,Normal Alignment
16665,United Kingdom,UK,Hibernating / Lost,1. Low Spend (<GBP 500),135.4,1,135.4,362,363.0,115.31,109.38,120.67,11.3,115.31,1,0.9897,High Churn Risk,0,0,Standard Tier,Normal Alignment
16666,United Kingdom,UK,Potential Loyalists,1. Low Spend (<GBP 500),118.98,1,118.98,19,20.0,634.68,602.69,661.61,58.92,634.68,0,0.0045,Low Risk,0,0,Standard Tier,Normal Alignment
16667,United Kingdom,UK,Loyal Customers,2. Mid Spend (GBP 500-2k),567.18,2,283.59,68,285.0,334.18,326.05,340.68,14.63,334.18,0,0.4821,Moderate Risk,0,0,Standard Tier,Normal Alignment
16668,United Kingdom,UK,Champions,1. Low Spend (<GBP 500),306.72,6,51.12,15,285.0,345.31,317.05,377.47,60.41,345.31,0,0.3684,Moderate Risk,0,0,Standard Tier,Normal Alignment
16669,United Kingdom,UK,Champions,2. Mid Spend (GBP 500-2k),1348.88,3,449.63,24,79.0,1099.43,1055.26,1135.38,80.12,1099.43,0,0.0179,Low Risk,1,1,Maintained VIP,Normal Alignment
16670,United Kingdom,UK,Champions,3. High Spend (>GBP 2k),4095.9,11,372.35,17,359.0,1663.66,1648.28,1675.49,27.21,1663.66,0,0.031,Low Risk,1,1,Maintained VIP,Normal Alignment
16671,United Kingdom,UK,Champions,2. Mid Spend (GBP 500-2k),1692.27,3,564.09,28,165.0,524.85,500.71,548.92,48.21,524.85,0,0.1664,Low Risk,0,0,Standard Tier,Normal Alignment
16672,United Kingdom,UK,Champions,3. High Spend (>GBP 2k),8134.94,20,406.75,2,267.0,3895.43,3846.9,3930.22,83.32,3895.43,0,0.0512,Low Risk,1,1,Maintained VIP,Normal Alignment
16674,United Kingdom,UK,Loyal Customers,1. Low Spend (<GBP 500),304.24,2,152.12,55,99.0,580.58,555.3,602.57,47.26,580.58,0,0.0967,Low Risk,0,0,Standard Tier,Normal Alignment
16676,United Kingdom,UK,Loyal Customers,2. Mid Spend (GBP 500-2k),1592.12,4,398.03,34,338.0,626.01,618.7,632.22,13.52,626.01,0,0.2164,Low Risk,0,0,Standard Tier,Normal Alignment
16678,United Kingdom,UK,Champions,3. High Spend (>GBP 2k),3109.99,12,259.17,3,283.0,1613.06,1590.01,1631.51,41.5,1613.06,0,0.0382,Low Risk,1,1,Maintained VIP,Normal Alignment
16679,United Kingdom,UK,Hibernating / Lost,1. Low Spend (<GBP 500),129.75,1,129.75,366,367.0,114.22,108.34,119.54,11.19,114.22,1,0.9885,High Churn Risk,0,0,Standard Tier,Normal Alignment
16680,United Kingdom,UK,Need Attention,1. Low Spend (<GBP 500),183.7,1,183.7,43,44.0,482.58,459.71,501.39,41.68,482.58,0,0.0047,Low Risk,0,0,Standard Tier,Normal Alignment
16681,United Kingdom,UK,Cannot Lose Them,2. Mid Spend (GBP 500-2k),1770.34,6,295.06,73,254.0,1006.06,990.09,1019.17,29.08,1006.06,0,0.0613,Low Risk,0,0,Standard Tier,Normal Alignment
16682,United Kingdom,UK,Champions,2. Mid Spend (GBP 500-2k),1028.0,5,205.6,5,188.0,633.52,603.27,665.61,62.33,633.52,0,0.0919,Low Risk,0,0,Standard Tier,Normal Alignment
16684,United Kingdom,UK,Champions,3. High Spend (>GBP 2k),66653.56,28,2380.48,4,359.0,26970.08,26442.27,27387.3,945.04,26970.08,0,0.0373,Low Risk,1,1,Maintained VIP,Normal Alignment
16685,United Kingdom,UK,Loyal Customers,1. Low Spend (<GBP 500),324.24,2,162.12,61,62.0,409.06,390.07,425.3,35.23,409.06,0,0.0119,Low Risk,0,0,Standard Tier,Normal Alignment
16686,United Kingdom,UK,Loyal Customers,3. High Spend (>GBP 2k),2959.88,7,422.84,47,356.0,1214.42,1201.64,1223.35,21.71,1214.42,0,0.0579,Low Risk,1,1,Maintained VIP,Normal Alignment
16688,United Kingdom,UK,Champions,2. Mid Spend (GBP 500-2k),1260.86,4,315.21,1,61.0,2040.4,1975.05,2090.24,115.19,2040.4,0,0.0144,Low Risk,1,1,Maintained VIP,Normal Alignment
16689,United Kingdom,UK,At Risk,1. Low Spend (<GBP 500),422.6,2,211.3,76,83.0,588.58,555.59,617.15,61.56,588.58,0,0.0092,Low Risk,0,0,Standard Tier,Normal Alignment
16690,United Kingdom,UK,Loyal Customers,1. Low Spend (<GBP 500),225.58,2,112.79,72,202.0,322.81,306.43,337.98,31.55,322.81,0,0.5531,Elevated Risk,0,0,Standard Tier,Normal Alignment
16692,United Kingdom,UK,At Risk,2. Mid Spend (GBP 500-2k),1276.0,2,638.0,256,290.0,679.84,637.39,720.57,83.18,679.84,1,0.67,Elevated Risk,0,0,Standard Tier,Normal Alignment
16693,United Kingdom,UK,Loyal Customers,1. Low Spend (<GBP 500),477.86,2,238.93,69,272.0,330.04,321.48,336.85,15.36,330.04,0,0.4757,Moderate Risk,0,0,Standard Tier,Normal Alignment
16696,United Kingdom,UK,At Risk,2. Mid Spend (GBP 500-2k),657.9,4,164.48,135,249.0,554.58,537.36,572.37,35.01,554.58,1,0.3218,Moderate Risk,0,0,Standard Tier,Normal Alignment
16697,United Kingdom,UK,Hibernating / Lost,1. Low Spend (<GBP 500),112.75,1,112.75,241,242.0,162.1,153.89,169.74,15.84,162.1,1,0.9886,High Churn Risk,0,0,Standard Tier,Normal Alignment
16698,United Kingdom,UK,At Risk,2. Mid Spend (GBP 500-2k),1998.0,2,999.0,227,254.0,562.67,536.8,586.74,49.95,562.67,1,0.6174,Elevated Risk,0,0,Standard Tier,Normal Alignment
16700,United Kingdom,UK,Champions,3. High Spend (>GBP 2k),5076.55,13,390.5,9,367.0,2065.34,2046.57,2079.12,32.54,2065.34,0,0.0268,Low Risk,1,1,Maintained VIP,Normal Alignment
16701,United Kingdom,UK,Champions,3. High Spend (>GBP 2k),5398.3,13,415.25,9,362.0,2156.07,2135.81,2171.93,36.12,2156.07,0,0.0343,Low Risk,1,1,Maintained VIP,Normal Alignment
16705,United Kingdom,UK,Champions,3. High Spend (>GBP 2k),14034.99,20,701.75,1,359.0,5380.88,5280.35,5457.67,177.32,5380.88,0,0.0341,Low Risk,1,1,Maintained VIP,Normal Alignment
16706,United Kingdom,UK,Loyal Customers,2. Mid Spend (GBP 500-2k),531.35,3,177.12,37,115.0,618.38,583.25,653.09,69.84,618.38,0,0.1036,Low Risk,0,0,Standard Tier,Normal Alignment
16708,United Kingdom,UK,Need Attention,2. Mid Spend (GBP 500-2k),656.63,1,656.63,46,46.0,473.14,450.67,491.67,41.01,473.14,0,0.0107,Low Risk,0,0,Standard Tier,Normal Alignment
16709,United Kingdom,UK,At Risk,3. High Spend (>GBP 2k),3029.87,5,605.97,85,282.0,1084.79,1057.11,1106.77,49.67,1084.79,0,0.0871,Low Risk,1,0,Demoted from VIP,Normal Alignment
16710,United Kingdom,UK,Champions,3. High Spend (>GBP 2k),2467.99,10,246.8,19,369.0,998.05,984.2,1010.48,26.27,998.05,0,0.0399,Low Risk,0,0,Standard Tier,Normal Alignment
16711,United Kingdom,UK,Champions,2. Mid Spend (GBP 500-2k),1651.03,5,330.21,3,358.0,728.78,720.24,735.18,14.94,728.78,0,0.2036,Low Risk,0,0,Standard Tier,Normal Alignment
16712,United Kingdom,UK,Champions,3. High Spend (>GBP 2k),3611.31,11,328.3,9,277.0,1840.6,1819.49,1856.36,36.87,1840.6,0,0.0325,Low Risk,1,1,Maintained VIP,Normal Alignment
16713,United Kingdom,UK,Champions,3. High Spend (>GBP 2k),6910.78,15,460.72,19,367.0,2774.47,2747.65,2794.48,46.84,2774.47,0,0.0333,Low Risk,1,1,Maintained VIP,Normal Alignment
16714,United Kingdom,UK,At Risk,2. Mid Spend (GBP 500-2k),1129.06,3,376.35,219,318.0,178.06,163.84,193.06,29.22,178.06,1,0.432,Moderate Risk,0,0,Standard Tier,Normal Alignment
16715,United Kingdom,UK,About to Sleep,1. Low Spend (<GBP 500),301.72,1,301.72,78,79.0,357.61,340.18,372.08,31.89,357.61,0,0.0407,Low Risk,0,0,Standard Tier,Normal Alignment
16716,United Kingdom,UK,At Risk,2. Mid Spend (GBP 500-2k),901.2,2,450.6,267,312.0,236.5,226.49,246.24,19.75,236.5,1,0.6688,Elevated Risk,0,0,Standard Tier,Normal Alignment
16717,United Kingdom,UK,Champions,3. High Spend (>GBP 2k),3843.08,6,640.51,24,367.0,1519.74,1488.48,1544.96,56.48,1519.74,0,0.0704,Low Risk,1,1,Maintained VIP,Normal Alignment
16718,United Kingdom,UK,Hibernating / Lost,2. Mid Spend (GBP 500-2k),606.05,1,606.05,369,370.0,113.41,107.58,118.7,11.12,113.41,1,0.9746,High Churn Risk,0,0,Standard Tier,Normal Alignment
16719,United Kingdom,UK,Champions,2. Mid Spend (GBP 500-2k),1770.22,7,252.89,15,369.0,693.45,679.94,707.67,27.73,693.45,0,0.0885,Low Risk,0,0,Standard Tier,Normal Alignment
16720,United Kingdom,UK,Potential Loyalists,1. Low Spend (<GBP 500),152.95,1,152.95,26,27.0,581.25,552.9,605.28,52.38,581.25,0,0.0045,Low Risk,0,0,Standard Tier,Normal Alignment
16721,United Kingdom,UK,Hibernating / Lost,1. Low Spend (<GBP 500),292.47,1,292.47,262,263.0,151.44,143.71,158.59,14.87,151.44,1,0.9944,High Churn Risk,0,0,Standard Tier,Normal Alignment
16722,United Kingdom,UK,Champions,3. High Spend (>GBP 2k),4730.81,13,363.91,17,369.0,1862.84,1845.32,1876.0,30.68,1862.84,0,0.0282,Low Risk,1,1,Maintained VIP,Normal Alignment
16723,United Kingdom,UK,At Risk,2. Mid Spend (GBP 500-2k),576.4,2,288.2,91,108.0,528.94,504.55,551.12,46.57,528.94,1,0.1895,Low Risk,0,0,Standard Tier,Normal Alignment
16725,United Kingdom,UK,Cannot Lose Them,2. Mid Spend (GBP 500-2k),758.27,7,108.32,302,372.0,417.35,400.16,437.19,37.03,417.35,1,0.2469,Low Risk,0,0,Standard Tier,Normal Alignment
16726,United Kingdom,UK,Champions,2. Mid Spend (GBP 500-2k),1358.74,5,271.75,26,362.0,627.49,619.52,633.73,14.21,627.49,0,0.1689,Low Risk,0,0,Standard Tier,Normal Alignment
16727,United Kingdom,UK,Hibernating / Lost,1. Low Spend (<GBP 500),256.32,1,256.32,364,365.0,114.76,108.86,120.1,11.24,114.76,1,0.9856,High Churn Risk,0,0,Standard Tier,Normal Alignment
16728,United Kingdom,UK,Loyal Customers,2. Mid Spend (GBP 500-2k),1048.28,4,262.07,46,265.0,623.19,609.43,635.06,25.63,623.19,0,0.177,Low Risk,0,0,Standard Tier,Normal Alignment
16729,United Kingdom,UK,Loyal Customers,3. High Spend (>GBP 2k),7205.33,21,343.11,38,242.0,4081.23,4027.4,4121.38,93.98,4081.23,0,0.0285,Low Risk,1,1,Maintained VIP,Normal Alignment
16730,United Kingdom,UK,Loyal Customers,2. Mid Spend (GBP 500-2k),743.11,3,247.7,52,320.0,405.06,395.85,413.94,18.09,405.06,0,0.4039,Moderate Risk,0,0,Standard Tier,Normal Alignment
16732,United Kingdom,UK,Potential Loyalists,2. Mid Spend (GBP 500-2k),603.75,1,603.75,32,32.0,548.28,522.17,571.32,49.15,548.28,0,0.0101,Low Risk,0,0,Standard Tier,Normal Alignment
16734,United Kingdom,UK,Loyal Customers,2. Mid Spend (GBP 500-2k),646.76,3,215.59,52,115.0,648.45,632.03,661.47,29.44,648.45,0,0.0974,Low Risk,0,0,Standard Tier,Normal Alignment
16735,United Kingdom,UK,At Risk,3. High Spend (>GBP 2k),2247.41,5,449.48,79,335.0,832.15,816.13,844.97,28.84,832.15,0,0.1068,Low Risk,0,0,Standard Tier,Normal Alignment
16737,United Kingdom,UK,Need Attention,1. Low Spend (<GBP 500),417.6,1,417.6,53,54.0,438.77,417.79,456.36,38.58,438.77,0,0.0116,Low Risk,0,0,Standard Tier,Normal Alignment
16738,United Kingdom,UK,Hibernating / Lost,1. Low Spend (<GBP 500),3.75,1,3.75,298,298.0,136.47,129.49,142.87,13.38,136.47,1,0.9656,High Churn Risk,0,0,Standard Tier,Normal Alignment
16739,United Kingdom,UK,About to Sleep,1. Low Spend (<GBP 500),323.0,1,323.0,177,177.0,207.3,196.98,216.78,19.81,207.3,1,0.9721,High Churn Risk,0,0,Standard Tier,Normal Alignment
16742,United Kingdom,UK,Need Attention,1. Low Spend (<GBP 500),464.9,1,464.9,47,47.0,468.55,446.28,486.96,40.68,468.55,0,0.0064,Low Risk,0,0,Standard Tier,Normal Alignment
16743,United Kingdom,UK,Champions,3. High Spend (>GBP 2k),2213.13,7,316.16,29,359.0,872.78,863.0,879.65,16.66,872.78,0,0.0745,Low Risk,0,0,Standard Tier,Normal Alignment
16744,United Kingdom,UK,Champions,2. Mid Spend (GBP 500-2k),1291.91,7,184.56,11,174.0,1170.04,1136.5,1201.46,64.96,1170.04,0,0.0438,Low Risk,1,1,Maintained VIP,Normal Alignment
16745,United Kingdom,UK,Cannot Lose Them,3. High Spend (>GBP 2k),7180.7,17,422.39,87,312.0,3405.5,3368.68,3432.94,64.27,3405.5,0,0.0322,Low Risk,1,1,Maintained VIP,Normal Alignment
16746,United Kingdom,UK,Champions,3. High Spend (>GBP 2k),6680.11,18,371.12,5,359.0,2786.81,2759.35,2806.16,46.82,2786.81,0,0.0279,Low Risk,1,1,Maintained VIP,Normal Alignment
16747,United Kingdom,UK,Loyal Customers,2. Mid Spend (GBP 500-2k),836.06,2,418.03,38,68.0,906.43,878.49,928.93,50.44,906.43,0,0.0084,Low Risk,0,0,Standard Tier,Normal Alignment
16748,United Kingdom,UK,Champions,2. Mid Spend (GBP 500-2k),1515.9,5,303.18,18,335.0,610.6,598.61,622.16,23.56,610.6,0,0.1623,Low Risk,0,0,Standard Tier,Normal Alignment
16750,United Kingdom,UK,Loyal Customers,2. Mid Spend (GBP 500-2k),623.93,5,124.79,45,233.0,536.41,511.65,563.98,52.33,536.41,0,0.1721,Low Risk,0,0,Standard Tier,Normal Alignment
16751,United Kingdom,UK,Potential Loyalists,2. Mid Spend (GBP 500-2k),1764.72,1,1764.72,31,31.0,554.57,528.09,577.48,49.38,554.57,0,0.0223,Low Risk,0,0,Standard Tier,Normal Alignment
16752,United Kingdom,UK,Hibernating / Lost,1. Low Spend (<GBP 500),207.5,1,207.5,373,373.0,112.62,106.83,117.87,11.04,112.62,1,0.9855,High Churn Risk,0,0,Standard Tier,Normal Alignment
16753,United Kingdom,UK,Need Attention,1. Low Spend (<GBP 500),223.92,1,223.92,58,59.0,419.72,399.6,436.52,36.92,419.72,0,0.0114,Low Risk,0,0,Standard Tier,Normal Alignment
16754,United Kingdom,UK,Hibernating / Lost,3. High Spend (>GBP 2k),2002.4,1,2002.4,372,373.0,112.62,106.83,117.87,11.04,112.62,1,0.912,High Churn Risk,0,0,Standard Tier,Normal Alignment
16755,United Kingdom,UK,At Risk,2. Mid Spend (GBP 500-2k),1475.43,3,491.81,114,316.0,647.89,630.95,662.1,31.15,647.89,1,0.442,Moderate Risk,0,0,Standard Tier,Normal Alignment
16756,United Kingdom,UK,Hibernating / Lost,1. Low Spend (<GBP 500),239.4,1,239.4,215,215.0,178.24,169.39,186.56,17.16,178.24,1,0.9954,High Churn Risk,0,0,Standard Tier,Normal Alignment
16757,United Kingdom,UK,Hibernating / Lost,1. Low Spend (<GBP 500),106.83,1,106.83,319,319.0,128.83,122.23,134.85,12.62,128.83,1,0.9923,High Churn Risk,0,0,Standard Tier,Normal Alignment
16758,United Kingdom,UK,Need Attention,1. Low Spend (<GBP 500),369.34,1,369.34,65,66.0,395.67,377.2,411.52,34.32,395.67,0,0.0135,Low Risk,0,0,Standard Tier,Normal Alignment
16759,United Kingdom,UK,Champions,2. Mid Spend (GBP 500-2k),789.79,3,263.26,8,31.0,1314.56,1261.73,1356.52,94.79,1314.56,0,0.0104,Low Risk,1,1,Maintained VIP,Normal Alignment
16761,United Kingdom,UK,About to Sleep,1. Low Spend (<GBP 500),316.62,1,316.62,97,97.0,315.58,300.2,328.78,28.58,315.58,1,0.8866,High Churn Risk,0,0,Standard Tier,Normal Alignment
16762,United Kingdom,UK,Champions,2. Mid Spend (GBP 500-2k),1207.24,3,402.41,20,145.0,1003.92,981.22,1018.89,37.67,1003.92,0,0.0705,Low Risk,0,0,Standard Tier,Normal Alignment
16763,United Kingdom,UK,Hibernating / Lost,2. Mid Spend (GBP 500-2k),611.85,1,611.85,199,199.0,189.42,179.98,198.19,18.22,189.42,1,0.9387,High Churn Risk,0,0,Standard Tier,Normal Alignment
16764,United Kingdom,UK,Champions,3. High Spend (>GBP 2k),2790.95,13,214.69,4,144.0,2588.38,2524.12,2637.37,113.25,2588.38,0,0.0325,Low Risk,1,1,Maintained VIP,Normal Alignment
16765,United Kingdom,UK,Hibernating / Lost,1. Low Spend (<GBP 500),34.0,1,34.0,294,295.0,137.64,130.59,144.09,13.5,137.64,1,0.9763,High Churn Risk,0,0,Standard Tier,Normal Alignment
16766,United Kingdom,UK,At Risk,2. Mid Spend (GBP 500-2k),1145.6,2,572.8,273,274.0,146.39,138.92,153.29,14.37,146.39,1,0.6014,Elevated Risk,0,0,Standard Tier,Normal Alignment
16767,United Kingdom,UK,Champions,3. High Spend (>GBP 2k),5575.56,11,506.87,31,317.0,1835.69,1811.08,1853.67,42.59,1835.69,0,0.0356,Low Risk,1,1,Maintained VIP,Normal Alignment
16768,United Kingdom,UK,Loyal Customers,1. Low Spend (<GBP 500),478.09,3,159.36,48,272.0,347.19,329.99,363.96,33.97,347.19,0,0.3691,Moderate Risk,0,0,Standard Tier,Normal Alignment
16769,United Kingdom,UK,Hibernating / Lost,1. Low Spend (<GBP 500),361.54,1,361.54,260,261.0,152.39,144.62,159.59,14.97,152.39,1,0.9945,High Churn Risk,0,0,Standard Tier,Normal Alignment
16770,United Kingdom,UK,Loyal Customers,2. Mid Spend (GBP 500-2k),757.1,5,151.42,58,373.0,405.85,390.5,422.29,31.79,405.85,0,0.2208,Low Risk,0,0,Standard Tier,Normal Alignment
16771,United Kingdom,UK,Champions,3. High Spend (>GBP 2k),2242.61,5,448.52,33,339.0,966.73,953.89,976.68,22.78,966.73,0,0.1251,Low Risk,0,0,Standard Tier,Normal Alignment
16773,United Kingdom,UK,Need Attention,1. Low Spend (<GBP 500),171.59,1,171.59,57,58.0,423.4,403.07,440.41,37.34,423.4,0,0.0128,Low Risk,0,0,Standard Tier,Normal Alignment
16774,United Kingdom,UK,Loyal Customers,2. Mid Spend (GBP 500-2k),661.52,4,165.38,68,179.0,651.51,626.09,676.6,50.51,651.51,0,0.1192,Low Risk,0,0,Standard Tier,Normal Alignment
16775,United Kingdom,UK,Champions,2. Mid Spend (GBP 500-2k),1691.51,11,153.77,10,368.0,760.32,740.72,782.52,41.79,760.32,0,0.0883,Low Risk,0,0,Standard Tier,Normal Alignment
16776,United Kingdom,UK,Need Attention,1. Low Spend (<GBP 500),371.54,1,371.54,60,61.0,412.56,393.24,428.94,35.7,412.56,0,0.0257,Low Risk,0,0,Standard Tier,Normal Alignment
16777,United Kingdom,UK,At Risk,1. Low Spend (<GBP 500),222.62,2,111.31,80,258.0,226.69,210.78,242.75,31.96,226.69,0,0.5741,Elevated Risk,0,0,Standard Tier,Normal Alignment
16778,United Kingdom,UK,At Risk,1. Low Spend (<GBP 500),245.94,2,122.97,74,275.0,257.22,245.39,268.65,23.26,257.22,0,0.5493,Elevated Risk,0,0,Standard Tier,Normal Alignment
16779,United Kingdom,UK,Champions,3. High Spend (>GBP 2k),10611.72,22,482.35,2,367.0,4309.35,4265.69,4341.6,75.91,4309.35,0,0.0327,Low Risk,1,1,Maintained VIP,Normal Alignment
16780,United Kingdom,UK,At Risk,1. Low Spend (<GBP 500),422.24,2,211.12,100,260.0,315.26,305.52,324.57,19.04,315.26,1,0.4953,Moderate Risk,0,0,Standard Tier,Normal Alignment
16781,United Kingdom,UK,Hibernating / Lost,1. Low Spend (<GBP 500),311.25,1,311.25,372,373.0,112.62,106.83,117.87,11.04,112.62,1,0.9946,High Churn Risk,0,0,Standard Tier,Normal Alignment
16782,United Kingdom,UK,Champions,3. High Spend (>GBP 2k),2267.95,13,174.46,10,366.0,945.38,925.13,967.01,41.88,945.38,0,0.0693,Low Risk,0,0,Standard Tier,Normal Alignment
16784,United Kingdom,UK,Potential Loyalists,1. Low Spend (<GBP 500),107.6,1,107.6,20,20.0,634.68,602.69,661.61,58.92,634.68,0,0.0039,Low Risk,0,0,Standard Tier,Normal Alignment
16788,United Kingdom,UK,At Risk,2. Mid Spend (GBP 500-2k),594.39,2,297.2,123,255.0,337.45,328.18,345.32,17.14,337.45,1,0.487,Moderate Risk,0,0,Standard Tier,Normal Alignment
16789,United Kingdom,UK,Potential Loyalists,1. Low Spend (<GBP 500),80.8,1,80.8,8,9.0,741.83,701.14,775.03,73.89,741.83,0,0.0051,Low Risk,0,0,Standard Tier,Normal Alignment
16790,United Kingdom,UK,Champions,2. Mid Spend (GBP 500-2k),1545.62,6,257.6,4,38.0,2315.11,2193.74,2413.96,220.22,2315.11,0,0.0183,Low Risk,1,1,Maintained VIP,Normal Alignment
16791,United Kingdom,UK,Champions,2. Mid Spend (GBP 500-2k),1705.78,7,243.68,29,333.0,797.74,785.6,807.85,22.25,797.74,0,0.0704,Low Risk,0,0,Standard Tier,Normal Alignment
16792,United Kingdom,UK,At Risk,1. Low Spend (<GBP 500),110.38,2,55.19,282,283.0,142.51,135.22,149.21,13.98,142.51,1,0.6705,Elevated Risk,0,0,Standard Tier,Normal Alignment
16793,United Kingdom,UK,Need Attention,1. Low Spend (<GBP 500),243.84,1,243.84,57,58.0,423.4,403.07,440.41,37.34,423.4,0,0.0108,Low Risk,0,0,Standard Tier,Normal Alignment
16794,United Kingdom,UK,Champions,2. Mid Spend (GBP 500-2k),1196.5,10,119.65,1,181.0,987.82,947.72,1029.53,81.81,987.82,0,0.0557,Low Risk,0,0,Standard Tier,Normal Alignment
16795,United Kingdom,UK,Hibernating / Lost,1. Low Spend (<GBP 500),414.88,1,414.88,365,366.0,114.49,108.6,119.82,11.22,114.49,1,0.9943,High Churn Risk,0,0,Standard Tier,Normal Alignment
16796,United Kingdom,UK,About to Sleep,1. Low Spend (<GBP 500),305.62,1,305.62,89,90.0,330.69,314.49,344.3,29.81,330.69,0,0.0338,Low Risk,0,0,Standard Tier,Normal Alignment
16800,United Kingdom,UK,Potential Loyalists,2. Mid Spend (GBP 500-2k),1162.65,1,1162.65,11,12.0,709.18,671.24,740.15,68.92,709.18,0,0.0238,Low Risk,0,0,Standard Tier,Normal Alignment
16801,United Kingdom,UK,At Risk,2. Mid Spend (GBP 500-2k),1594.23,4,398.56,163,274.0,614.82,601.83,626.03,24.2,614.82,1,0.219,Low Risk,0,0,Standard Tier,Normal Alignment
16803,United Kingdom,UK,Need Attention,1. Low Spend (<GBP 500),332.3,1,332.3,65,66.0,395.67,377.2,411.52,34.32,395.67,0,0.0249,Low Risk,0,0,Standard Tier,Normal Alignment
16804,United Kingdom,UK,Champions,2. Mid Spend (GBP 500-2k),536.99,3,179.0,23,271.0,369.95,361.01,377.07,16.06,369.95,0,0.3313,Moderate Risk,0,0,Standard Tier,Normal Alignment
16805,United Kingdom,UK,At Risk,1. Low Spend (<GBP 500),460.59,2,230.3,174,361.0,234.24,227.03,241.8,14.77,234.24,1,0.4982,Moderate Risk,0,0,Standard Tier,Normal Alignment
16806,United Kingdom,UK,At Risk,2. Mid Spend (GBP 500-2k),762.16,4,190.54,103,240.0,525.89,506.89,544.69,37.8,525.89,1,0.1543,Low Risk,0,0,Standard Tier,Normal Alignment
16807,United Kingdom,UK,At Risk,2. Mid Spend (GBP 500-2k),1121.59,3,373.86,143,271.0,553.09,544.66,559.94,15.28,553.09,1,0.2681,Moderate Risk,0,0,Standard Tier,Normal Alignment
16808,United Kingdom,UK,At Risk,1. Low Spend (<GBP 500),288.42,2,144.21,99,275.0,244.67,231.83,256.96,25.13,244.67,1,0.5621,Elevated Risk,0,0,Standard Tier,Normal Alignment
16809,United Kingdom,UK,Champions,2. Mid Spend (GBP 500-2k),914.69,5,182.94,23,263.0,582.31,562.68,602.63,39.95,582.31,0,0.1317,Low Risk,0,0,Standard Tier,Normal Alignment
16810,United Kingdom,UK,Hibernating / Lost,1. Low Spend (<GBP 500),309.54,1,309.54,192,193.0,193.98,184.25,202.94,18.69,193.98,1,0.9906,High Churn Risk,0,0,Standard Tier,Normal Alignment
16811,United Kingdom,UK,Loyal Customers,2. Mid Spend (GBP 500-2k),547.07,2,273.53,5,18.0,1293.18,1226.8,1345.48,118.68,1293.18,0,0.0065,Low Risk,1,1,Maintained VIP,Normal Alignment
16812,United Kingdom,UK,Hibernating / Lost,1. Low Spend (<GBP 500),479.35,1,479.35,361,361.0,115.86,109.9,121.25,11.35,115.86,1,0.9852,High Churn Risk,0,0,Standard Tier,Normal Alignment
16813,United Kingdom,UK,Champions,2. Mid Spend (GBP 500-2k),1652.18,10,165.22,8,205.0,1230.27,1194.05,1264.18,70.13,1230.27,0,0.0399,Low Risk,1,1,Maintained VIP,Normal Alignment
16814,United Kingdom,UK,Champions,3. High Spend (>GBP 2k),6416.7,21,305.56,14,370.0,2640.11,2616.64,2659.48,42.84,2640.11,0,0.0293,Low Risk,1,1,Maintained VIP,Normal Alignment
16816,United Kingdom,UK,At Risk,1. Low Spend (<GBP 500),417.06,4,104.26,103,359.0,303.62,287.08,321.92,34.83,303.62,1,0.4693,Moderate Risk,0,0,Standard Tier,Normal Alignment
16817,United Kingdom,UK,Champions,2. Mid Spend (GBP 500-2k),1604.75,9,178.31,3,369.0,712.63,695.56,730.94,35.38,712.63,0,0.0872,Low Risk,0,0,Standard Tier,Normal Alignment
16818,United Kingdom,UK,Champions,3. High Spend (>GBP 2k),3349.57,11,304.51,11,206.0,2077.38,2041.08,2104.08,63.0,2077.38,0,0.0338,Low Risk,1,1,Maintained VIP,Normal Alignment
16820,United Kingdom,UK,About to Sleep,1. Low Spend (<GBP 500),497.61,1,497.61,96,96.0,317.65,302.15,330.86,28.71,317.65,1,0.824,High Churn Risk,0,0,Standard Tier,Normal Alignment
16823,United Kingdom,UK,Hibernating / Lost,1. Low Spend (<GBP 500),358.38,1,358.38,227,228.0,170.09,161.56,178.06,16.5,170.09,1,0.9918,High Churn Risk,0,0,Standard Tier,Normal Alignment
16824,United Kingdom,UK,Loyal Customers,1. Low Spend (<GBP 500),460.64,2,230.32,16,165.0,436.91,422.33,450.42,28.09,436.91,0,0.3039,Moderate Risk,0,0,Standard Tier,Normal Alignment
16825,United Kingdom,UK,Loyal Customers,2. Mid Spend (GBP 500-2k),775.18,2,387.59,39,186.0,520.69,507.48,531.57,24.09,520.69,0,0.513,Elevated Risk,0,0,Standard Tier,Normal Alignment
16826,United Kingdom,UK,Need Attention,1. Low Spend (<GBP 500),341.7,1,341.7,51,52.0,446.89,425.56,464.71,39.14,446.89,0,0.007,Low Risk,0,0,Standard Tier,Normal Alignment
16828,United Kingdom,UK,At Risk,1. Low Spend (<GBP 500),128.5,2,64.25,93,113.0,393.86,360.15,424.4,64.25,393.86,1,0.4413,Moderate Risk,0,0,Standard Tier,Normal Alignment
16829,United Kingdom,UK,About to Sleep,1. Low Spend (<GBP 500),197.22,1,197.22,157,157.0,226.75,215.55,236.99,21.44,226.75,1,0.9792,High Churn Risk,0,0,Standard Tier,Normal Alignment
16830,United Kingdom,UK,Need Attention,1. Low Spend (<GBP 500),325.91,1,325.91,39,39.0,507.94,483.92,528.05,44.12,507.94,0,0.0086,Low Risk,0,0,Standard Tier,Normal Alignment
16832,United Kingdom,UK,At Risk,1. Low Spend (<GBP 500),199.15,3,66.38,184,218.0,332.62,307.95,358.55,50.6,332.62,1,0.469,Moderate Risk,0,0,Standard Tier,Normal Alignment
16833,United Kingdom,UK,Champions,2. Mid Spend (GBP 500-2k),1106.53,4,276.63,1,335.0,480.15,472.64,486.01,13.36,480.15,0,0.2215,Low Risk,0,0,Standard Tier,Normal Alignment
16834,United Kingdom,UK,Hibernating / Lost,1. Low Spend (<GBP 500),413.46,1,413.46,228,228.0,170.09,161.56,178.06,16.5,170.09,1,0.9822,High Churn Risk,0,0,Standard Tier,Normal Alignment
16835,United Kingdom,UK,At Risk,1. Low Spend (<GBP 500),180.85,2,90.42,128,374.0,181.21,170.79,191.31,20.52,181.21,1,0.716,Elevated Risk,0,0,Standard Tier,Normal Alignment
16836,United Kingdom,UK,Loyal Customers,1. Low Spend (<GBP 500),251.87,2,125.94,40,117.0,497.99,474.87,519.26,44.39,497.99,0,0.2195,Low Risk,0,0,Standard Tier,Normal Alignment
16837,United Kingdom,UK,Champions,3. High Spend (>GBP 2k),3170.98,11,288.27,31,246.0,1908.2,1884.13,1926.62,42.49,1908.2,0,0.0381,Low Risk,1,1,Maintained VIP,Normal Alignment
16838,United Kingdom,UK,At Risk,2. Mid Spend (GBP 500-2k),588.85,2,294.42,197,289.0,263.94,254.09,273.74,19.65,263.94,1,0.569,Elevated Risk,0,0,Standard Tier,Normal Alignment
16839,United Kingdom,UK,Champions,3. High Spend (>GBP 2k),16594.35,34,488.07,9,370.0,6638.9,6572.34,6689.2,116.86,6638.9,0,0.0336,Low Risk,1,1,Maintained VIP,Normal Alignment
16841,United Kingdom,UK,Loyal Customers,2. Mid Spend (GBP 500-2k),1869.82,6,311.64,37,288.0,945.62,932.45,956.37,23.92,945.62,0,0.0609,Low Risk,0,0,Standard Tier,Normal Alignment
16842,United Kingdom,UK,At Risk,2. Mid Spend (GBP 500-2k),1264.19,3,421.4,101,303.0,501.05,493.38,507.37,13.99,501.05,1,0.4213,Moderate Risk,0,0,Standard Tier,Normal Alignment
16843,United Kingdom,UK,Loyal Customers,3. High Spend (>GBP 2k),10196.57,16,637.29,43,328.0,4309.17,4236.95,4362.35,125.4,4309.17,0,0.0335,Low Risk,1,1,Maintained VIP,Normal Alignment
16846,United Kingdom,UK,Need Attention,1. Low Spend (<GBP 500),214.32,1,214.32,50,51.0,451.06,429.56,468.99,39.44,451.06,0,0.0082,Low Risk,0,0,Standard Tier,Normal Alignment
16847,United Kingdom,UK,Need Attention,1. Low Spend (<GBP 500),193.44,1,193.44,43,44.0,482.58,459.71,501.39,41.68,482.58,0,0.0063,Low Risk,0,0,Standard Tier,Normal Alignment
16848,United Kingdom,UK,Need Attention,1. Low Spend (<GBP 500),281.42,1,281.42,53,53.0,442.79,421.64,460.5,38.86,442.79,0,0.0073,Low Risk,0,0,Standard Tier,Normal Alignment
16849,United Kingdom,UK,Hibernating / Lost,1. Low Spend (<GBP 500),124.57,1,124.57,187,187.0,198.77,188.8,207.92,19.12,198.77,1,0.9832,High Churn Risk,0,0,Standard Tier,Normal Alignment
16850,United Kingdom,UK,Hibernating / Lost,1. Low Spend (<GBP 500),332.41,1,332.41,334,334.0,123.88,117.52,129.64,12.12,123.88,1,0.9919,High Churn Risk,0,0,Standard Tier,Normal Alignment
16851,United Kingdom,UK,Champions,1. Low Spend (<GBP 500),342.45,3,114.15,4,52.0,967.1,902.94,1026.33,123.39,967.1,0,0.0093,Low Risk,0,0,Standard Tier,Normal Alignment
16852,United Kingdom,UK,Loyal Customers,1. Low Spend (<GBP 500),144.91,2,72.46,10,177.0,295.48,272.63,317.67,45.05,295.48,0,0.4954,Moderate Risk,0,0,Standard Tier,Normal Alignment
16855,United Kingdom,UK,Loyal Customers,1. Low Spend (<GBP 500),328.4,2,164.2,24,44.0,883.36,837.08,918.22,81.14,883.36,0,0.0054,Low Risk,0,0,Standard Tier,Normal Alignment
16856,United Kingdom,UK,Potential Loyalists,1. Low Spend (<GBP 500),35.4,1,35.4,15,15.0,679.28,643.78,708.72,64.94,679.28,0,0.0047,Low Risk,0,0,Standard Tier,Normal Alignment
16858,United Kingdom,UK,Hibernating / Lost,1. Low Spend (<GBP 500),375.69,1,375.69,369,369.0,113.68,107.83,118.97,11.14,113.68,1,0.9944,High Churn Risk,0,0,Standard Tier,Normal Alignment
16859,United Kingdom,UK,At Risk,2. Mid Spend (GBP 500-2k),747.81,2,373.9,145,262.0,409.64,399.21,419.24,20.03,409.64,1,0.4846,Moderate Risk,0,0,Standard Tier,Normal Alignment
16861,United Kingdom,UK,Loyal Customers,1. Low Spend (<GBP 500),173.76,2,86.88,60,159.0,364.72,343.07,384.74,41.66,364.72,0,0.5191,Elevated Risk,0,0,Standard Tier,Normal Alignment
16863,United Kingdom,UK,Loyal Customers,2. Mid Spend (GBP 500-2k),502.8,2,251.4,31,367.0,260.43,253.72,265.85,12.13,260.43,0,0.5507,Elevated Risk,0,0,Standard Tier,Normal Alignment
16866,United Kingdom,UK,At Risk,1. Low Spend (<GBP 500),207.74,3,69.25,141,162.0,390.05,357.94,424.1,66.16,390.05,1,0.4048,Moderate Risk,0,0,Standard Tier,Normal Alignment
16869,United Kingdom,UK,Champions,2. Mid Spend (GBP 500-2k),817.12,4,204.28,23,176.0,703.23,679.53,727.29,47.76,703.23,0,0.094,Low Risk,0,0,Standard Tier,Normal Alignment
16871,United Kingdom,UK,Champions,3. High Spend (>GBP 2k),2812.34,6,468.72,22,271.0,1327.19,1302.1,1345.78,43.67,1327.19,0,0.0516,Low Risk,1,1,Maintained VIP,Normal Alignment
16872,United Kingdom,UK,At Risk,2. Mid Spend (GBP 500-2k),680.02,3,226.67,77,185.0,470.51,447.81,492.34,44.53,470.51,0,0.2398,Low Risk,0,0,Standard Tier,Normal Alignment
16873,United Kingdom,UK,Champions,3. High Spend (>GBP 2k),7123.62,6,1187.27,5,365.0,2070.8,2008.81,2115.52,106.71,2070.8,0,0.0692,Low Risk,1,1,Maintained VIP,Normal Alignment
16875,United Kingdom,UK,Loyal Customers,3. High Spend (>GBP 2k),2095.53,5,419.11,67,340.0,855.19,837.03,870.01,32.98,855.19,0,0.1542,Low Risk,0,0,Standard Tier,Normal Alignment
16877,United Kingdom,UK,Champions,2. Mid Spend (GBP 500-2k),846.62,6,141.1,12,209.0,754.09,727.41,781.64,54.23,754.09,0,0.1099,Low Risk,0,0,Standard Tier,Normal Alignment
16878,United Kingdom,UK,About to Sleep,1. Low Spend (<GBP 500),13.3,1,13.3,84,85.0,342.41,325.67,356.39,30.73,342.41,0,0.0367,Low Risk,0,0,Standard Tier,Normal Alignment
16880,United Kingdom,UK,Champions,2. Mid Spend (GBP 500-2k),1491.43,7,213.06,31,190.0,1106.82,1082.31,1128.99,46.68,1106.82,0,0.0439,Low Risk,1,1,Maintained VIP,Normal Alignment
16881,United Kingdom,UK,Need Attention,1. Low Spend (<GBP 500),432.0,1,432.0,67,67.0,392.46,374.07,408.21,34.14,392.46,0,0.0332,Low Risk,0,0,Standard Tier,Normal Alignment
16882,United Kingdom,UK,Loyal Customers,2. Mid Spend (GBP 500-2k),705.12,3,235.04,67,318.0,461.93,454.1,468.29,14.19,461.93,0,0.4358,Moderate Risk,0,0,Standard Tier,Normal Alignment
16883,United Kingdom,UK,At Risk,1. Low Spend (<GBP 500),272.48,2,136.24,187,372.0,196.33,187.14,205.37,18.22,196.33,1,0.6379,Elevated Risk,0,0,Standard Tier,Normal Alignment
16884,United Kingdom,UK,Loyal Customers,1. Low Spend (<GBP 500),429.84,2,214.92,38,38.0,513.34,489.04,533.72,44.68,513.34,0,0.0048,Low Risk,0,0,Standard Tier,Normal Alignment
16885,United Kingdom,UK,Champions,1. Low Spend (<GBP 500),450.41,3,150.14,15,358.0,267.15,253.76,281.24,27.48,267.15,0,0.4564,Moderate Risk,0,0,Standard Tier,Normal Alignment
16887,United Kingdom,UK,Need Attention,1. Low Spend (<GBP 500),192.33,1,192.33,35,36.0,524.48,499.6,545.45,45.84,524.48,0,0.0063,Low Risk,0,0,Standard Tier,Normal Alignment
16889,United Kingdom,UK,At Risk,2. Mid Spend (GBP 500-2k),1578.67,3,526.22,195,337.0,574.46,562.07,584.53,22.46,574.46,1,0.4199,Moderate Risk,0,0,Standard Tier,Normal Alignment
16891,United Kingdom,UK,Champions,2. Mid Spend (GBP 500-2k),742.43,5,148.49,2,372.0,369.6,353.08,387.96,34.88,369.6,0,0.2206,Low Risk,0,0,Standard Tier,Normal Alignment
16892,United Kingdom,UK,Champions,2. Mid Spend (GBP 500-2k),518.19,5,103.64,1,184.0,572.14,545.44,600.13,54.7,572.14,0,0.1464,Low Risk,0,0,Standard Tier,Normal Alignment
16893,United Kingdom,UK,Hibernating / Lost,1. Low Spend (<GBP 500),145.93,1,145.93,367,367.0,114.22,108.34,119.54,11.19,114.22,1,0.9925,High Churn Risk,0,0,Standard Tier,Normal Alignment
16895,United Kingdom,UK,Need Attention,1. Low Spend (<GBP 500),202.27,1,202.27,65,65.0,398.93,380.34,414.88,34.54,398.93,0,0.0253,Low Risk,0,0,Standard Tier,Normal Alignment
16897,United Kingdom,UK,At Risk,1. Low Spend (<GBP 500),289.78,2,144.89,299,314.0,202.46,189.74,215.1,25.37,202.46,1,0.6528,Elevated Risk,0,0,Standard Tier,Normal Alignment
16898,United Kingdom,UK,Champions,2. Mid Spend (GBP 500-2k),501.03,3,167.01,26,369.0,300.54,289.22,311.47,22.25,300.54,0,0.3793,Moderate Risk,0,0,Standard Tier,Normal Alignment
16899,United Kingdom,UK,Champions,2. Mid Spend (GBP 500-2k),1271.06,6,211.84,8,361.0,606.64,592.78,620.55,27.77,606.64,0,0.1356,Low Risk,0,0,Standard Tier,Normal Alignment
16900,United Kingdom,UK,Champions,2. Mid Spend (GBP 500-2k),887.11,3,295.7,17,64.0,751.83,693.39,808.44,115.04,751.83,0,0.0162,Low Risk,0,0,Standard Tier,Normal Alignment
16902,United Kingdom,UK,About to Sleep,2. Mid Spend (GBP 500-2k),1706.88,1,1706.88,116,117.0,279.13,265.49,291.3,25.81,279.13,1,0.8492,High Churn Risk,0,0,Standard Tier,Normal Alignment
16903,United Kingdom,UK,Potential Loyalists,1. Low Spend (<GBP 500),363.2,1,363.2,29,30.0,561.01,534.08,583.89,49.8,561.01,0,0.0055,Low Risk,0,0,Standard Tier,Normal Alignment
16904,United Kingdom,UK,Champions,3. High Spend (>GBP 2k),3653.75,16,228.36,4,368.0,1505.65,1486.81,1521.87,35.05,1505.65,0,0.0342,Low Risk,1,1,Maintained VIP,Normal Alignment
16905,United Kingdom,UK,Champions,3. High Spend (>GBP 2k),3037.6,7,433.94,5,372.0,1220.47,1202.11,1234.42,32.31,1220.47,0,0.0678,Low Risk,1,1,Maintained VIP,Normal Alignment
16906,United Kingdom,UK,At Risk,2. Mid Spend (GBP 500-2k),559.59,4,139.9,82,249.0,466.22,446.24,487.06,40.82,466.22,0,0.233,Low Risk,0,0,Standard Tier,Normal Alignment
16907,United Kingdom,UK,Champions,2. Mid Spend (GBP 500-2k),928.76,5,185.75,29,366.0,458.3,444.32,472.69,28.36,458.3,0,0.2085,Low Risk,0,0,Standard Tier,Normal Alignment
16909,United Kingdom,UK,Need Attention,1. Low Spend (<GBP 500),379.14,1,379.14,72,73.0,374.22,356.2,389.21,33.01,374.22,0,0.0292,Low Risk,0,0,Standard Tier,Normal Alignment
16910,United Kingdom,UK,Champions,2. Mid Spend (GBP 500-2k),1508.96,8,188.62,4,92.0,2071.42,2000.83,2129.83,128.99,2071.42,0,0.0121,Low Risk,1,1,Maintained VIP,Normal Alignment
16912,United Kingdom,UK,Champions,3. High Spend (>GBP 2k),2555.58,11,232.33,29,324.0,1119.73,1106.31,1128.8,22.49,1119.73,0,0.0382,Low Risk,1,1,Maintained VIP,Normal Alignment
16913,United Kingdom,UK,Hibernating / Lost,1. Low Spend (<GBP 500),113.44,1,113.44,290,291.0,139.22,132.1,145.76,13.66,139.22,1,0.9923,High Churn Risk,0,0,Standard Tier,Normal Alignment
16914,United Kingdom,UK,Need Attention,1. Low Spend (<GBP 500),183.76,1,183.76,36,37.0,518.85,494.27,539.52,45.25,518.85,0,0.0037,Low Risk,0,0,Standard Tier,Normal Alignment
16915,United Kingdom,UK,Champions,2. Mid Spend (GBP 500-2k),621.68,6,103.61,9,284.0,492.95,469.8,519.44,49.64,492.95,0,0.2417,Low Risk,0,0,Standard Tier,Normal Alignment
16916,United Kingdom,UK,Loyal Customers,2. Mid Spend (GBP 500-2k),562.41,2,281.21,24,373.0,265.4,258.75,270.8,12.05,265.4,0,0.4649,Moderate Risk,0,0,Standard Tier,Normal Alignment
16917,United Kingdom,UK,Hibernating / Lost,1. Low Spend (<GBP 500),391.52,1,391.52,277,277.0,145.07,137.66,151.9,14.24,145.07,1,0.9894,High Churn Risk,0,0,Standard Tier,Normal Alignment
16918,United Kingdom,UK,Loyal Customers,2. Mid Spend (GBP 500-2k),1068.82,6,178.14,50,318.0,535.7,520.55,550.92,30.36,535.7,0,0.1257,Low Risk,0,0,Standard Tier,Normal Alignment
16919,United Kingdom,UK,Cannot Lose Them,3. High Spend (>GBP 2k),2592.25,11,235.66,156,369.0,1123.98,1108.08,1139.2,31.12,1123.98,1,0.0462,Low Risk,1,1,Maintained VIP,Normal Alignment
16921,United Kingdom,UK,Need Attention,1. Low Spend (<GBP 500),154.18,1,154.18,61,62.0,409.06,390.07,425.3,35.23,409.06,0,0.0265,Low Risk,0,0,Standard Tier,Normal Alignment
16923,United Kingdom,UK,Champions,3. High Spend (>GBP 2k),7069.08,19,372.06,12,363.0,2820.72,2793.84,2840.01,46.18,2820.72,0,0.0292,Low Risk,1,1,Maintained VIP,Normal Alignment
16924,United Kingdom,UK,Champions,2. Mid Spend (GBP 500-2k),829.89,3,276.63,21,85.0,1082.24,1051.79,1108.82,57.04,1082.24,0,0.0145,Low Risk,0,0,Standard Tier,Normal Alignment
16926,United Kingdom,UK,Hibernating / Lost,1. Low Spend (<GBP 500),230.25,1,230.25,371,372.0,112.88,107.08,118.14,11.07,112.88,1,0.9853,High Churn Risk,0,0,Standard Tier,Normal Alignment
16927,United Kingdom,UK,At Risk,2. Mid Spend (GBP 500-2k),543.05,3,181.02,116,362.0,283.06,270.7,295.67,24.97,283.06,1,0.5675,Elevated Risk,0,0,Standard Tier,Normal Alignment
16928,United Kingdom,UK,Cannot Lose Them,3. High Spend (>GBP 2k),2814.7,17,165.57,80,374.0,1248.21,1225.4,1269.96,44.56,1248.21,0,0.0443,Low Risk,1,1,Maintained VIP,Normal Alignment
16929,United Kingdom,UK,Champions,2. Mid Spend (GBP 500-2k),1295.39,7,185.06,4,156.0,1180.93,1141.62,1216.59,74.97,1180.93,0,0.0435,Low Risk,1,1,Maintained VIP,Normal Alignment
16930,United Kingdom,UK,Champions,1. Low Spend (<GBP 500),378.89,3,126.3,26,69.0,702.85,668.22,731.21,62.98,702.85,0,0.0152,Low Risk,0,0,Standard Tier,Normal Alignment
16931,United Kingdom,UK,Champions,3. High Spend (>GBP 2k),4554.87,21,216.9,5,370.0,1944.0,1920.64,1963.18,42.54,1944.0,0,0.0265,Low Risk,1,1,Maintained VIP,Normal Alignment
16932,United Kingdom,UK,Need Attention,1. Low Spend (<GBP 500),150.23,1,150.23,53,54.0,438.77,417.79,456.36,38.58,438.77,0,0.0243,Low Risk,0,0,Standard Tier,Normal Alignment
16933,United Kingdom,UK,Loyal Customers,2. Mid Spend (GBP 500-2k),563.23,2,281.62,1,240.0,372.09,362.65,379.43,16.77,372.09,0,0.4675,Moderate Risk,0,0,Standard Tier,Normal Alignment
16934,United Kingdom,UK,Loyal Customers,2. Mid Spend (GBP 500-2k),931.03,2,465.52,55,55.0,434.82,414.0,452.3,38.3,434.82,0,0.0115,Low Risk,0,0,Standard Tier,Normal Alignment
16936,United Kingdom,UK,Potential Loyalists,1. Low Spend (<GBP 500),261.9,1,261.9,26,26.0,588.32,559.58,612.73,53.15,588.32,0,0.0042,Low Risk,0,0,Standard Tier,Normal Alignment
16938,United Kingdom,UK,Champions,3. High Spend (>GBP 2k),2711.68,4,677.92,9,309.0,1229.45,1188.15,1260.81,72.66,1229.45,0,0.1356,Low Risk,1,1,Maintained VIP,Normal Alignment
16940,United Kingdom,UK,Loyal Customers,3. High Spend (>GBP 2k),3049.88,3,1016.63,52,290.0,1177.99,1121.15,1226.34,105.19,1177.99,0,0.3045,Moderate Risk,1,1,Maintained VIP,Normal Alignment
16942,United Kingdom,UK,Champions,2. Mid Spend (GBP 500-2k),1904.99,9,211.67,13,228.0,1213.78,1189.41,1236.35,46.94,1213.78,0,0.0441,Low Risk,1,1,Maintained VIP,Normal Alignment
16943,United Kingdom,UK,At Risk,2. Mid Spend (GBP 500-2k),816.73,3,272.24,212,319.0,331.48,318.19,344.6,26.41,331.48,1,0.5397,Elevated Risk,0,0,Standard Tier,Normal Alignment
16945,United Kingdom,UK,Champions,3. High Spend (>GBP 2k),4345.5,19,228.71,22,359.0,1833.3,1815.17,1846.44,31.27,1833.3,0,0.0283,Low Risk,1,1,Maintained VIP,Normal Alignment
16947,United Kingdom,UK,Hibernating / Lost,1. Low Spend (<GBP 500),406.48,1,406.48,236,236.0,165.43,157.09,173.21,16.12,165.43,1,0.9861,High Churn Risk,0,0,Standard Tier,Normal Alignment
16948,United Kingdom,UK,At Risk,1. Low Spend (<GBP 500),435.02,3,145.01,139,326.0,325.3,312.26,338.17,25.91,325.3,1,0.5818,Elevated Risk,0,0,Standard Tier,Normal Alignment
16949,United Kingdom,UK,Champions,2. Mid Spend (GBP 500-2k),1286.27,6,214.38,4,317.0,725.95,711.59,740.38,28.79,725.95,0,0.1213,Low Risk,0,0,Standard Tier,Normal Alignment
16950,United Kingdom,UK,Loyal Customers,2. Mid Spend (GBP 500-2k),1178.56,3,392.85,57,368.0,515.46,505.57,523.85,18.27,515.46,0,0.3877,Moderate Risk,0,0,Standard Tier,Normal Alignment
16951,United Kingdom,UK,At Risk,2. Mid Spend (GBP 500-2k),1277.75,3,425.92,135,305.0,286.59,269.77,304.07,34.31,286.59,1,0.4874,Moderate Risk,0,0,Standard Tier,Normal Alignment
16952,United Kingdom,UK,At Risk,1. Low Spend (<GBP 500),167.61,2,83.8,109,110.0,290.89,276.74,303.47,26.73,290.89,1,0.4237,Moderate Risk,0,0,Standard Tier,Normal Alignment
16953,United Kingdom,UK,Potential Loyalists,1. Low Spend (<GBP 500),20.8,1,20.8,30,31.0,554.57,528.09,577.48,49.38,554.57,0,0.0198,Low Risk,0,0,Standard Tier,Normal Alignment
16954,United Kingdom,UK,Champions,3. High Spend (>GBP 2k),2085.08,9,231.68,1,360.0,871.46,857.47,884.54,27.07,871.46,0,0.0669,Low Risk,0,0,Standard Tier,Normal Alignment
16955,United Kingdom,UK,At Risk,2. Mid Spend (GBP 500-2k),518.67,4,129.67,185,374.0,300.63,284.9,317.88,32.98,300.63,1,0.4965,Moderate Risk,0,0,Standard Tier,Normal Alignment
16956,United Kingdom,UK,Potential Loyalists,1. Low Spend (<GBP 500),308.74,1,308.74,18,18.0,651.79,618.48,679.68,61.2,651.79,0,0.0022,Low Risk,0,0,Standard Tier,Normal Alignment
16957,United Kingdom,UK,At Risk,1. Low Spend (<GBP 500),416.64,2,208.32,239,282.0,311.26,302.76,318.5,15.73,311.26,1,0.6164,Elevated Risk,0,0,Standard Tier,Normal Alignment
16959,United Kingdom,UK,About to Sleep,1. Low Spend (<GBP 500),117.35,1,117.35,87,88.0,335.28,318.86,349.04,30.17,335.28,0,0.0229,Low Risk,0,0,Standard Tier,Normal Alignment
16960,United Kingdom,UK,Loyal Customers,2. Mid Spend (GBP 500-2k),507.05,3,169.02,39,253.0,373.61,355.35,390.97,35.63,373.61,0,0.2539,Moderate Risk,0,0,Standard Tier,Normal Alignment
16961,United Kingdom,UK,About to Sleep,1. Low Spend (<GBP 500),234.17,1,234.17,116,117.0,279.13,265.49,291.3,25.81,279.13,1,0.9686,High Churn Risk,0,0,Standard Tier,Normal Alignment
16963,United Kingdom,UK,Hibernating / Lost,1. Low Spend (<GBP 500),110.55,1,110.55,187,188.0,197.96,188.02,207.07,19.06,197.96,1,0.9879,High Churn Risk,0,0,Standard Tier,Normal Alignment
16965,United Kingdom,UK,Hibernating / Lost,1. Low Spend (<GBP 500),201.19,1,201.19,227,227.0,170.69,162.14,178.69,16.55,170.69,1,0.981,High Churn Risk,0,0,Standard Tier,Normal Alignment
16966,United Kingdom,UK,Champions,3. High Spend (>GBP 2k),2154.97,7,307.85,8,241.0,1213.74,1195.9,1229.06,33.16,1213.74,0,0.0609,Low Risk,1,1,Maintained VIP,Normal Alignment
16967,United Kingdom,UK,Hibernating / Lost,1. Low Spend (<GBP 500),319.02,1,319.02,189,190.0,196.35,186.47,205.4,18.92,196.35,1,0.9833,High Churn Risk,0,0,Standard Tier,Normal Alignment
16968,United Kingdom,UK,Loyal Customers,1. Low Spend (<GBP 500),439.43,2,219.72,4,108.0,546.27,522.59,567.24,44.65,546.27,0,0.1391,Low Risk,0,0,Standard Tier,Normal Alignment
16969,United Kingdom,UK,Loyal Customers,2. Mid Spend (GBP 500-2k),650.41,3,216.8,39,192.0,434.35,410.77,457.37,46.6,434.35,0,0.1954,Low Risk,0,0,Standard Tier,Normal Alignment
16971,United Kingdom,UK,Need Attention,1. Low Spend (<GBP 500),357.21,1,357.21,38,39.0,507.94,483.92,528.05,44.12,507.94,0,0.0046,Low Risk,0,0,Standard Tier,Normal Alignment
16976,United Kingdom,UK,Hibernating / Lost,1. Low Spend (<GBP 500),251.52,1,251.52,267,268.0,149.1,141.49,156.13,14.64,149.1,1,0.9953,High Churn Risk,0,0,Standard Tier,Normal Alignment
16978,United Kingdom,UK,About to Sleep,1. Low Spend (<GBP 500),344.33,1,344.33,78,78.0,360.27,342.73,374.83,32.1,360.27,0,0.0392,Low Risk,0,0,Standard Tier,Normal Alignment
16979,United Kingdom,UK,Champions,2. Mid Spend (GBP 500-2k),1852.0,6,308.67,4,298.0,897.4,884.29,908.55,24.26,897.4,0,0.0838,Low Risk,0,0,Standard Tier,Normal Alignment
16980,United Kingdom,UK,At Risk,2. Mid Spend (GBP 500-2k),1028.46,2,514.23,255,292.0,319.65,311.58,326.09,14.51,319.65,1,0.5239,Elevated Risk,0,0,Standard Tier,Normal Alignment
16982,United Kingdom,UK,Need Attention,1. Low Spend (<GBP 500),384.06,1,384.06,61,61.0,412.56,393.24,428.94,35.7,412.56,0,0.0126,Low Risk,0,0,Standard Tier,Normal Alignment
16983,United Kingdom,UK,Champions,2. Mid Spend (GBP 500-2k),1905.87,7,272.27,13,370.0,845.04,833.37,854.64,21.28,845.04,0,0.0863,Low Risk,0,0,Standard Tier,Normal Alignment
16984,United Kingdom,UK,At Risk,3. High Spend (>GBP 2k),4459.52,2,2229.76,88,131.0,1242.17,1161.82,1314.81,153.0,1242.17,0,0.128,Low Risk,1,1,Maintained VIP,Normal Alignment
16985,United Kingdom,UK,Champions,3. High Spend (>GBP 2k),5464.12,10,546.41,17,359.0,1955.98,1916.96,1986.82,69.87,1955.98,0,0.0399,Low Risk,1,1,Maintained VIP,Normal Alignment
16986,United Kingdom,UK,Loyal Customers,2. Mid Spend (GBP 500-2k),1873.2,2,936.6,30,31.0,3507.74,3201.69,3793.41,591.72,3507.74,0,0.0321,Low Risk,1,1,Maintained VIP,Normal Alignment
16987,United Kingdom,UK,Champions,2. Mid Spend (GBP 500-2k),1616.8,7,230.97,3,206.0,1150.57,1129.85,1168.33,38.48,1150.57,0,0.062,Low Risk,1,1,Maintained VIP,Normal Alignment
16988,United Kingdom,UK,Potential Loyalists,1. Low Spend (<GBP 500),126.12,1,126.12,5,6.0,777.64,733.48,814.41,80.92,777.64,0,0.0029,Low Risk,0,0,Standard Tier,Normal Alignment
16989,United Kingdom,UK,Champions,2. Mid Spend (GBP 500-2k),1133.25,6,188.88,7,151.0,583.83,536.35,636.5,100.15,583.83,0,0.0738,Low Risk,0,0,Standard Tier,Normal Alignment
16990,United Kingdom,UK,Hibernating / Lost,1. Low Spend (<GBP 500),179.0,1,179.0,219,219.0,175.65,166.9,183.86,16.95,175.65,1,0.994,High Churn Risk,0,0,Standard Tier,Normal Alignment
16992,United Kingdom,UK,Champions,2. Mid Spend (GBP 500-2k),1614.31,5,322.86,11,285.0,772.02,759.28,782.89,23.61,772.02,0,0.1059,Low Risk,0,0,Standard Tier,Normal Alignment
16996,United Kingdom,UK,Champions,2. Mid Spend (GBP 500-2k),1456.96,6,242.83,30,354.0,694.64,685.28,701.99,16.71,694.64,0,0.1647,Low Risk,0,0,Standard Tier,Normal Alignment
16997,United Kingdom,UK,At Risk,2. Mid Spend (GBP 500-2k),702.0,3,234.0,288,326.0,304.74,290.83,318.97,28.15,304.74,1,0.5202,Elevated Risk,0,0,Standard Tier,Normal Alignment
16998,United Kingdom,UK,At Risk,1. Low Spend (<GBP 500),295.0,4,73.75,150,305.0,278.87,261.63,296.93,35.31,278.87,1,0.547,Elevated Risk,0,0,Standard Tier,Normal Alignment
16999,United Kingdom,UK,Loyal Customers,1. Low Spend (<GBP 500),484.82,2,242.41,23,75.0,738.02,709.8,760.43,50.63,738.02,0,0.0115,Low Risk,0,0,Standard Tier,Normal Alignment
17001,United Kingdom,UK,Champions,3. High Spend (>GBP 2k),3989.57,11,362.69,1,359.0,1630.82,1615.68,1642.08,26.4,1630.82,0,0.0318,Low Risk,1,1,Maintained VIP,Normal Alignment
17002,United Kingdom,UK,At Risk,2. Mid Spend (GBP 500-2k),1493.73,3,497.91,86,291.0,618.82,607.02,628.48,21.46,618.82,0,0.3886,Moderate Risk,0,0,Standard Tier,Normal Alignment
17004,United Kingdom,UK,Loyal Customers,2. Mid Spend (GBP 500-2k),1312.14,2,656.07,46,93.0,800.26,778.35,817.89,39.53,800.26,0,0.0777,Low Risk,0,0,Standard Tier,Normal Alignment
17006,United Kingdom,UK,Champions,2. Mid Spend (GBP 500-2k),781.78,4,195.44,5,76.0,1139.43,1084.02,1188.53,104.51,1139.43,0,0.0133,Low Risk,1,1,Maintained VIP,Normal Alignment
17007,United Kingdom,UK,Loyal Customers,2. Mid Spend (GBP 500-2k),889.93,6,148.32,51,358.0,442.04,427.0,457.92,30.92,442.04,0,0.1581,Low Risk,0,0,Standard Tier,Normal Alignment
17010,United Kingdom,UK,Potential Loyalists,1. Low Spend (<GBP 500),195.36,1,195.36,18,19.0,643.12,610.48,670.52,60.04,643.12,0,0.0019,Low Risk,0,0,Standard Tier,Normal Alignment
17011,United Kingdom,UK,Potential Loyalists,1. Low Spend (<GBP 500),270.9,1,270.9,30,31.0,554.57,528.09,577.48,49.38,554.57,0,0.0032,Low Risk,0,0,Standard Tier,Normal Alignment
17014,United Kingdom,UK,Champions,2. Mid Spend (GBP 500-2k),583.43,3,194.48,8,67.0,1045.23,1000.59,1085.63,85.04,1045.23,0,0.0135,Low Risk,0,0,Standard Tier,Normal Alignment
17015,United Kingdom,UK,Champions,2. Mid Spend (GBP 500-2k),1838.61,3,612.87,29,186.0,1092.12,1056.77,1121.09,64.32,1092.12,0,0.0969,Low Risk,1,0,Demoted from VIP,Normal Alignment
17017,United Kingdom,UK,Champions,3. High Spend (>GBP 2k),8694.26,20,434.71,3,373.0,3260.23,3229.14,3286.07,56.93,3260.23,0,0.0337,Low Risk,1,1,Maintained VIP,Normal Alignment
17018,United Kingdom,UK,Loyal Customers,2. Mid Spend (GBP 500-2k),920.1,2,460.05,41,326.0,350.6,341.78,358.95,17.18,350.6,0,0.5895,Elevated Risk,0,0,Standard Tier,Normal Alignment
17019,United Kingdom,UK,Champions,2. Mid Spend (GBP 500-2k),1258.08,4,314.52,11,369.0,498.0,489.3,505.97,16.67,498.0,0,0.2506,Moderate Risk,0,0,Standard Tier,Normal Alignment
17022,United Kingdom,UK,Potential Loyalists,1. Low Spend (<GBP 500),71.0,1,71.0,31,32.0,548.28,522.17,571.32,49.15,548.28,0,0.0069,Low Risk,0,0,Standard Tier,Normal Alignment
17024,United Kingdom,UK,Loyal Customers,1. Low Spend (<GBP 500),95.85,3,31.95,45,158.0,373.85,339.8,410.38,70.58,373.85,0,0.3834,Moderate Risk,0,0,Standard Tier,Normal Alignment
17025,United Kingdom,UK,Loyal Customers,1. Low Spend (<GBP 500),357.77,3,119.26,61,374.0,211.81,203.93,219.67,15.74,211.81,0,0.5354,Elevated Risk,0,0,Standard Tier,Normal Alignment
17026,United Kingdom,UK,At Risk,1. Low Spend (<GBP 500),154.83,2,77.41,185,370.0,190.05,180.17,199.62,19.45,190.05,1,0.6989,Elevated Risk,0,0,Standard Tier,Normal Alignment
17027,United Kingdom,UK,Cannot Lose Them,2. Mid Spend (GBP 500-2k),877.56,6,146.26,79,318.0,492.31,476.21,509.52,33.32,492.31,0,0.1579,Low Risk,0,0,Standard Tier,Normal Alignment
17029,United Kingdom,UK,At Risk,2. Mid Spend (GBP 500-2k),716.0,2,358.0,111,237.0,384.86,375.41,392.41,16.99,384.86,1,0.5598,Elevated Risk,0,0,Standard Tier,Normal Alignment
17030,United Kingdom,UK,Need Attention,1. Low Spend (<GBP 500),146.87,1,146.87,64,64.0,402.25,383.53,418.3,34.77,402.25,0,0.0229,Low Risk,0,0,Standard Tier,Normal Alignment
17031,United Kingdom,UK,Loyal Customers,1. Low Spend (<GBP 500),380.35,2,190.18,12,155.0,404.44,385.19,422.51,37.33,404.44,0,0.2877,Moderate Risk,0,0,Standard Tier,Normal Alignment
17033,United Kingdom,UK,At Risk,2. Mid Spend (GBP 500-2k),1030.14,3,343.38,86,360.0,424.9,418.03,430.4,12.37,424.9,0,0.4371,Moderate Risk,0,0,Standard Tier,Normal Alignment
17034,United Kingdom,UK,Champions,2. Mid Spend (GBP 500-2k),745.52,3,248.51,16,288.0,463.08,453.55,472.1,18.54,463.08,0,0.4222,Moderate Risk,0,0,Standard Tier,Normal Alignment
17035,United Kingdom,UK,At Risk,1. Low Spend (<GBP 500),433.53,2,216.76,246,312.0,239.14,229.45,248.73,19.28,239.14,1,0.5729,Elevated Risk,0,0,Standard Tier,Normal Alignment
17037,United Kingdom,UK,About to Sleep,2. Mid Spend (GBP 500-2k),1267.32,1,1267.32,88,88.0,335.28,318.86,349.04,30.17,335.28,0,0.0855,Low Risk,0,0,Standard Tier,Normal Alignment
17038,United Kingdom,UK,Potential Loyalists,1. Low Spend (<GBP 500),112.4,1,112.4,30,31.0,554.57,528.09,577.48,49.38,554.57,0,0.0042,Low Risk,0,0,Standard Tier,Normal Alignment
17040,United Kingdom,UK,About to Sleep,1. Low Spend (<GBP 500),449.73,1,449.73,138,138.0,248.94,236.66,260.02,23.36,248.94,1,0.958,High Churn Risk,0,0,Standard Tier,Normal Alignment
17041,United Kingdom,UK,Champions,2. Mid Spend (GBP 500-2k),1071.49,3,357.16,27,361.0,439.62,432.89,445.0,12.11,439.62,0,0.3782,Moderate Risk,0,0,Standard Tier,Normal Alignment
17042,United Kingdom,UK,Champions,2. Mid Spend (GBP 500-2k),1036.58,5,207.32,3,248.0,647.66,627.82,667.47,39.65,647.66,0,0.1046,Low Risk,0,0,Standard Tier,Normal Alignment
17043,United Kingdom,UK,Champions,2. Mid Spend (GBP 500-2k),1735.18,4,433.8,32,267.0,969.43,951.92,983.13,31.2,969.43,0,0.1429,Low Risk,0,0,Standard Tier,Normal Alignment
17044,United Kingdom,UK,Potential Loyalists,2. Mid Spend (GBP 500-2k),948.48,1,948.48,25,26.0,588.32,559.58,612.73,53.15,588.32,0,0.0227,Low Risk,0,0,Standard Tier,Normal Alignment
17045,United Kingdom,UK,At Risk,1. Low Spend (<GBP 500),339.44,3,113.15,113,248.0,376.84,358.05,394.59,36.55,376.84,1,0.4801,Moderate Risk,0,0,Standard Tier,Normal Alignment
17046,United Kingdom,UK,About to Sleep,2. Mid Spend (GBP 500-2k),642.02,1,642.02,157,158.0,225.69,214.54,235.89,21.35,225.69,1,0.921,High Churn Risk,0,0,Standard Tier,Normal Alignment
17047,United Kingdom,UK,At Risk,2. Mid Spend (GBP 500-2k),1100.9,3,366.97,85,206.0,427.01,416.58,435.37,18.79,427.01,0,0.1803,Low Risk,0,0,Standard Tier,Normal Alignment
17048,United Kingdom,UK,At Risk,2. Mid Spend (GBP 500-2k),925.35,3,308.45,118,332.0,434.55,426.64,441.13,14.48,434.55,1,0.4042,Moderate Risk,0,0,Standard Tier,Normal Alignment
17049,United Kingdom,UK,Champions,3. High Spend (>GBP 2k),5655.03,9,628.34,3,276.0,2564.88,2517.12,2599.75,82.62,2564.88,0,0.0346,Low Risk,1,1,Maintained VIP,Normal Alignment
17050,United Kingdom,UK,Cannot Lose Them,3. High Spend (>GBP 2k),3185.64,6,530.94,96,300.0,1589.64,1559.99,1611.54,51.55,1589.64,1,0.0666,Low Risk,1,1,Maintained VIP,Normal Alignment
17051,United Kingdom,UK,Hibernating / Lost,1. Low Spend (<GBP 500),240.89,1,240.89,194,195.0,192.44,182.8,201.33,18.53,192.44,1,0.9831,High Churn Risk,0,0,Standard Tier,Normal Alignment
17052,United Kingdom,UK,Potential Loyalists,1. Low Spend (<GBP 500),399.09,1,399.09,28,29.0,567.59,540.21,590.85,50.64,567.59,0,0.0078,Low Risk,0,0,Standard Tier,Normal Alignment
17053,United Kingdom,UK,About to Sleep,1. Low Spend (<GBP 500),498.48,1,498.48,131,131.0,258.25,245.53,269.67,24.14,258.25,1,0.9446,High Churn Risk,0,0,Standard Tier,Normal Alignment
17054,United Kingdom,UK,Champions,2. Mid Spend (GBP 500-2k),1356.33,5,271.27,28,246.0,793.25,776.31,807.87,31.56,793.25,0,0.0819,Low Risk,0,0,Standard Tier,Normal Alignment
17058,United Kingdom,UK,At Risk,2. Mid Spend (GBP 500-2k),1179.89,3,393.3,82,240.0,534.89,523.4,545.1,21.7,534.89,0,0.1979,Low Risk,0,0,Standard Tier,Normal Alignment
17059,United Kingdom,UK,Champions,3. High Spend (>GBP 2k),3080.39,5,616.08,30,370.0,1048.7,1029.1,1064.2,35.1,1048.7,0,0.1145,Low Risk,0,0,Standard Tier,Normal Alignment
17060,United Kingdom,UK,Hibernating / Lost,1. Low Spend (<GBP 500),234.24,1,234.24,266,267.0,149.56,141.93,156.62,14.69,149.56,1,0.9806,High Churn Risk,0,0,Standard Tier,Normal Alignment
17061,United Kingdom,UK,Cannot Lose Them,3. High Spend (>GBP 2k),5232.23,11,475.66,74,233.0,2148.43,2120.29,2168.49,48.19,2148.43,0,0.0421,Low Risk,1,1,Maintained VIP,Normal Alignment
17062,United Kingdom,UK,At Risk,2. Mid Spend (GBP 500-2k),533.33,4,133.33,314,370.0,300.26,284.3,317.84,33.54,300.26,1,0.4441,Moderate Risk,0,0,Standard Tier,Normal Alignment
17063,United Kingdom,UK,Champions,2. Mid Spend (GBP 500-2k),1461.14,7,208.73,21,290.0,719.24,709.92,726.58,16.66,719.24,0,0.0724,Low Risk,0,0,Standard Tier,Normal Alignment
17064,United Kingdom,UK,Loyal Customers,2. Mid Spend (GBP 500-2k),855.45,3,285.15,59,328.0,456.14,448.87,462.03,13.16,456.14,0,0.4023,Moderate Risk,0,0,Standard Tier,Normal Alignment
17068,United Kingdom,UK,Champions,3. High Spend (>GBP 2k),4552.14,21,216.77,12,369.0,1944.12,1920.05,1963.68,43.64,1944.12,0,0.0274,Low Risk,1,1,Maintained VIP,Normal Alignment
17069,United Kingdom,UK,Champions,3. High Spend (>GBP 2k),2709.7,9,301.08,28,374.0,1107.05,1097.12,1115.44,18.32,1107.05,0,0.0464,Low Risk,1,1,Maintained VIP,Normal Alignment
17070,United Kingdom,UK,About to Sleep,1. Low Spend (<GBP 500),304.24,1,304.24,114,115.0,282.39,268.61,294.67,26.06,282.39,1,0.93,High Churn Risk,0,0,Standard Tier,Normal Alignment
17071,United Kingdom,UK,Champions,3. High Spend (>GBP 2k),2429.03,9,269.89,28,310.0,1161.14,1147.59,1173.04,25.45,1161.14,0,0.0386,Low Risk,1,1,Maintained VIP,Normal Alignment
17073,United Kingdom,UK,Champions,2. Mid Spend (GBP 500-2k),1446.09,4,361.52,18,110.0,1360.29,1330.87,1384.32,53.46,1360.29,0,0.0359,Low Risk,1,1,Maintained VIP,Normal Alignment
17075,United Kingdom,UK,Champions,2. Mid Spend (GBP 500-2k),834.12,4,208.53,18,318.0,461.65,448.01,475.53,27.52,461.65,0,0.2331,Low Risk,0,0,Standard Tier,Normal Alignment
17076,United Kingdom,UK,Loyal Customers,2. Mid Spend (GBP 500-2k),841.08,3,280.36,36,365.0,408.41,401.23,414.16,12.93,408.41,0,0.4641,Moderate Risk,0,0,Standard Tier,Normal Alignment
17078,United Kingdom,UK,Loyal Customers,1. Low Spend (<GBP 500),378.2,2,189.1,36,37.0,518.85,494.27,539.52,45.25,518.85,0,0.0089,Low Risk,0,0,Standard Tier,Normal Alignment
17079,United Kingdom,UK,About to Sleep,1. Low Spend (<GBP 500),118.8,1,118.8,78,79.0,357.61,340.18,372.08,31.89,357.61,0,0.0201,Low Risk,0,0,Standard Tier,Normal Alignment
17080,United Kingdom,UK,Loyal Customers,1. Low Spend (<GBP 500),287.62,2,143.81,22,270.0,285.34,275.21,295.12,19.91,285.34,0,0.5885,Elevated Risk,0,0,Standard Tier,Normal Alignment
17081,United Kingdom,UK,Loyal Customers,1. Low Spend (<GBP 500),288.91,2,144.45,25,47.0,857.42,813.03,891.46,78.43,857.42,0,0.0177,Low Risk,0,0,Standard Tier,Normal Alignment
17082,United Kingdom,UK,Loyal Customers,3. High Spend (>GBP 2k),2003.85,2,1001.92,33,319.0,662.97,620.33,704.85,84.52,662.97,0,0.5496,Elevated Risk,0,0,Standard Tier,Normal Alignment
17083,United Kingdom,UK,At Risk,2. Mid Spend (GBP 500-2k),1405.78,3,468.59,109,304.0,487.73,480.13,494.09,13.96,487.73,1,0.5309,Elevated Risk,0,0,Standard Tier,Normal Alignment
17084,United Kingdom,UK,Loyal Customers,3. High Spend (>GBP 2k),2747.99,2,1374.0,35,36.0,524.48,499.6,545.45,45.84,524.48,0,0.0237,Low Risk,0,0,Standard Tier,Normal Alignment
17085,United Kingdom,UK,At Risk,2. Mid Spend (GBP 500-2k),1562.4,5,312.48,123,363.0,598.65,587.91,608.28,20.38,598.65,1,0.2223,Low Risk,0,0,Standard Tier,Normal Alignment
17086,United Kingdom,UK,Champions,3. High Spend (>GBP 2k),2050.08,6,341.68,7,64.0,2822.09,2730.77,2895.66,164.9,2822.09,0,0.0147,Low Risk,1,1,Maintained VIP,Normal Alignment
17088,United Kingdom,UK,Champions,2. Mid Spend (GBP 500-2k),1991.01,4,497.75,28,254.0,720.24,708.0,729.68,21.67,720.24,0,0.1052,Low Risk,0,0,Standard Tier,Normal Alignment
17090,United Kingdom,UK,Champions,2. Mid Spend (GBP 500-2k),1974.65,7,282.09,4,355.0,943.3,932.37,952.18,19.81,943.3,0,0.1041,Low Risk,0,0,Standard Tier,Normal Alignment
17091,United Kingdom,UK,Champions,3. High Spend (>GBP 2k),3827.76,9,425.31,3,368.0,1533.72,1509.82,1550.93,41.12,1533.72,0,0.0345,Low Risk,1,1,Maintained VIP,Normal Alignment
17092,United Kingdom,UK,Loyal Customers,2. Mid Spend (GBP 500-2k),1774.03,4,443.51,50,278.0,973.61,954.13,988.64,34.51,973.61,0,0.1658,Low Risk,0,0,Standard Tier,Normal Alignment
17094,United Kingdom,UK,Hibernating / Lost,1. Low Spend (<GBP 500),302.0,1,302.0,322,323.0,127.47,120.94,133.42,12.48,127.47,1,0.9936,High Churn Risk,0,0,Standard Tier,Normal Alignment
17095,United Kingdom,UK,Champions,2. Mid Spend (GBP 500-2k),1324.16,3,441.39,23,335.0,560.62,549.66,569.98,20.31,560.62,0,0.4086,Moderate Risk,0,0,Standard Tier,Normal Alignment
17096,United Kingdom,UK,Champions,2. Mid Spend (GBP 500-2k),1022.13,4,255.53,15,262.0,660.37,647.79,671.16,23.37,660.37,0,0.1971,Low Risk,0,0,Standard Tier,Normal Alignment
17097,Spain,International,Champions,2. Mid Spend (GBP 500-2k),954.42,8,119.3,2,366.0,483.46,465.25,504.55,39.3,483.46,0,0.1328,Low Risk,0,0,Standard Tier,VIP Under-selection; CLV Spend Devaluation; Churn Over-prediction
17100,United Kingdom,UK,Loyal Customers,2. Mid Spend (GBP 500-2k),971.74,2,485.87,18,19.0,643.12,610.48,670.52,60.04,643.12,0,0.0153,Low Risk,0,0,Standard Tier,Normal Alignment
17101,United Kingdom,UK,Champions,2. Mid Spend (GBP 500-2k),1621.73,4,405.43,10,179.0,1221.58,1198.48,1238.29,39.82,1221.58,0,0.0767,Low Risk,1,1,Maintained VIP,Normal Alignment
17102,United Kingdom,UK,Hibernating / Lost,1. Low Spend (<GBP 500),25.5,1,25.5,262,262.0,151.91,144.17,159.09,14.92,151.91,1,0.9809,High Churn Risk,0,0,Standard Tier,Normal Alignment
17105,United Kingdom,UK,At Risk,2. Mid Spend (GBP 500-2k),665.78,2,332.89,159,307.0,306.37,298.5,312.59,14.09,306.37,1,0.5037,Elevated Risk,0,0,Standard Tier,Normal Alignment
17107,United Kingdom,UK,Champions,3. High Spend (>GBP 2k),10797.48,6,1799.58,33,279.0,4502.62,4311.15,4661.34,350.19,4502.62,0,0.0486,Low Risk,1,1,Maintained VIP,Normal Alignment
17109,United Kingdom,UK,Champions,2. Mid Spend (GBP 500-2k),881.29,6,146.88,29,233.0,475.98,454.49,498.83,44.34,475.98,0,0.1152,Low Risk,0,0,Standard Tier,Normal Alignment
17110,United Kingdom,UK,About to Sleep,1. Low Spend (<GBP 500),163.3,1,163.3,165,166.0,217.56,206.81,227.45,20.63,217.56,1,0.9809,High Churn Risk,0,0,Standard Tier,Normal Alignment
17111,United Kingdom,UK,Need Attention,1. Low Spend (<GBP 500),231.61,1,231.61,47,48.0,464.05,441.98,482.34,40.37,464.05,0,0.0193,Low Risk,0,0,Standard Tier,Normal Alignment
17114,United Kingdom,UK,Champions,2. Mid Spend (GBP 500-2k),801.12,8,100.14,6,335.0,476.62,453.47,503.64,50.17,476.62,0,0.1799,Low Risk,0,0,Standard Tier,Normal Alignment
17115,United Kingdom,UK,Champions,2. Mid Spend (GBP 500-2k),837.5,3,279.17,8,234.0,510.61,497.41,522.69,25.28,510.61,0,0.2659,Moderate Risk,0,0,Standard Tier,Normal Alignment
17117,United Kingdom,UK,Hibernating / Lost,1. Low Spend (<GBP 500),116.2,1,116.2,288,289.0,140.03,132.87,146.61,13.74,140.03,1,0.9905,High Churn Risk,0,0,Standard Tier,Normal Alignment
17118,United Kingdom,UK,Hibernating / Lost,1. Low Spend (<GBP 500),157.02,1,157.02,318,318.0,129.18,122.55,135.21,12.65,129.18,1,0.992,High Churn Risk,0,0,Standard Tier,Normal Alignment
17119,United Kingdom,UK,Loyal Customers,2. Mid Spend (GBP 500-2k),606.91,2,303.46,3,60.0,625.37,579.58,666.56,86.98,625.37,0,0.0097,Low Risk,0,0,Standard Tier,Normal Alignment
17120,United Kingdom,UK,Hibernating / Lost,1. Low Spend (<GBP 500),307.46,1,307.46,233,234.0,166.57,158.18,174.39,16.21,166.57,1,0.9954,High Churn Risk,0,0,Standard Tier,Normal Alignment
17122,United Kingdom,UK,About to Sleep,1. Low Spend (<GBP 500),138.32,1,138.32,119,120.0,274.37,260.94,286.37,25.43,274.37,1,0.9822,High Churn Risk,0,0,Standard Tier,Normal Alignment
17123,United Kingdom,UK,About to Sleep,1. Low Spend (<GBP 500),345.3,1,345.3,162,162.0,221.55,210.61,231.59,20.98,221.55,1,0.9675,High Churn Risk,0,0,Standard Tier,Normal Alignment
17124,United Kingdom,UK,Hibernating / Lost,1. Low Spend (<GBP 500),294.24,1,294.24,185,186.0,199.59,189.58,208.77,19.19,199.59,1,0.9791,High Churn Risk,0,0,Standard Tier,Normal Alignment
17125,United Kingdom,UK,Need Attention,1. Low Spend (<GBP 500),230.5,1,230.5,50,51.0,451.06,429.56,468.99,39.44,451.06,0,0.0208,Low Risk,0,0,Standard Tier,Normal Alignment
17126,United Kingdom,UK,At Risk,2. Mid Spend (GBP 500-2k),989.45,5,197.89,152,363.0,444.72,438.1,450.08,11.97,444.72,1,0.2141,Low Risk,0,0,Standard Tier,Normal Alignment
17128,United Kingdom,UK,Hibernating / Lost,1. Low Spend (<GBP 500),157.09,1,157.09,335,335.0,123.56,117.22,129.31,12.09,123.56,1,0.992,High Churn Risk,0,0,Standard Tier,Normal Alignment
17131,United Kingdom,UK,Champions,3. High Spend (>GBP 2k),2463.17,5,492.63,5,76.0,2501.65,2425.08,2566.82,141.74,2501.65,0,0.0181,Low Risk,1,1,Maintained VIP,Normal Alignment
17133,United Kingdom,UK,Champions,3. High Spend (>GBP 2k),4892.24,7,698.89,16,267.0,2323.55,2263.96,2369.76,105.8,2323.55,0,0.0548,Low Risk,1,1,Maintained VIP,Normal Alignment
17134,United Kingdom,UK,At Risk,1. Low Spend (<GBP 500),413.2,2,206.6,107,265.0,240.79,226.6,254.45,27.85,240.79,1,0.6596,Elevated Risk,0,0,Standard Tier,Normal Alignment
17135,United Kingdom,UK,Champions,2. Mid Spend (GBP 500-2k),1139.73,7,162.82,16,372.0,516.36,504.55,528.98,24.43,516.36,0,0.1373,Low Risk,0,0,Standard Tier,Normal Alignment
17138,United Kingdom,UK,Hibernating / Lost,1. Low Spend (<GBP 500),380.5,1,380.5,276,276.0,145.51,138.08,152.36,14.28,145.51,1,0.995,High Churn Risk,0,0,Standard Tier,Normal Alignment
17139,United Kingdom,UK,Champions,3. High Spend (>GBP 2k),10650.77,12,887.56,16,289.0,4050.41,3961.34,4117.29,155.95,4050.41,0,0.0349,Low Risk,1,1,Maintained VIP,Normal Alignment
17140,United Kingdom,UK,Hibernating / Lost,1. Low Spend (<GBP 500),454.12,1,454.12,247,248.0,158.91,150.83,166.4,15.57,158.91,1,0.9855,High Churn Risk,0,0,Standard Tier,Normal Alignment
17142,United Kingdom,UK,Hibernating / Lost,2. Mid Spend (GBP 500-2k),579.0,1,579.0,239,240.0,163.2,154.94,170.88,15.93,163.2,1,0.9657,High Churn Risk,0,0,Standard Tier,Normal Alignment
17144,United Kingdom,UK,Loyal Customers,2. Mid Spend (GBP 500-2k),984.57,2,492.28,1,85.0,828.58,804.95,847.3,42.36,828.58,0,0.0097,Low Risk,0,0,Standard Tier,Normal Alignment
17146,United Kingdom,UK,At Risk,2. Mid Spend (GBP 500-2k),749.78,3,249.93,106,359.0,329.96,320.1,339.84,19.75,329.96,1,0.4921,Moderate Risk,0,0,Standard Tier,Normal Alignment
17147,United Kingdom,UK,Champions,2. Mid Spend (GBP 500-2k),1714.59,4,428.65,23,312.0,744.37,733.89,751.51,17.61,744.37,0,0.1973,Low Risk,0,0,Standard Tier,Normal Alignment
17148,United Kingdom,UK,Need Attention,1. Low Spend (<GBP 500),124.88,1,124.88,52,52.0,446.89,425.56,464.71,39.14,446.89,0,0.0065,Low Risk,0,0,Standard Tier,Normal Alignment
17152,United Kingdom,UK,At Risk,2. Mid Spend (GBP 500-2k),1689.5,3,563.17,195,264.0,779.68,729.33,828.14,98.81,779.68,1,0.3777,Moderate Risk,0,0,Standard Tier,Normal Alignment
17153,United Kingdom,UK,Potential Loyalists,1. Low Spend (<GBP 500),213.78,1,213.78,24,25.0,595.57,566.3,620.37,54.07,595.57,0,0.0019,Low Risk,0,0,Standard Tier,Normal Alignment
17154,United Kingdom,UK,About to Sleep,1. Low Spend (<GBP 500),329.34,1,329.34,75,76.0,365.73,347.94,380.45,32.51,365.73,0,0.0428,Low Risk,0,0,Standard Tier,Normal Alignment
17155,United Kingdom,UK,Loyal Customers,1. Low Spend (<GBP 500),251.7,2,125.85,18,178.0,338.25,318.58,356.15,37.57,338.25,0,0.3773,Moderate Risk,0,0,Standard Tier,Normal Alignment
17157,United Kingdom,UK,Loyal Customers,1. Low Spend (<GBP 500),319.0,2,159.5,8,177.0,368.09,351.17,384.22,33.05,368.09,0,0.3674,Moderate Risk,0,0,Standard Tier,Normal Alignment
17158,United Kingdom,UK,Champions,2. Mid Spend (GBP 500-2k),1266.97,3,422.32,32,361.0,470.02,461.64,475.97,14.34,470.02,0,0.373,Moderate Risk,0,0,Standard Tier,Normal Alignment
17159,United Kingdom,UK,Champions,2. Mid Spend (GBP 500-2k),1538.88,3,512.96,22,172.0,960.77,939.73,977.54,37.81,960.77,0,0.0857,Low Risk,0,0,Standard Tier,Normal Alignment
17160,United Kingdom,UK,Champions,3. High Spend (>GBP 2k),3518.03,6,586.34,31,242.0,1818.64,1784.63,1843.72,59.09,1818.64,0,0.0414,Low Risk,1,1,Maintained VIP,Normal Alignment
17162,United Kingdom,UK,Champions,2. Mid Spend (GBP 500-2k),1715.46,10,171.55,29,306.0,783.03,768.66,796.44,27.77,783.03,0,0.0627,Low Risk,0,0,Standard Tier,Normal Alignment
17163,United Kingdom,UK,Loyal Customers,1. Low Spend (<GBP 500),293.1,2,146.55,22,79.0,647.42,616.96,673.97,57.01,647.42,0,0.0188,Low Risk,0,0,Standard Tier,Normal Alignment
17164,United Kingdom,UK,Champions,3. High Spend (>GBP 2k),2467.35,7,352.48,33,274.0,1106.62,1090.61,1117.81,27.19,1106.62,0,0.041,Low Risk,1,1,Maintained VIP,Normal Alignment
17165,United Kingdom,UK,Hibernating / Lost,1. Low Spend (<GBP 500),158.68,1,158.68,284,285.0,141.67,134.43,148.33,13.9,141.67,1,0.993,High Churn Risk,0,0,Standard Tier,Normal Alignment
17166,United Kingdom,UK,Loyal Customers,1. Low Spend (<GBP 500),206.34,2,103.17,39,204.0,289.1,270.71,306.45,35.74,289.1,0,0.5685,Elevated Risk,0,0,Standard Tier,Normal Alignment
17169,United Kingdom,UK,Loyal Customers,2. Mid Spend (GBP 500-2k),835.78,2,417.89,58,184.0,564.64,549.32,578.56,29.24,564.64,0,0.3895,Moderate Risk,0,0,Standard Tier,Normal Alignment
17171,United Kingdom,UK,Hibernating / Lost,1. Low Spend (<GBP 500),224.91,1,224.91,289,290.0,139.62,132.48,146.18,13.7,139.62,1,0.9856,High Churn Risk,0,0,Standard Tier,Normal Alignment
17172,United Kingdom,UK,About to Sleep,1. Low Spend (<GBP 500),317.76,1,317.76,79,79.0,357.61,340.18,372.08,31.89,357.61,0,0.0407,Low Risk,0,0,Standard Tier,Normal Alignment
17173,United Kingdom,UK,Champions,3. High Spend (>GBP 2k),3766.6,8,470.83,5,132.0,3258.94,3187.54,3320.78,133.24,3258.94,0,0.0498,Low Risk,1,1,Maintained VIP,Normal Alignment
17174,United Kingdom,UK,Hibernating / Lost,1. Low Spend (<GBP 500),59.9,1,59.9,218,218.0,176.29,167.52,184.53,17.01,176.29,1,0.9901,High Churn Risk,0,0,Standard Tier,Normal Alignment
17175,United Kingdom,UK,Loyal Customers,2. Mid Spend (GBP 500-2k),1443.69,4,360.92,44,297.0,610.56,599.85,619.69,19.84,610.56,0,0.1806,Low Risk,0,0,Standard Tier,Normal Alignment
17176,United Kingdom,UK,Hibernating / Lost,1. Low Spend (<GBP 500),306.13,1,306.13,202,202.0,187.22,177.92,195.9,17.99,187.22,1,0.99,High Churn Risk,0,0,Standard Tier,Normal Alignment
17179,United Kingdom,UK,At Risk,2. Mid Spend (GBP 500-2k),711.79,3,237.26,178,362.0,333.66,324.3,343.17,18.87,333.66,1,0.4265,Moderate Risk,0,0,Standard Tier,Normal Alignment
17180,United Kingdom,UK,Loyal Customers,2. Mid Spend (GBP 500-2k),783.97,4,195.99,56,317.0,401.39,391.89,410.64,18.75,401.39,0,0.2009,Low Risk,0,0,Standard Tier,Normal Alignment
17181,United Kingdom,UK,Loyal Customers,1. Low Spend (<GBP 500),239.92,2,119.96,57,374.0,176.61,165.79,187.25,21.46,176.61,0,0.5529,Elevated Risk,0,0,Standard Tier,Normal Alignment
17183,United Kingdom,UK,Champions,3. High Spend (>GBP 2k),3347.31,6,557.89,8,106.0,3454.12,3358.9,3532.37,173.47,3454.12,0,0.0357,Low Risk,1,1,Maintained VIP,Normal Alignment
17186,United Kingdom,UK,Loyal Customers,1. Low Spend (<GBP 500),144.0,2,72.0,47,61.0,634.22,590.3,673.4,83.1,634.22,0,0.0181,Low Risk,0,0,Standard Tier,Normal Alignment
17187,United Kingdom,UK,Hibernating / Lost,1. Low Spend (<GBP 500),203.95,1,203.95,227,227.0,170.69,162.14,178.69,16.55,170.69,1,0.9962,High Churn Risk,0,0,Standard Tier,Normal Alignment
17188,United Kingdom,UK,Champions,3. High Spend (>GBP 2k),2474.23,7,353.46,11,363.0,932.37,923.08,939.61,16.53,932.37,0,0.0579,Low Risk,0,0,Standard Tier,Normal Alignment
17189,United Kingdom,UK,At Risk,1. Low Spend (<GBP 500),383.75,2,191.88,106,360.0,206.11,197.06,215.11,18.05,206.11,1,0.5116,Elevated Risk,0,0,Standard Tier,Normal Alignment
17190,United Kingdom,UK,Loyal Customers,1. Low Spend (<GBP 500),444.74,2,222.37,59,208.0,371.91,360.06,383.47,23.42,371.91,0,0.5197,Elevated Risk,0,0,Standard Tier,Normal Alignment
17191,United Kingdom,UK,Champions,3. High Spend (>GBP 2k),2093.68,7,299.1,28,369.0,764.28,756.34,770.38,14.04,764.28,0,0.0848,Low Risk,0,0,Standard Tier,Normal Alignment
17193,United Kingdom,UK,Loyal Customers,2. Mid Spend (GBP 500-2k),1699.3,7,242.76,36,177.0,1168.84,1148.43,1185.91,37.48,1168.84,0,0.0545,Low Risk,1,1,Maintained VIP,Normal Alignment
17194,United Kingdom,UK,At Risk,1. Low Spend (<GBP 500),262.62,2,131.31,274,361.0,158.09,145.32,171.81,26.49,158.09,1,0.674,Elevated Risk,0,0,Standard Tier,Normal Alignment
17197,United Kingdom,UK,Potential Loyalists,2. Mid Spend (GBP 500-2k),1013.01,1,1013.01,30,30.0,561.01,534.08,583.89,49.8,561.01,0,0.017,Low Risk,0,0,Standard Tier,Normal Alignment
17198,United Kingdom,UK,Champions,2. Mid Spend (GBP 500-2k),692.22,3,230.74,24,372.0,309.18,298.64,319.48,20.84,309.18,0,0.3654,Moderate Risk,0,0,Standard Tier,Normal Alignment
17201,United Kingdom,UK,Need Attention,1. Low Spend (<GBP 500),289.78,1,289.78,54,54.0,438.77,417.79,456.36,38.58,438.77,0,0.0109,Low Risk,0,0,Standard Tier,Normal Alignment
17203,United Kingdom,UK,Loyal Customers,3. High Spend (>GBP 2k),3560.08,6,593.35,36,61.0,3485.57,3279.22,3656.53,377.31,3485.57,0,0.0193,Low Risk,1,1,Maintained VIP,Normal Alignment
17204,United Kingdom,UK,At Risk,2. Mid Spend (GBP 500-2k),1564.56,4,391.14,175,264.0,576.8,567.93,583.82,15.9,576.8,1,0.2193,Low Risk,0,0,Standard Tier,Normal Alignment
17205,United Kingdom,UK,Need Attention,1. Low Spend (<GBP 500),384.08,1,384.08,54,54.0,438.77,417.79,456.36,38.58,438.77,0,0.011,Low Risk,0,0,Standard Tier,Normal Alignment
17206,United Kingdom,UK,Need Attention,1. Low Spend (<GBP 500),204.24,1,204.24,53,54.0,438.77,417.79,456.36,38.58,438.77,0,0.0074,Low Risk,0,0,Standard Tier,Normal Alignment
17211,United Kingdom,UK,Champions,3. High Spend (>GBP 2k),2317.22,8,289.65,27,370.0,968.28,956.43,978.53,22.11,968.28,0,0.0526,Low Risk,0,0,Standard Tier,Normal Alignment
17212,United Kingdom,UK,Hibernating / Lost,1. Low Spend (<GBP 500),226.85,1,226.85,253,254.0,155.83,147.89,163.19,15.3,155.83,1,0.9953,High Churn Risk,0,0,Standard Tier,Normal Alignment
17213,United Kingdom,UK,Loyal Customers,3. High Spend (>GBP 2k),2781.23,7,397.32,40,367.0,1115.72,1101.77,1125.85,24.08,1115.72,0,0.0554,Low Risk,1,1,Maintained VIP,Normal Alignment
17214,United Kingdom,UK,Loyal Customers,2. Mid Spend (GBP 500-2k),1059.12,6,176.52,60,360.0,526.34,511.2,542.8,31.6,526.34,0,0.1679,Low Risk,0,0,Standard Tier,Normal Alignment
17217,United Kingdom,UK,Hibernating / Lost,1. Low Spend (<GBP 500),113.5,1,113.5,234,235.0,166.0,157.63,173.8,16.16,166.0,1,0.9885,High Churn Risk,0,0,Standard Tier,Normal Alignment
17218,United Kingdom,UK,Champions,2. Mid Spend (GBP 500-2k),1951.97,10,195.2,4,369.0,834.89,817.72,852.25,34.53,834.89,0,0.0585,Low Risk,0,0,Standard Tier,Normal Alignment
17219,United Kingdom,UK,Potential Loyalists,1. Low Spend (<GBP 500),114.23,1,114.23,32,32.0,548.28,522.17,571.32,49.15,548.28,0,0.0044,Low Risk,0,0,Standard Tier,Normal Alignment
17220,United Kingdom,UK,Champions,3. High Spend (>GBP 2k),3187.55,14,227.68,24,365.0,1316.74,1303.63,1327.19,23.56,1316.74,0,0.0341,Low Risk,1,1,Maintained VIP,Normal Alignment
17221,United Kingdom,UK,Loyal Customers,1. Low Spend (<GBP 500),334.48,2,167.24,7,37.0,985.89,936.91,1023.64,86.72,985.89,0,0.006,Low Risk,0,0,Standard Tier,Normal Alignment
17222,United Kingdom,UK,Need Attention,1. Low Spend (<GBP 500),328.65,1,328.65,65,66.0,395.67,377.2,411.52,34.32,395.67,0,0.0145,Low Risk,0,0,Standard Tier,Normal Alignment
17223,United Kingdom,UK,At Risk,1. Low Spend (<GBP 500),416.89,2,208.45,310,369.0,191.25,181.41,200.79,19.37,191.25,1,0.618,Elevated Risk,0,0,Standard Tier,Normal Alignment
17226,United Kingdom,UK,Hibernating / Lost,1. Low Spend (<GBP 500),393.49,1,393.49,309,309.0,132.36,125.58,138.55,12.97,132.36,1,0.9787,High Churn Risk,0,0,Standard Tier,Normal Alignment
17227,United Kingdom,UK,Champions,2. Mid Spend (GBP 500-2k),939.32,6,156.55,19,369.0,480.92,465.27,498.38,33.11,480.92,0,0.1618,Low Risk,0,0,Standard Tier,Normal Alignment
17228,United Kingdom,UK,Champions,2. Mid Spend (GBP 500-2k),1906.09,8,238.26,16,373.0,839.16,825.95,852.12,26.16,839.16,0,0.067,Low Risk,0,0,Standard Tier,Normal Alignment
17229,United Kingdom,UK,At Risk,1. Low Spend (<GBP 500),318.76,2,159.38,96,143.0,433.31,413.43,451.84,38.4,433.31,1,0.2803,Moderate Risk,0,0,Standard Tier,Normal Alignment
17230,United Kingdom,UK,Cannot Lose Them,3. High Spend (>GBP 2k),3638.41,8,454.8,264,360.0,869.59,849.24,886.58,37.34,869.59,1,0.054,Low Risk,0,0,Standard Tier,Normal Alignment
17231,United Kingdom,UK,Champions,3. High Spend (>GBP 2k),3124.72,10,312.47,12,362.0,1335.16,1321.55,1345.89,24.33,1335.16,0,0.035,Low Risk,1,1,Maintained VIP,Normal Alignment
17232,United Kingdom,UK,Loyal Customers,1. Low Spend (<GBP 500),417.77,2,208.88,3,15.0,1304.98,1239.13,1365.35,126.22,1304.98,0,0.0034,Low Risk,1,1,Maintained VIP,Normal Alignment
17233,United Kingdom,UK,Need Attention,1. Low Spend (<GBP 500),190.88,1,190.88,35,36.0,524.48,499.6,545.45,45.84,524.48,0,0.0041,Low Risk,0,0,Standard Tier,Normal Alignment
17234,United Kingdom,UK,Hibernating / Lost,1. Low Spend (<GBP 500),149.89,1,149.89,183,183.0,202.1,191.99,211.38,19.39,202.1,1,0.9841,High Churn Risk,0,0,Standard Tier,Normal Alignment
17235,United Kingdom,UK,Loyal Customers,2. Mid Spend (GBP 500-2k),550.06,2,275.03,25,373.0,215.87,208.14,223.52,15.38,215.87,0,0.5479,Elevated Risk,0,0,Standard Tier,Normal Alignment
17236,United Kingdom,UK,Champions,2. Mid Spend (GBP 500-2k),916.13,6,152.69,13,363.0,485.04,469.06,502.83,33.77,485.04,0,0.1448,Low Risk,0,0,Standard Tier,Normal Alignment
17237,United Kingdom,UK,Loyal Customers,1. Low Spend (<GBP 500),314.69,2,157.34,11,23.0,937.16,866.12,998.02,131.9,937.16,0,0.0043,Low Risk,0,0,Standard Tier,Normal Alignment
17238,United Kingdom,UK,Champions,3. High Spend (>GBP 2k),3719.1,17,218.77,3,372.0,1504.93,1486.35,1520.81,34.46,1504.93,0,0.0328,Low Risk,1,1,Maintained VIP,Normal Alignment
17239,United Kingdom,UK,Hibernating / Lost,1. Low Spend (<GBP 500),382.5,1,382.5,313,313.0,130.93,124.22,137.04,12.83,130.93,1,0.9936,High Churn Risk,0,0,Standard Tier,Normal Alignment
17242,United Kingdom,UK,At Risk,2. Mid Spend (GBP 500-2k),1135.04,2,567.52,108,181.0,514.13,501.25,524.38,23.13,514.13,1,0.4112,Moderate Risk,0,0,Standard Tier,Normal Alignment
17243,United Kingdom,UK,Champions,3. High Spend (>GBP 2k),8540.05,26,328.46,1,370.0,3508.75,3475.68,3535.02,59.34,3508.75,0,0.0285,Low Risk,1,1,Maintained VIP,Normal Alignment
17244,United Kingdom,UK,Need Attention,2. Mid Spend (GBP 500-2k),954.9,1,954.9,53,54.0,438.77,417.79,456.36,38.58,438.77,0,0.0222,Low Risk,0,0,Standard Tier,Normal Alignment
17245,United Kingdom,UK,Hibernating / Lost,1. Low Spend (<GBP 500),171.45,1,171.45,205,205.0,185.07,175.9,193.66,17.76,185.07,1,0.993,High Churn Risk,0,0,Standard Tier,Normal Alignment
17247,United Kingdom,UK,Potential Loyalists,1. Low Spend (<GBP 500),280.09,1,280.09,15,16.0,669.86,635.12,698.77,63.65,669.86,0,0.0042,Low Risk,0,0,Standard Tier,Normal Alignment
17248,United Kingdom,UK,About to Sleep,1. Low Spend (<GBP 500),318.65,1,318.65,120,121.0,272.83,259.46,284.77,25.31,272.83,1,0.9256,High Churn Risk,0,0,Standard Tier,Normal Alignment
17250,United Kingdom,UK,Loyal Customers,1. Low Spend (<GBP 500),381.97,2,190.98,4,262.0,295.91,285.72,305.85,20.13,295.91,0,0.517,Elevated Risk,0,0,Standard Tier,Normal Alignment
17251,United Kingdom,UK,Hibernating / Lost,1. Low Spend (<GBP 500),269.83,1,269.83,363,363.0,115.31,109.38,120.67,11.3,115.31,1,0.9953,High Churn Risk,0,0,Standard Tier,Normal Alignment
17252,United Kingdom,UK,At Risk,1. Low Spend (<GBP 500),348.91,2,174.46,117,187.0,272.28,249.65,294.68,45.03,272.28,1,0.4782,Moderate Risk,0,0,Standard Tier,Normal Alignment
17253,United Kingdom,UK,Potential Loyalists,1. Low Spend (<GBP 500),178.26,1,178.26,18,19.0,643.12,610.48,670.52,60.04,643.12,0,0.0033,Low Risk,0,0,Standard Tier,Normal Alignment
17254,United Kingdom,UK,Loyal Customers,1. Low Spend (<GBP 500),271.19,2,135.6,5,16.0,1086.03,1009.15,1148.75,139.6,1086.03,0,0.006,Low Risk,1,0,Demoted from VIP,Normal Alignment
17255,United Kingdom,UK,Loyal Customers,1. Low Spend (<GBP 500),291.48,2,145.74,41,300.0,250.68,240.87,260.51,19.65,250.68,0,0.4628,Moderate Risk,0,0,Standard Tier,Normal Alignment
17256,United Kingdom,UK,At Risk,1. Low Spend (<GBP 500),240.0,2,120.0,107,313.0,215.9,204.3,227.18,22.88,215.9,1,0.6671,Elevated Risk,0,0,Standard Tier,Normal Alignment
17259,United Kingdom,UK,At Risk,2. Mid Spend (GBP 500-2k),581.23,2,290.62,148,369.0,219.52,211.93,227.26,15.33,219.52,1,0.4755,Moderate Risk,0,0,Standard Tier,Normal Alignment
17262,United Kingdom,UK,Loyal Customers,2. Mid Spend (GBP 500-2k),1253.36,5,250.67,52,367.0,531.29,523.61,538.28,14.67,531.29,0,0.216,Low Risk,0,0,Standard Tier,Normal Alignment
17263,United Kingdom,UK,Hibernating / Lost,1. Low Spend (<GBP 500),63.44,1,63.44,208,209.0,182.28,173.26,190.76,17.5,182.28,1,0.9898,High Churn Risk,0,0,Standard Tier,Normal Alignment
17265,United Kingdom,UK,At Risk,2. Mid Spend (GBP 500-2k),550.01,2,275.0,139,181.0,370.19,354.63,385.34,30.71,370.19,1,0.389,Moderate Risk,0,0,Standard Tier,Normal Alignment
17266,United Kingdom,UK,Champions,1. Low Spend (<GBP 500),296.58,3,98.86,2,148.0,477.86,447.19,509.21,62.02,477.86,0,0.207,Low Risk,0,0,Standard Tier,Normal Alignment
17267,United Kingdom,UK,At Risk,1. Low Spend (<GBP 500),317.2,2,158.6,127,128.0,262.45,249.55,274.03,24.48,262.45,1,0.2554,Moderate Risk,0,0,Standard Tier,Normal Alignment
17268,United Kingdom,UK,At Risk,2. Mid Spend (GBP 500-2k),763.64,4,190.91,108,246.0,561.56,544.14,579.55,35.41,561.56,1,0.2383,Low Risk,0,0,Standard Tier,Normal Alignment
17272,United Kingdom,UK,Loyal Customers,3. High Spend (>GBP 2k),2148.63,4,537.16,42,263.0,948.08,932.47,960.43,27.95,948.08,0,0.1104,Low Risk,0,0,Standard Tier,Normal Alignment
17274,United Kingdom,UK,Need Attention,1. Low Spend (<GBP 500),107.82,1,107.82,35,36.0,524.48,499.6,545.45,45.84,524.48,0,0.0102,Low Risk,0,0,Standard Tier,Normal Alignment
17277,United Kingdom,UK,At Risk,2. Mid Spend (GBP 500-2k),1065.35,2,532.67,228,323.0,294.13,286.65,300.14,13.49,294.13,1,0.5249,Elevated Risk,0,0,Standard Tier,Normal Alignment
17278,United Kingdom,UK,Hibernating / Lost,1. Low Spend (<GBP 500),246.04,1,246.04,241,242.0,162.1,153.89,169.74,15.84,162.1,1,0.9813,High Churn Risk,0,0,Standard Tier,Normal Alignment
17279,United Kingdom,UK,Need Attention,1. Low Spend (<GBP 500),187.83,1,187.83,58,58.0,423.4,403.07,440.41,37.34,423.4,0,0.0132,Low Risk,0,0,Standard Tier,Normal Alignment
17282,United Kingdom,UK,At Risk,2. Mid Spend (GBP 500-2k),1685.46,3,561.82,130,300.0,595.29,584.63,604.28,19.64,595.29,1,0.4654,Moderate Risk,0,0,Standard Tier,Normal Alignment
17284,United Kingdom,UK,Loyal Customers,2. Mid Spend (GBP 500-2k),1647.48,6,274.58,60,337.0,574.77,558.73,591.63,32.9,574.77,0,0.1165,Low Risk,0,0,Standard Tier,Normal Alignment
17286,United Kingdom,UK,Potential Loyalists,1. Low Spend (<GBP 500),151.37,1,151.37,22,22.0,618.43,587.69,644.47,56.78,618.43,0,0.0047,Low Risk,0,0,Standard Tier,Normal Alignment
17287,United Kingdom,UK,Champions,2. Mid Spend (GBP 500-2k),1049.06,7,149.87,26,373.0,534.28,517.9,552.99,35.1,534.28,0,0.1359,Low Risk,0,0,Standard Tier,Normal Alignment
17288,United Kingdom,UK,Champions,2. Mid Spend (GBP 500-2k),1417.63,7,202.52,9,359.0,688.51,674.28,703.41,29.13,688.51,0,0.1005,Low Risk,0,0,Standard Tier,Normal Alignment
17289,United Kingdom,UK,Champions,2. Mid Spend (GBP 500-2k),931.02,3,310.34,32,181.0,773.04,759.13,783.95,24.82,773.04,0,0.1308,Low Risk,0,0,Standard Tier,Normal Alignment
17290,United Kingdom,UK,Loyal Customers,2. Mid Spend (GBP 500-2k),513.01,2,256.5,4,17.0,1185.43,1112.37,1243.96,131.6,1185.43,0,0.0089,Low Risk,1,1,Maintained VIP,Normal Alignment
17291,United Kingdom,UK,Hibernating / Lost,2. Mid Spend (GBP 500-2k),550.8,1,550.8,308,309.0,132.36,125.58,138.55,12.97,132.36,1,0.9772,High Churn Risk,0,0,Standard Tier,Normal Alignment
17293,United Kingdom,UK,Champions,2. Mid Spend (GBP 500-2k),1854.06,9,206.01,8,362.0,777.21,762.58,792.43,29.84,777.21,0,0.0626,Low Risk,0,0,Standard Tier,Normal Alignment
17295,United Kingdom,UK,Champions,2. Mid Spend (GBP 500-2k),547.0,3,182.33,29,65.0,830.79,799.61,853.7,54.09,830.79,0,0.0119,Low Risk,0,0,Standard Tier,Normal Alignment
17297,United Kingdom,UK,Potential Loyalists,1. Low Spend (<GBP 500),128.18,1,128.18,17,18.0,651.79,618.48,679.68,61.2,651.79,0,0.0039,Low Risk,0,0,Standard Tier,Normal Alignment
17298,United Kingdom,UK,At Risk,1. Low Spend (<GBP 500),498.42,2,249.21,101,125.0,647.18,631.28,660.16,28.88,647.18,1,0.2511,Moderate Risk,0,0,Standard Tier,Normal Alignment
17299,United Kingdom,UK,Champions,2. Mid Spend (GBP 500-2k),656.61,4,164.15,12,174.0,656.89,630.74,683.11,52.36,656.89,0,0.1169,Low Risk,0,0,Standard Tier,Normal Alignment
17301,United Kingdom,UK,Potential Loyalists,1. Low Spend (<GBP 500),163.24,1,163.24,21,22.0,618.43,587.69,644.47,56.78,618.43,0,0.0042,Low Risk,0,0,Standard Tier,Normal Alignment
17302,United Kingdom,UK,Champions,2. Mid Spend (GBP 500-2k),1135.63,5,227.13,15,306.0,622.92,608.56,637.25,28.69,622.92,0,0.1388,Low Risk,0,0,Standard Tier,Normal Alignment
17303,United Kingdom,UK,Hibernating / Lost,1. Low Spend (<GBP 500),250.04,1,250.04,361,362.0,115.58,109.64,120.96,11.32,115.58,1,0.9974,High Churn Risk,0,0,Standard Tier,Normal Alignment
17306,United Kingdom,UK,Champions,3. High Spend (>GBP 2k),8631.31,19,454.28,11,354.0,3605.49,3563.08,3638.44,75.36,3605.49,0,0.0534,Low Risk,1,1,Maintained VIP,Normal Alignment
17309,United Kingdom,UK,About to Sleep,1. Low Spend (<GBP 500),82.75,1,82.75,95,96.0,317.65,302.15,330.86,28.71,317.65,1,0.9076,High Churn Risk,0,0,Standard Tier,Normal Alignment
17311,United Kingdom,UK,At Risk,2. Mid Spend (GBP 500-2k),1384.85,2,692.42,78,317.0,472.14,450.54,492.63,42.09,472.14,0,0.5444,Elevated Risk,0,0,Standard Tier,Normal Alignment
17312,United Kingdom,UK,At Risk,2. Mid Spend (GBP 500-2k),644.3,3,214.77,139,160.0,665.7,645.05,682.95,37.9,665.7,1,0.2185,Low Risk,0,0,Standard Tier,Normal Alignment
17313,United Kingdom,UK,Potential Loyalists,3. High Spend (>GBP 2k),2328.84,1,2328.84,31,32.0,548.28,522.17,571.32,49.15,548.28,0,0.0231,Low Risk,0,0,Standard Tier,Normal Alignment
17314,United Kingdom,UK,Champions,3. High Spend (>GBP 2k),2527.92,8,315.99,25,313.0,1241.91,1228.35,1253.13,24.78,1241.91,0,0.0401,Low Risk,1,1,Maintained VIP,Normal Alignment
17315,United Kingdom,UK,Champions,3. High Spend (>GBP 2k),6281.23,38,165.3,2,358.0,2753.98,2718.83,2781.64,62.81,2753.98,0,0.0267,Low Risk,1,1,Maintained VIP,Normal Alignment
17317,United Kingdom,UK,Loyal Customers,3. High Spend (>GBP 2k),2600.34,3,866.78,46,90.0,1058.92,1029.56,1084.37,54.82,1058.92,0,0.0267,Low Risk,0,0,Standard Tier,Normal Alignment
17320,United Kingdom,UK,At Risk,2. Mid Spend (GBP 500-2k),1200.62,3,400.21,100,369.0,425.37,418.63,430.77,12.14,425.37,1,0.3572,Moderate Risk,0,0,Standard Tier,Normal Alignment
17321,United Kingdom,UK,Loyal Customers,2. Mid Spend (GBP 500-2k),657.16,2,328.58,8,68.0,565.1,522.28,606.12,83.84,565.1,0,0.0102,Low Risk,0,0,Standard Tier,Normal Alignment
17323,United Kingdom,UK,Champions,2. Mid Spend (GBP 500-2k),906.52,7,129.5,15,293.0,577.64,554.62,603.77,49.15,577.64,0,0.0995,Low Risk,0,0,Standard Tier,Normal Alignment
17324,United Kingdom,UK,Champions,2. Mid Spend (GBP 500-2k),986.48,4,246.62,18,367.0,485.9,476.58,494.43,17.85,485.9,0,0.275,Moderate Risk,0,0,Standard Tier,Normal Alignment
17325,United Kingdom,UK,Hibernating / Lost,1. Low Spend (<GBP 500),96.8,1,96.8,280,281.0,143.35,136.03,150.09,14.07,143.35,1,0.99,High Churn Risk,0,0,Standard Tier,Normal Alignment
17329,United Kingdom,UK,Loyal Customers,2. Mid Spend (GBP 500-2k),523.11,2,261.56,14,316.0,274.84,266.85,281.92,15.08,274.84,0,0.5919,Elevated Risk,0,0,Standard Tier,Normal Alignment
17330,United Kingdom,UK,Loyal Customers,1. Low Spend (<GBP 500),363.9,2,181.95,23,68.0,627.75,588.77,662.03,73.27,627.75,0,0.009,Low Risk,0,0,Standard Tier,Normal Alignment
17331,United Kingdom,UK,About to Sleep,1. Low Spend (<GBP 500),175.2,1,175.2,124,124.0,268.28,255.12,280.07,24.95,268.28,1,0.9681,High Churn Risk,0,0,Standard Tier,Normal Alignment
17333,United Kingdom,UK,About to Sleep,1. Low Spend (<GBP 500),494.25,1,494.25,86,86.0,340.0,323.37,353.91,30.54,340.0,0,0.0536,Low Risk,0,0,Standard Tier,Normal Alignment
17334,United Kingdom,UK,At Risk,1. Low Spend (<GBP 500),307.02,2,153.51,302,309.0,180.79,166.06,196.31,30.25,180.79,1,0.6104,Elevated Risk,0,0,Standard Tier,Normal Alignment
17337,United Kingdom,UK,At Risk,2. Mid Spend (GBP 500-2k),1981.06,4,495.26,151,311.0,615.33,605.67,623.07,17.41,615.33,1,0.1798,Low Risk,0,0,Standard Tier,Normal Alignment
17338,United Kingdom,UK,Champions,3. High Spend (>GBP 2k),6493.54,8,811.69,17,362.0,2426.63,2378.6,2463.24,84.64,2426.63,0,0.0357,Low Risk,1,1,Maintained VIP,Normal Alignment
17339,United Kingdom,UK,At Risk,1. Low Spend (<GBP 500),243.36,2,121.68,94,366.0,211.53,203.35,219.74,16.39,211.53,1,0.6786,Elevated Risk,0,0,Standard Tier,Normal Alignment
17340,United Kingdom,UK,Champions,3. High Spend (>GBP 2k),12353.29,11,1123.03,30,367.0,3926.67,3815.05,4008.05,193.0,3926.67,0,0.0392,Low Risk,1,1,Maintained VIP,Normal Alignment
17341,United Kingdom,UK,At Risk,2. Mid Spend (GBP 500-2k),682.29,3,227.43,157,367.0,237.24,230.2,243.89,13.69,237.24,1,0.4055,Moderate Risk,0,0,Standard Tier,Normal Alignment
17343,United Kingdom,UK,Hibernating / Lost,1. Low Spend (<GBP 500),193.64,1,193.64,355,356.0,117.27,111.24,122.72,11.48,117.27,1,0.9844,High Churn Risk,0,0,Standard Tier,Normal Alignment
17344,United Kingdom,UK,Need Attention,1. Low Spend (<GBP 500),157.62,1,157.62,46,47.0,468.55,446.28,486.96,40.68,468.55,0,0.005,Low Risk,0,0,Standard Tier,Normal Alignment
17345,United Kingdom,UK,Champions,2. Mid Spend (GBP 500-2k),519.69,4,129.92,15,197.0,507.85,489.27,526.22,36.95,507.85,0,0.1477,Low Risk,0,0,Standard Tier,Normal Alignment
17346,United Kingdom,UK,Champions,3. High Spend (>GBP 2k),2622.88,15,174.86,4,374.0,1158.66,1138.48,1178.05,39.57,1158.66,0,0.0477,Low Risk,1,1,Maintained VIP,Normal Alignment
17347,United Kingdom,UK,About to Sleep,1. Low Spend (<GBP 500),228.96,1,228.96,86,87.0,337.62,321.1,351.46,30.35,337.62,0,0.0522,Low Risk,0,0,Standard Tier,Normal Alignment
17348,United Kingdom,UK,Champions,2. Mid Spend (GBP 500-2k),1156.6,5,231.32,15,298.0,656.41,642.5,670.03,27.53,656.41,0,0.1203,Low Risk,0,0,Standard Tier,Normal Alignment
17349,United Kingdom,UK,About to Sleep,1. Low Spend (<GBP 500),98.25,1,98.25,179,180.0,204.66,194.45,214.04,19.6,204.66,1,0.9797,High Churn Risk,0,0,Standard Tier,Normal Alignment
17350,United Kingdom,UK,Champions,2. Mid Spend (GBP 500-2k),1281.32,4,320.33,8,52.0,2189.22,2107.94,2262.07,154.13,2189.22,0,0.0175,Low Risk,1,1,Maintained VIP,Normal Alignment
17351,United Kingdom,UK,Loyal Customers,2. Mid Spend (GBP 500-2k),587.15,3,195.72,36,274.0,386.84,372.02,401.28,29.26,386.84,0,0.4162,Moderate Risk,0,0,Standard Tier,Normal Alignment
17353,United Kingdom,UK,At Risk,2. Mid Spend (GBP 500-2k),1740.0,2,870.0,129,155.0,860.92,816.84,900.55,83.71,860.92,1,0.3453,Moderate Risk,0,0,Standard Tier,Normal Alignment
17354,United Kingdom,UK,Need Attention,2. Mid Spend (GBP 500-2k),1393.06,1,1393.06,51,51.0,451.06,429.56,468.99,39.44,451.06,0,0.026,Low Risk,0,0,Standard Tier,Normal Alignment
17356,United Kingdom,UK,Hibernating / Lost,1. Low Spend (<GBP 500),178.22,1,178.22,312,312.0,131.28,124.55,137.42,12.86,131.28,1,0.9878,High Churn Risk,0,0,Standard Tier,Normal Alignment
17357,United Kingdom,UK,Loyal Customers,1. Low Spend (<GBP 500),384.39,2,192.2,24,25.0,595.57,566.3,620.37,54.07,595.57,0,0.0099,Low Risk,0,0,Standard Tier,Normal Alignment
17358,United Kingdom,UK,At Risk,1. Low Spend (<GBP 500),360.81,2,180.41,303,356.0,195.68,185.41,205.63,20.21,195.68,1,0.5152,Elevated Risk,0,0,Standard Tier,Normal Alignment
17359,United Kingdom,UK,Potential Loyalists,1. Low Spend (<GBP 500),127.86,1,127.86,11,12.0,709.18,671.24,740.15,68.92,709.18,0,0.0025,Low Risk,0,0,Standard Tier,Normal Alignment
17360,United Kingdom,UK,Champions,2. Mid Spend (GBP 500-2k),568.24,3,189.41,17,185.0,406.04,392.92,418.4,25.48,406.04,0,0.1773,Low Risk,0,0,Standard Tier,Normal Alignment
17361,United Kingdom,UK,Loyal Customers,1. Low Spend (<GBP 500),488.2,3,162.73,49,292.0,389.93,377.53,402.02,24.49,389.93,0,0.4788,Moderate Risk,0,0,Standard Tier,Normal Alignment
17362,United Kingdom,UK,At Risk,1. Low Spend (<GBP 500),312.23,2,156.12,239,310.0,236.11,225.9,246.14,20.25,236.11,1,0.5753,Elevated Risk,0,0,Standard Tier,Normal Alignment
17364,United Kingdom,UK,Champions,3. High Spend (>GBP 2k),4462.68,11,405.7,1,332.0,1928.91,1909.51,1944.51,35.0,1928.91,0,0.0332,Low Risk,1,1,Maintained VIP,Normal Alignment
17365,United Kingdom,UK,Champions,3. High Spend (>GBP 2k),4767.36,8,595.92,13,333.0,1875.89,1842.35,1902.41,60.06,1875.89,0,0.0352,Low Risk,1,1,Maintained VIP,Normal Alignment
17367,United Kingdom,UK,Hibernating / Lost,1. Low Spend (<GBP 500),167.55,1,167.55,238,239.0,163.75,155.47,171.45,15.98,163.75,1,0.9953,High Churn Risk,0,0,Standard Tier,Normal Alignment
17368,United Kingdom,UK,Champions,2. Mid Spend (GBP 500-2k),1878.87,8,234.86,23,338.0,744.8,727.94,762.68,34.73,744.8,0,0.0656,Low Risk,0,0,Standard Tier,Normal Alignment
17370,United Kingdom,UK,At Risk,1. Low Spend (<GBP 500),446.18,4,111.54,73,170.0,553.43,522.84,585.91,63.06,553.43,0,0.1566,Low Risk,0,0,Standard Tier,Normal Alignment
17371,United Kingdom,UK,Champions,1. Low Spend (<GBP 500),418.4,3,139.47,17,362.0,259.59,252.97,265.15,12.18,259.59,0,0.5375,Elevated Risk,0,0,Standard Tier,Normal Alignment
17372,United Kingdom,UK,Loyal Customers,2. Mid Spend (GBP 500-2k),1337.18,8,167.15,41,363.0,643.03,625.72,661.53,35.81,643.03,0,0.0829,Low Risk,0,0,Standard Tier,Normal Alignment
17373,United Kingdom,UK,Loyal Customers,2. Mid Spend (GBP 500-2k),646.92,4,161.73,40,313.0,408.17,391.85,424.47,32.62,408.17,0,0.2715,Moderate Risk,0,0,Standard Tier,Normal Alignment
17374,United Kingdom,UK,At Risk,1. Low Spend (<GBP 500),495.77,2,247.88,219,282.0,312.06,303.6,319.23,15.64,312.06,1,0.6081,Elevated Risk,0,0,Standard Tier,Normal Alignment
17375,United Kingdom,UK,At Risk,1. Low Spend (<GBP 500),400.1,3,133.37,199,362.0,270.9,258.02,284.4,26.38,270.9,1,0.5038,Elevated Risk,0,0,Standard Tier,Normal Alignment
17376,United Kingdom,UK,Loyal Customers,1. Low Spend (<GBP 500),203.2,2,101.6,71,312.0,211.09,198.98,222.93,23.95,211.09,0,0.6251,Elevated Risk,0,0,Standard Tier,Normal Alignment
17377,United Kingdom,UK,Champions,3. High Spend (>GBP 2k),4058.32,20,202.92,24,374.0,1701.71,1679.0,1721.49,42.49,1701.71,0,0.0377,Low Risk,1,1,Maintained VIP,Normal Alignment
17379,United Kingdom,UK,Potential Loyalists,1. Low Spend (<GBP 500),389.72,1,389.72,11,12.0,709.18,671.24,740.15,68.92,709.18,0,0.0072,Low Risk,0,0,Standard Tier,Normal Alignment
17381,United Kingdom,UK,Champions,3. High Spend (>GBP 2k),20275.61,29,699.16,9,373.0,7796.51,7693.28,7877.99,184.71,7796.51,0,0.0406,Low Risk,1,1,Maintained VIP,Normal Alignment
17382,United Kingdom,UK,Need Attention,1. Low Spend (<GBP 500),65.4,1,65.4,65,66.0,395.67,377.2,411.52,34.32,395.67,0,0.0271,Low Risk,0,0,Standard Tier,Normal Alignment
17383,United Kingdom,UK,Potential Loyalists,1. Low Spend (<GBP 500),193.39,1,193.39,4,5.0,790.36,745.05,827.75,82.7,790.36,0,0.0042,Low Risk,0,0,Standard Tier,Normal Alignment
17384,United Kingdom,UK,Loyal Customers,1. Low Spend (<GBP 500),336.4,2,168.2,19,220.0,286.98,270.61,302.14,31.53,286.98,0,0.6245,Elevated Risk,0,0,Standard Tier,Normal Alignment
17385,United Kingdom,UK,Potential Loyalists,1. Low Spend (<GBP 500),256.11,1,256.11,15,15.0,679.28,643.78,708.72,64.94,679.28,0,0.0037,Low Risk,0,0,Standard Tier,Normal Alignment
17386,United Kingdom,UK,Champions,3. High Spend (>GBP 2k),2686.42,6,447.74,8,166.0,1764.43,1712.48,1806.88,94.4,1764.43,0,0.0594,Low Risk,1,1,Maintained VIP,Normal Alignment
17387,United Kingdom,UK,Loyal Customers,2. Mid Spend (GBP 500-2k),746.81,2,373.4,20,34.0,1370.51,1314.97,1415.74,100.77,1370.51,0,0.0097,Low Risk,1,1,Maintained VIP,Normal Alignment
17388,United Kingdom,UK,At Risk,2. Mid Spend (GBP 500-2k),1259.56,4,314.89,78,288.0,605.71,593.9,615.88,21.98,605.71,0,0.2252,Low Risk,0,0,Standard Tier,Normal Alignment
17389,United Kingdom,UK,Champions,3. High Spend (>GBP 2k),31833.68,34,936.28,1,332.0,14209.0,14035.68,14348.74,313.06,14209.0,0,0.0405,Low Risk,1,1,Maintained VIP,Normal Alignment
17391,United Kingdom,UK,At Risk,2. Mid Spend (GBP 500-2k),508.8,2,254.4,164,165.0,354.09,333.02,373.56,40.55,354.09,1,0.3873,Moderate Risk,0,0,Standard Tier,Normal Alignment
17392,United Kingdom,UK,At Risk,1. Low Spend (<GBP 500),417.27,2,208.64,307,359.0,202.82,193.4,212.11,18.72,202.82,1,0.5178,Elevated Risk,0,0,Standard Tier,Normal Alignment
17394,United Kingdom,UK,Hibernating / Lost,1. Low Spend (<GBP 500),203.87,1,203.87,219,220.0,175.02,166.29,183.2,16.9,175.02,1,0.9794,High Churn Risk,0,0,Standard Tier,Normal Alignment
17396,United Kingdom,UK,Loyal Customers,3. High Spend (>GBP 2k),7330.8,8,916.35,39,372.0,2658.53,2524.43,2767.52,243.09,2658.53,0,0.0594,Low Risk,1,1,Maintained VIP,Normal Alignment
17397,United Kingdom,UK,Loyal Customers,2. Mid Spend (GBP 500-2k),681.41,2,340.7,22,23.0,610.62,580.37,636.23,55.86,610.62,0,0.0071,Low Risk,0,0,Standard Tier,Normal Alignment
17398,United Kingdom,UK,At Risk,2. Mid Spend (GBP 500-2k),653.38,3,217.79,115,256.0,389.9,373.22,406.06,32.83,389.9,1,0.3252,Moderate Risk,0,0,Standard Tier,Normal Alignment
17400,United Kingdom,UK,At Risk,3. High Spend (>GBP 2k),2097.84,5,419.57,126,354.0,826.83,817.24,834.09,16.85,826.83,1,0.1657,Low Risk,0,0,Standard Tier,Normal Alignment
17402,United Kingdom,UK,Champions,3. High Spend (>GBP 2k),2633.85,13,202.6,5,370.0,1039.36,1020.69,1058.32,37.63,1039.36,0,0.0589,Low Risk,0,0,Standard Tier,Normal Alignment
17403,United Kingdom,UK,Need Attention,1. Low Spend (<GBP 500),263.92,1,263.92,36,37.0,518.85,494.27,539.52,45.25,518.85,0,0.0021,Low Risk,0,0,Standard Tier,Normal Alignment
17404,Sweden,International,Champions,3. High Spend (>GBP 2k),31906.82,15,2127.12,4,361.0,12586.67,12349.08,12771.44,422.36,25222.34,0,0.062,Low Risk,1,1,Maintained VIP,Normal Alignment
17405,United Kingdom,UK,Champions,2. Mid Spend (GBP 500-2k),1031.41,3,343.8,1,151.0,793.76,775.72,807.51,31.78,793.76,0,0.0779,Low Risk,0,0,Standard Tier,Normal Alignment
17406,United Kingdom,UK,At Risk,3. High Spend (>GBP 2k),2184.42,3,728.14,333,367.0,624.51,582.33,666.18,83.84,624.51,1,0.3925,Moderate Risk,0,0,Standard Tier,Normal Alignment
17408,United Kingdom,UK,About to Sleep,1. Low Spend (<GBP 500),32.65,1,32.65,163,164.0,219.54,208.69,229.5,20.81,219.54,1,0.9714,High Churn Risk,0,0,Standard Tier,Normal Alignment
17409,United Kingdom,UK,At Risk,2. Mid Spend (GBP 500-2k),771.85,2,385.92,185,249.0,437.39,426.3,448.13,21.82,437.39,1,0.5888,Elevated Risk,0,0,Standard Tier,Normal Alignment
17410,United Kingdom,UK,Champions,2. Mid Spend (GBP 500-2k),1214.72,5,242.94,16,216.0,805.5,785.14,824.74,39.6,805.5,0,0.0807,Low Risk,0,0,Standard Tier,Normal Alignment
17411,United Kingdom,UK,Champions,2. Mid Spend (GBP 500-2k),778.94,3,259.65,12,262.0,449.9,437.42,461.8,24.38,449.9,0,0.2775,Moderate Risk,0,0,Standard Tier,Normal Alignment
17412,United Kingdom,UK,Champions,2. Mid Spend (GBP 500-2k),1258.06,7,179.72,3,373.0,581.72,566.13,598.58,32.45,581.72,0,0.1231,Low Risk,0,0,Standard Tier,Normal Alignment
17414,United Kingdom,UK,Loyal Customers,2. Mid Spend (GBP 500-2k),778.0,2,389.0,44,185.0,368.43,353.77,383.02,29.25,368.43,0,0.5199,Elevated Risk,0,0,Standard Tier,Normal Alignment
17415,United Kingdom,UK,About to Sleep,2. Mid Spend (GBP 500-2k),507.84,1,507.84,80,80.0,354.98,337.68,369.37,31.69,354.98,0,0.0342,Low Risk,0,0,Standard Tier,Normal Alignment
17416,United Kingdom,UK,Champions,3. High Spend (>GBP 2k),6893.42,7,984.77,30,282.0,2520.19,2464.87,2563.55,98.68,2520.19,0,0.0385,Low Risk,1,1,Maintained VIP,Normal Alignment
17418,United Kingdom,UK,Loyal Customers,1. Low Spend (<GBP 500),463.46,2,231.73,42,324.0,274.84,267.23,281.52,14.29,274.84,0,0.5211,Elevated Risk,0,0,Standard Tier,Normal Alignment
17419,United Kingdom,UK,Champions,3. High Spend (>GBP 2k),4226.57,12,352.21,11,368.0,1698.43,1683.37,1709.69,26.32,1698.43,0,0.0301,Low Risk,1,1,Maintained VIP,Normal Alignment
17420,United Kingdom,UK,Loyal Customers,2. Mid Spend (GBP 500-2k),598.83,3,199.61,50,374.0,324.08,314.99,333.33,18.34,324.08,0,0.4561,Moderate Risk,0,0,Standard Tier,Normal Alignment
17422,United Kingdom,UK,Champions,2. Mid Spend (GBP 500-2k),1979.37,6,329.9,16,297.0,969.45,957.14,979.26,22.12,969.45,0,0.0571,Low Risk,0,0,Standard Tier,Normal Alignment
17423,United Kingdom,UK,Loyal Customers,2. Mid Spend (GBP 500-2k),698.41,2,349.21,46,218.0,357.97,346.56,369.18,22.62,357.97,0,0.5023,Elevated Risk,0,0,Standard Tier,Normal Alignment
17425,United Kingdom,UK,Loyal Customers,2. Mid Spend (GBP 500-2k),759.17,2,379.58,19,61.0,632.15,587.99,671.58,83.59,632.15,0,0.0097,Low Risk,0,0,Standard Tier,Normal Alignment
17426,United Kingdom,UK,Champions,3. High Spend (>GBP 2k),5037.26,6,839.54,8,283.0,1957.23,1875.07,2023.91,148.84,1957.23,0,0.0454,Low Risk,1,1,Maintained VIP,Normal Alignment
17427,United Kingdom,UK,Need Attention,1. Low Spend (<GBP 500),100.8,1,100.8,72,72.0,377.14,359.06,392.22,33.16,377.14,0,0.0201,Low Risk,0,0,Standard Tier,Normal Alignment
17428,United Kingdom,UK,Champions,3. High Spend (>GBP 2k),17256.85,28,616.32,1,369.0,6945.79,6860.11,7015.5,155.39,6945.79,0,0.0333,Low Risk,1,1,Maintained VIP,Normal Alignment
17429,United Kingdom,UK,At Risk,2. Mid Spend (GBP 500-2k),524.92,3,174.97,128,219.0,437.17,418.21,455.58,37.37,437.17,1,0.3003,Moderate Risk,0,0,Standard Tier,Normal Alignment
17430,United Kingdom,UK,Loyal Customers,1. Low Spend (<GBP 500),265.76,2,132.88,33,366.0,201.9,192.85,210.86,18.01,201.9,0,0.585,Elevated Risk,0,0,Standard Tier,Normal Alignment
17431,United Kingdom,UK,Hibernating / Lost,1. Low Spend (<GBP 500),403.3,1,403.3,313,314.0,130.57,123.88,136.67,12.79,130.57,1,0.9885,High Churn Risk,0,0,Standard Tier,Normal Alignment
17432,United Kingdom,UK,Loyal Customers,1. Low Spend (<GBP 500),365.76,2,182.88,18,38.0,957.78,909.28,995.25,85.98,957.78,0,0.0057,Low Risk,0,0,Standard Tier,Normal Alignment
17433,United Kingdom,UK,About to Sleep,1. Low Spend (<GBP 500),303.16,1,303.16,88,89.0,332.97,316.66,346.65,29.99,332.97,0,0.0381,Low Risk,0,0,Standard Tier,Normal Alignment
17434,United Kingdom,UK,Champions,3. High Spend (>GBP 2k),2373.82,7,339.12,2,86.0,2683.68,2609.05,2742.84,133.79,2683.68,0,0.0143,Low Risk,1,1,Maintained VIP,Normal Alignment
17436,United Kingdom,UK,Loyal Customers,1. Low Spend (<GBP 500),216.3,2,108.15,2,227.0,272.82,256.39,288.13,31.74,272.82,0,0.6219,Elevated Risk,0,0,Standard Tier,Normal Alignment
17438,United Kingdom,UK,Hibernating / Lost,1. Low Spend (<GBP 500),388.45,1,388.45,254,254.0,155.83,147.89,163.19,15.3,155.83,1,0.9906,High Churn Risk,0,0,Standard Tier,Normal Alignment
17440,United Kingdom,UK,At Risk,1. Low Spend (<GBP 500),186.42,3,62.14,157,248.0,239.77,223.75,255.69,31.94,239.77,1,0.4798,Moderate Risk,0,0,Standard Tier,Normal Alignment
17442,United Kingdom,UK,Loyal Customers,3. High Spend (>GBP 2k),2248.56,6,374.76,37,291.0,1055.22,1043.4,1064.91,21.51,1055.22,0,0.0518,Low Risk,0,0,Standard Tier,Normal Alignment
17443,Canada,International,Hibernating / Lost,2. Mid Spend (GBP 500-2k),534.24,1,534.24,220,220.0,175.02,166.29,183.2,16.9,216.24,1,0.9656,High Churn Risk,0,0,Standard Tier,Normal Alignment
17444,Canada,International,At Risk,3. High Spend (>GBP 2k),2940.04,3,980.01,148,173.0,1443.3,1380.07,1494.59,114.52,2205.13,1,0.0955,Low Risk,1,1,Maintained VIP,Normal Alignment
17446,United Kingdom,UK,At Risk,1. Low Spend (<GBP 500),120.9,2,60.45,177,311.0,195.32,181.93,209.1,27.17,195.32,1,0.5957,Elevated Risk,0,0,Standard Tier,Normal Alignment
17447,United Kingdom,UK,Loyal Customers,2. Mid Spend (GBP 500-2k),541.53,2,270.76,40,72.0,681.79,649.05,709.82,60.77,681.79,0,0.0082,Low Risk,0,0,Standard Tier,Normal Alignment
17449,United Kingdom,UK,Champions,3. High Spend (>GBP 2k),2519.21,7,359.89,2,360.0,890.74,881.17,897.56,16.39,890.74,0,0.0607,Low Risk,0,0,Standard Tier,Normal Alignment
17450,United Kingdom,UK,Champions,3. High Spend (>GBP 2k),194390.79,46,4225.89,8,368.0,77634.81,76533.79,78489.13,1955.34,77634.81,0,0.0422,Low Risk,1,1,Maintained VIP,Normal Alignment
17451,United Kingdom,UK,Champions,2. Mid Spend (GBP 500-2k),1721.4,7,245.91,1,106.0,1801.7,1758.73,1835.1,76.38,1801.7,0,0.027,Low Risk,1,1,Maintained VIP,Normal Alignment
17453,United Kingdom,UK,Loyal Customers,1. Low Spend (<GBP 500),486.72,2,243.36,18,65.0,694.13,657.48,725.61,68.13,694.13,0,0.0119,Low Risk,0,0,Standard Tier,Normal Alignment
17454,United Kingdom,UK,At Risk,2. Mid Spend (GBP 500-2k),517.53,4,129.38,192,360.0,306.73,290.38,324.75,34.37,306.73,1,0.422,Moderate Risk,0,0,Standard Tier,Normal Alignment
17455,United Kingdom,UK,Hibernating / Lost,1. Low Spend (<GBP 500),131.7,1,131.7,204,204.0,185.78,176.57,194.4,17.84,185.78,1,0.992,High Churn Risk,0,0,Standard Tier,Normal Alignment
17456,United Kingdom,UK,Hibernating / Lost,1. Low Spend (<GBP 500),249.86,1,249.86,365,366.0,114.49,108.6,119.82,11.22,114.49,1,0.9747,High Churn Risk,0,0,Standard Tier,Normal Alignment
17457,United Kingdom,UK,At Risk,2. Mid Spend (GBP 500-2k),1737.7,5,347.54,127,340.0,728.12,718.58,735.37,16.79,728.12,1,0.1979,Low Risk,0,0,Standard Tier,Normal Alignment
17458,United Kingdom,UK,Potential Loyalists,1. Low Spend (<GBP 500),316.5,1,316.5,15,16.0,669.86,635.12,698.77,63.65,669.86,0,0.0045,Low Risk,0,0,Standard Tier,Normal Alignment
17459,United Kingdom,UK,Loyal Customers,2. Mid Spend (GBP 500-2k),657.3,2,328.65,43,61.0,961.79,930.54,986.06,55.52,961.79,0,0.0097,Low Risk,0,0,Standard Tier,Normal Alignment
17460,United Kingdom,UK,Cannot Lose Them,2. Mid Spend (GBP 500-2k),622.43,6,103.74,94,374.0,402.9,385.39,423.19,37.81,402.9,1,0.4453,Moderate Risk,0,0,Standard Tier,Normal Alignment
17461,United Kingdom,UK,Champions,2. Mid Spend (GBP 500-2k),735.82,3,245.27,23,30.0,1302.17,1248.46,1344.46,96.0,1302.17,0,0.0101,Low Risk,1,1,Maintained VIP,Normal Alignment
17462,United Kingdom,UK,Loyal Customers,2. Mid Spend (GBP 500-2k),675.69,2,337.84,60,285.0,273.18,263.63,282.57,18.94,273.18,0,0.5537,Elevated Risk,0,0,Standard Tier,Normal Alignment
17463,United Kingdom,UK,Champions,2. Mid Spend (GBP 500-2k),1875.86,5,375.17,16,314.0,708.0,696.17,718.11,21.94,708.0,0,0.1381,Low Risk,0,0,Standard Tier,Normal Alignment
17464,United Kingdom,UK,About to Sleep,1. Low Spend (<GBP 500),289.96,1,289.96,158,159.0,224.64,213.55,234.8,21.25,224.64,1,0.9574,High Churn Risk,0,0,Standard Tier,Normal Alignment
17466,United Kingdom,UK,Loyal Customers,2. Mid Spend (GBP 500-2k),763.28,2,381.64,10,79.0,779.84,754.14,798.74,44.6,779.84,0,0.0115,Low Risk,0,0,Standard Tier,Normal Alignment
17468,United Kingdom,UK,Loyal Customers,1. Low Spend (<GBP 500),137.0,2,68.5,10,15.0,964.74,877.18,1041.71,164.53,964.74,0,0.0069,Low Risk,0,0,Standard Tier,Normal Alignment
17469,United Kingdom,UK,Champions,2. Mid Spend (GBP 500-2k),1870.97,5,374.19,16,205.0,1233.4,1215.47,1246.52,31.05,1233.4,0,0.0519,Low Risk,1,1,Maintained VIP,Normal Alignment
17470,United Kingdom,UK,Loyal Customers,2. Mid Spend (GBP 500-2k),1125.07,5,225.01,45,368.0,529.59,517.79,542.03,24.24,529.59,0,0.1729,Low Risk,0,0,Standard Tier,Normal Alignment
17472,United Kingdom,UK,At Risk,2. Mid Spend (GBP 500-2k),697.54,3,232.51,191,300.0,383.5,371.61,395.12,23.51,383.5,1,0.3893,Moderate Risk,0,0,Standard Tier,Normal Alignment
17475,United Kingdom,UK,About to Sleep,1. Low Spend (<GBP 500),194.37,1,194.37,79,80.0,354.98,337.68,369.37,31.69,354.98,0,0.0391,Low Risk,0,0,Standard Tier,Normal Alignment
17480,United Kingdom,UK,About to Sleep,2. Mid Spend (GBP 500-2k),511.82,1,511.82,78,78.0,360.27,342.73,374.83,32.1,360.27,0,0.0318,Low Risk,0,0,Standard Tier,Normal Alignment
17481,United Kingdom,UK,Champions,2. Mid Spend (GBP 500-2k),1255.59,4,313.9,4,94.0,1507.96,1471.83,1536.78,64.94,1507.96,0,0.0302,Low Risk,1,1,Maintained VIP,Normal Alignment
17483,United Kingdom,UK,Loyal Customers,1. Low Spend (<GBP 500),414.04,3,138.01,65,184.0,452.42,428.48,475.8,47.33,452.42,0,0.2134,Low Risk,0,0,Standard Tier,Normal Alignment
17486,United Kingdom,UK,Hibernating / Lost,1. Low Spend (<GBP 500),396.87,1,396.87,261,262.0,151.91,144.17,159.09,14.92,151.91,1,0.9913,High Churn Risk,0,0,Standard Tier,Normal Alignment
17489,United Kingdom,UK,Loyal Customers,1. Low Spend (<GBP 500),376.64,2,188.32,59,213.0,324.13,310.24,337.64,27.39,324.13,0,0.5151,Elevated Risk,0,0,Standard Tier,Normal Alignment
17490,United Kingdom,UK,Champions,3. High Spend (>GBP 2k),2092.32,7,298.9,1,177.0,1557.02,1531.22,1576.07,44.85,1557.02,0,0.0386,Low Risk,1,1,Maintained VIP,Normal Alignment
17491,United Kingdom,UK,Champions,3. High Spend (>GBP 2k),3558.87,10,355.89,1,368.0,1448.5,1435.68,1458.51,22.83,1448.5,0,0.0375,Low Risk,1,1,Maintained VIP,Normal Alignment
17492,United Kingdom,UK,Hibernating / Lost,1. Low Spend (<GBP 500),374.57,1,374.57,248,249.0,158.38,150.33,165.86,15.53,158.38,1,0.992,High Churn Risk,0,0,Standard Tier,Normal Alignment
17495,United Kingdom,UK,Loyal Customers,1. Low Spend (<GBP 500),497.56,2,248.78,8,39.0,898.31,848.69,939.93,91.24,898.31,0,0.0072,Low Risk,0,0,Standard Tier,Normal Alignment
17496,United Kingdom,UK,Hibernating / Lost,1. Low Spend (<GBP 500),271.05,1,271.05,359,359.0,116.42,110.43,121.83,11.4,116.42,1,0.9945,High Churn Risk,0,0,Standard Tier,Normal Alignment
17498,United Kingdom,UK,About to Sleep,1. Low Spend (<GBP 500),272.22,1,272.22,76,76.0,365.73,347.94,380.45,32.51,365.73,0,0.0427,Low Risk,0,0,Standard Tier,Normal Alignment
17499,United Kingdom,UK,Hibernating / Lost,2. Mid Spend (GBP 500-2k),622.88,1,622.88,290,290.0,139.62,132.48,146.18,13.7,139.62,1,0.9659,High Churn Risk,0,0,Standard Tier,Normal Alignment
17500,United Kingdom,UK,Champions,2. Mid Spend (GBP 500-2k),1138.0,3,379.33,17,30.0,2270.44,2176.65,2343.75,167.1,2270.44,0,0.0492,Low Risk,1,1,Maintained VIP,Normal Alignment
17501,United Kingdom,UK,At Risk,1. Low Spend (<GBP 500),288.6,2,144.3,221,221.0,174.39,165.69,182.54,16.85,174.39,1,0.6387,Elevated Risk,0,0,Standard Tier,Normal Alignment
17502,United Kingdom,UK,Champions,2. Mid Spend (GBP 500-2k),689.1,4,172.28,9,30.0,1679.17,1577.86,1765.08,187.21,1679.17,0,0.0108,Low Risk,1,1,Maintained VIP,Normal Alignment
17503,United Kingdom,UK,Loyal Customers,2. Mid Spend (GBP 500-2k),558.96,2,279.48,3,39.0,988.28,943.93,1024.89,80.96,988.28,0,0.0063,Low Risk,0,0,Standard Tier,Normal Alignment
17504,United Kingdom,UK,Cannot Lose Them,3. High Spend (>GBP 2k),2997.03,9,333.0,206,323.0,1282.18,1264.12,1295.2,31.08,1282.18,1,0.0462,Low Risk,1,1,Maintained VIP,Normal Alignment
17505,United Kingdom,UK,At Risk,2. Mid Spend (GBP 500-2k),1145.84,2,572.92,162,206.0,584.95,562.95,605.06,42.11,584.95,1,0.495,Moderate Risk,0,0,Standard Tier,Normal Alignment
17506,United Kingdom,UK,About to Sleep,1. Low Spend (<GBP 500),302.2,1,302.2,76,76.0,365.73,347.94,380.45,32.51,365.73,0,0.0206,Low Risk,0,0,Standard Tier,Normal Alignment
17507,United Kingdom,UK,At Risk,2. Mid Spend (GBP 500-2k),605.58,2,302.79,262,310.0,273.93,265.77,281.68,15.91,273.93,1,0.5105,Elevated Risk,0,0,Standard Tier,Normal Alignment
17508,Greece,International,Hibernating / Lost,1. Low Spend (<GBP 500),387.31,1,387.31,281,281.0,143.35,136.03,150.09,14.07,158.26,1,0.9867,High Churn Risk,0,0,Standard Tier,Normal Alignment
17509,United Kingdom,UK,Loyal Customers,3. High Spend (>GBP 2k),6083.64,8,760.46,58,64.0,2768.2,2624.76,2881.19,256.43,2768.2,0,0.0154,Low Risk,1,1,Maintained VIP,Normal Alignment
17510,United Kingdom,UK,Potential Loyalists,1. Low Spend (<GBP 500),308.48,1,308.48,25,25.0,595.57,566.3,620.37,54.07,595.57,0,0.0032,Low Risk,0,0,Standard Tier,Normal Alignment
17511,United Kingdom,UK,Champions,3. High Spend (>GBP 2k),91062.38,31,2937.5,3,374.0,35637.5,35163.94,36018.79,854.86,35637.5,0,0.0698,Low Risk,1,1,Maintained VIP,Normal Alignment
17512,United Kingdom,UK,Champions,3. High Spend (>GBP 2k),2924.99,10,292.5,29,302.0,1345.17,1327.46,1360.87,33.4,1345.17,0,0.04,Low Risk,1,1,Maintained VIP,Normal Alignment
17513,United Kingdom,UK,Need Attention,2. Mid Spend (GBP 500-2k),513.2,1,513.2,72,73.0,374.22,356.2,389.21,33.01,374.22,0,0.0289,Low Risk,0,0,Standard Tier,Normal Alignment
17514,United Kingdom,UK,About to Sleep,1. Low Spend (<GBP 500),208.65,1,208.65,128,129.0,261.04,248.2,272.56,24.36,261.04,1,0.9654,High Churn Risk,0,0,Standard Tier,Normal Alignment
17515,United Kingdom,UK,Champions,2. Mid Spend (GBP 500-2k),639.02,4,159.76,31,319.0,363.12,345.61,381.51,35.9,363.12,0,0.2952,Moderate Risk,0,0,Standard Tier,Normal Alignment
17516,United Kingdom,UK,Champions,2. Mid Spend (GBP 500-2k),764.88,5,152.98,15,286.0,412.82,394.36,431.89,37.53,412.82,0,0.156,Low Risk,0,0,Standard Tier,Normal Alignment
17517,United Kingdom,UK,Hibernating / Lost,1. Low Spend (<GBP 500),153.94,1,153.94,309,309.0,132.36,125.58,138.55,12.97,132.36,1,0.993,High Churn Risk,0,0,Standard Tier,Normal Alignment
17519,United Kingdom,UK,Champions,2. Mid Spend (GBP 500-2k),1844.02,6,307.34,17,369.0,748.99,738.57,758.03,19.46,748.99,0,0.1101,Low Risk,0,0,Standard Tier,Normal Alignment
17520,United Kingdom,UK,Need Attention,2. Mid Spend (GBP 500-2k),546.81,1,546.81,54,54.0,438.77,417.79,456.36,38.58,438.77,0,0.0103,Low Risk,0,0,Standard Tier,Normal Alignment
17521,United Kingdom,UK,Champions,2. Mid Spend (GBP 500-2k),723.21,3,241.07,30,200.0,599.16,584.23,611.89,27.66,599.16,0,0.2246,Low Risk,0,0,Standard Tier,Normal Alignment
17522,United Kingdom,UK,Champions,2. Mid Spend (GBP 500-2k),1070.71,5,214.14,2,219.0,802.98,782.95,821.68,38.72,802.98,0,0.0862,Low Risk,0,0,Standard Tier,Normal Alignment
17523,United Kingdom,UK,Champions,2. Mid Spend (GBP 500-2k),652.74,4,163.18,11,20.0,1706.09,1607.9,1785.93,178.03,1706.09,0,0.009,Low Risk,1,1,Maintained VIP,Normal Alignment
17524,United Kingdom,UK,Hibernating / Lost,1. Low Spend (<GBP 500),145.0,1,145.0,361,362.0,115.58,109.64,120.96,11.32,115.58,1,0.9929,High Churn Risk,0,0,Standard Tier,Normal Alignment
17525,United Kingdom,UK,Hibernating / Lost,1. Low Spend (<GBP 500),422.7,1,422.7,360,360.0,116.14,110.17,121.54,11.37,116.14,1,0.9938,High Churn Risk,0,0,Standard Tier,Normal Alignment
17526,United Kingdom,UK,Champions,2. Mid Spend (GBP 500-2k),1195.9,4,298.98,5,366.0,526.95,519.1,534.16,15.06,526.95,0,0.3091,Moderate Risk,0,0,Standard Tier,Normal Alignment
17527,United Kingdom,UK,Loyal Customers,2. Mid Spend (GBP 500-2k),939.37,4,234.84,54,219.0,628.86,609.89,647.8,37.91,628.86,0,0.1594,Low Risk,0,0,Standard Tier,Normal Alignment
17528,United Kingdom,UK,Champions,3. High Spend (>GBP 2k),3628.5,8,453.56,1,72.0,3795.3,3681.16,3881.13,199.97,3795.3,0,0.0152,Low Risk,1,1,Maintained VIP,Normal Alignment
17530,United Kingdom,UK,Champions,3. High Spend (>GBP 2k),2367.12,10,236.71,1,366.0,993.02,979.05,1005.85,26.8,993.02,0,0.0468,Low Risk,0,0,Standard Tier,Normal Alignment
17531,United Kingdom,UK,Hibernating / Lost,1. Low Spend (<GBP 500),296.7,1,296.7,190,191.0,195.55,185.72,204.57,18.85,195.55,1,0.9883,High Churn Risk,0,0,Standard Tier,Normal Alignment
17534,United Kingdom,UK,Need Attention,1. Low Spend (<GBP 500),223.36,1,223.36,54,54.0,438.77,417.79,456.36,38.58,438.77,0,0.0074,Low Risk,0,0,Standard Tier,Normal Alignment
17535,United Kingdom,UK,Hibernating / Lost,1. Low Spend (<GBP 500),164.4,1,164.4,280,281.0,143.35,136.03,150.09,14.07,143.35,1,0.9947,High Churn Risk,0,0,Standard Tier,Normal Alignment
17536,United Kingdom,UK,About to Sleep,1. Low Spend (<GBP 500),76.5,1,76.5,177,178.0,206.41,196.13,215.86,19.74,206.41,1,0.9815,High Churn Risk,0,0,Standard Tier,Normal Alignment
17537,United Kingdom,UK,Loyal Customers,2. Mid Spend (GBP 500-2k),887.67,2,443.84,30,304.0,279.2,270.99,286.98,15.99,279.2,0,0.4856,Moderate Risk,0,0,Standard Tier,Normal Alignment
17538,United Kingdom,UK,Potential Loyalists,1. Low Spend (<GBP 500),98.42,1,98.42,26,26.0,588.32,559.58,612.73,53.15,588.32,0,0.0054,Low Risk,0,0,Standard Tier,Normal Alignment
17540,United Kingdom,UK,Loyal Customers,2. Mid Spend (GBP 500-2k),578.9,2,289.45,25,317.0,285.06,277.48,291.39,13.91,285.06,0,0.5563,Elevated Risk,0,0,Standard Tier,Normal Alignment
17542,United Kingdom,UK,Hibernating / Lost,1. Low Spend (<GBP 500),170.75,1,170.75,270,270.0,148.19,140.62,155.17,14.55,148.19,1,0.995,High Churn Risk,0,0,Standard Tier,Normal Alignment
17545,United Kingdom,UK,Loyal Customers,2. Mid Spend (GBP 500-2k),642.32,3,214.11,43,44.0,482.58,459.71,501.39,41.68,482.58,0,0.0108,Low Risk,0,0,Standard Tier,Normal Alignment
17548,United Kingdom,UK,Hibernating / Lost,1. Low Spend (<GBP 500),103.3,1,103.3,234,234.0,166.57,158.18,174.39,16.21,166.57,1,0.99,High Churn Risk,0,0,Standard Tier,Normal Alignment
17549,United Kingdom,UK,Loyal Customers,1. Low Spend (<GBP 500),148.86,2,74.43,24,52.0,747.6,703.21,784.84,81.62,747.6,0,0.0129,Low Risk,0,0,Standard Tier,Normal Alignment
17550,United Kingdom,UK,At Risk,1. Low Spend (<GBP 500),267.16,3,89.05,197,244.0,265.02,250.24,278.9,28.66,265.02,1,0.5719,Elevated Risk,0,0,Standard Tier,Normal Alignment
17551,United Kingdom,UK,Hibernating / Lost,1. Low Spend (<GBP 500),290.34,1,290.34,359,360.0,116.14,110.17,121.54,11.37,116.14,1,0.9962,High Churn Risk,0,0,Standard Tier,Normal Alignment
17552,United Kingdom,UK,Loyal Customers,2. Mid Spend (GBP 500-2k),930.41,4,232.6,60,373.0,381.02,374.05,387.95,13.9,381.02,0,0.3268,Moderate Risk,0,0,Standard Tier,Normal Alignment
17553,United Kingdom,UK,About to Sleep,2. Mid Spend (GBP 500-2k),1487.6,1,1487.6,130,130.0,259.63,246.86,271.11,24.25,259.63,1,0.9152,High Churn Risk,0,0,Standard Tier,Normal Alignment
17554,United Kingdom,UK,Champions,2. Mid Spend (GBP 500-2k),1952.45,5,390.49,1,149.0,1274.08,1250.21,1294.91,44.69,1274.08,0,0.0434,Low Risk,1,1,Maintained VIP,Normal Alignment
17555,United Kingdom,UK,Loyal Customers,1. Low Spend (<GBP 500),480.31,2,240.16,20,335.0,263.25,255.72,270.09,14.37,263.25,0,0.4309,Moderate Risk,0,0,Standard Tier,Normal Alignment
17556,United Kingdom,UK,Hibernating / Lost,1. Low Spend (<GBP 500),157.9,1,157.9,206,206.0,184.36,175.24,192.93,17.69,184.36,1,0.9938,High Churn Risk,0,0,Standard Tier,Normal Alignment
17557,United Kingdom,UK,Champions,2. Mid Spend (GBP 500-2k),541.46,3,180.49,14,82.0,780.24,735.97,823.67,87.7,780.24,0,0.011,Low Risk,0,0,Standard Tier,Normal Alignment
17560,United Kingdom,UK,At Risk,2. Mid Spend (GBP 500-2k),854.95,4,213.74,95,311.0,490.35,477.37,503.51,26.14,490.35,1,0.2736,Moderate Risk,0,0,Standard Tier,Normal Alignment
17561,United Kingdom,UK,Potential Loyalists,1. Low Spend (<GBP 500),165.12,1,165.12,19,20.0,634.68,602.69,661.61,58.92,634.68,0,0.0042,Low Risk,0,0,Standard Tier,Normal Alignment
17562,United Kingdom,UK,Champions,2. Mid Spend (GBP 500-2k),1122.38,7,160.34,14,174.0,916.77,880.76,955.01,74.25,916.77,0,0.064,Low Risk,0,0,Standard Tier,Normal Alignment
17564,United Kingdom,UK,Champions,1. Low Spend (<GBP 500),454.01,3,151.34,24,81.0,873.65,833.09,911.45,78.37,873.65,0,0.0172,Low Risk,0,0,Standard Tier,Normal Alignment
17566,United Kingdom,UK,Loyal Customers,2. Mid Spend (GBP 500-2k),869.77,2,434.88,8,26.0,1565.1,1495.65,1621.38,125.73,1565.1,0,0.0097,Low Risk,1,1,Maintained VIP,Normal Alignment
17567,United Kingdom,UK,Champions,3. High Spend (>GBP 2k),4331.48,8,541.43,7,373.0,1635.77,1614.7,1650.92,36.22,1635.77,0,0.0417,Low Risk,1,1,Maintained VIP,Normal Alignment
17569,United Kingdom,UK,Hibernating / Lost,1. Low Spend (<GBP 500),344.14,1,344.14,332,333.0,124.2,117.82,129.98,12.16,124.2,1,0.9936,High Churn Risk,0,0,Standard Tier,Normal Alignment
17571,United Kingdom,UK,Loyal Customers,2. Mid Spend (GBP 500-2k),1425.67,4,356.42,50,299.0,701.53,692.63,708.64,16.01,701.53,0,0.1994,Low Risk,0,0,Standard Tier,Normal Alignment
17572,United Kingdom,UK,Loyal Customers,1. Low Spend (<GBP 500),226.75,4,56.69,71,374.0,226.88,207.94,248.07,40.12,226.88,0,0.5249,Elevated Risk,0,0,Standard Tier,Normal Alignment
17573,United Kingdom,UK,Champions,1. Low Spend (<GBP 500),380.6,3,126.87,29,94.0,671.63,629.31,712.98,83.67,671.63,0,0.0844,Low Risk,0,0,Standard Tier,Normal Alignment
17574,United Kingdom,UK,Hibernating / Lost,1. Low Spend (<GBP 500),185.65,1,185.65,243,243.0,161.56,153.37,169.17,15.8,161.56,1,0.994,High Churn Risk,0,0,Standard Tier,Normal Alignment
17576,United Kingdom,UK,Champions,3. High Spend (>GBP 2k),3564.83,19,187.62,8,366.0,1573.22,1551.31,1593.1,41.79,1573.22,0,0.0342,Low Risk,1,1,Maintained VIP,Normal Alignment
17578,United Kingdom,UK,Hibernating / Lost,1. Low Spend (<GBP 500),143.46,1,143.46,218,219.0,175.65,166.9,183.86,16.95,175.65,1,0.9946,High Churn Risk,0,0,Standard Tier,Normal Alignment
17579,United Kingdom,UK,Champions,1. Low Spend (<GBP 500),448.9,3,149.63,5,180.0,476.0,452.7,498.45,45.75,476.0,0,0.179,Low Risk,0,0,Standard Tier,Normal Alignment
17580,United Kingdom,UK,At Risk,1. Low Spend (<GBP 500),215.72,3,71.91,253,359.0,229.79,214.43,246.48,32.06,229.79,1,0.5832,Elevated Risk,0,0,Standard Tier,Normal Alignment
17581,United Kingdom,UK,Champions,3. High Spend (>GBP 2k),11025.24,25,441.01,1,373.0,4134.69,4048.22,4200.82,152.6,4134.69,0,0.0343,Low Risk,1,1,Maintained VIP,Normal Alignment
17582,United Kingdom,UK,Hibernating / Lost,1. Low Spend (<GBP 500),175.27,1,175.27,236,237.0,164.87,156.55,172.62,16.07,164.87,1,0.9941,High Churn Risk,0,0,Standard Tier,Normal Alignment
17584,United Kingdom,UK,Loyal Customers,2. Mid Spend (GBP 500-2k),1242.3,2,621.15,7,128.0,711.29,691.36,727.81,36.45,711.29,0,0.1942,Low Risk,0,0,Standard Tier,Normal Alignment
17585,United Kingdom,UK,At Risk,2. Mid Spend (GBP 500-2k),1116.68,4,279.17,109,339.0,457.94,445.68,470.04,24.37,457.94,1,0.2241,Low Risk,0,0,Standard Tier,Normal Alignment
17588,United Kingdom,UK,At Risk,2. Mid Spend (GBP 500-2k),1240.2,3,413.4,100,233.0,672.9,661.1,681.81,20.71,672.9,1,0.2628,Moderate Risk,0,0,Standard Tier,Normal Alignment
17589,United Kingdom,UK,Loyal Customers,3. High Spend (>GBP 2k),2404.17,4,601.04,60,241.0,1184.89,1157.34,1207.56,50.22,1184.89,0,0.0843,Low Risk,1,1,Maintained VIP,Normal Alignment
17590,United Kingdom,UK,Champions,2. Mid Spend (GBP 500-2k),1468.02,3,489.34,2,41.0,2420.15,2322.88,2507.35,184.47,2420.15,0,0.0178,Low Risk,1,1,Maintained VIP,Normal Alignment
17591,United Kingdom,UK,Cannot Lose Them,3. High Spend (>GBP 2k),2203.67,7,314.81,73,368.0,878.44,867.39,888.02,20.63,878.44,0,0.0797,Low Risk,0,0,Standard Tier,Normal Alignment
17593,United Kingdom,UK,Champions,3. High Spend (>GBP 2k),3923.86,5,784.77,4,353.0,1439.83,1398.59,1470.35,71.76,1439.83,0,0.0971,Low Risk,1,1,Maintained VIP,Normal Alignment
17594,United Kingdom,UK,At Risk,2. Mid Spend (GBP 500-2k),993.18,2,496.59,85,255.0,501.2,483.1,519.33,36.23,501.2,0,0.4893,Moderate Risk,0,0,Standard Tier,Normal Alignment
17595,United Kingdom,UK,Loyal Customers,1. Low Spend (<GBP 500),386.69,2,193.34,12,38.0,1016.46,973.01,1053.63,80.62,1016.46,0,0.0068,Low Risk,0,0,Standard Tier,Normal Alignment
17596,United Kingdom,UK,Champions,3. High Spend (>GBP 2k),2806.69,7,400.96,23,369.0,1103.7,1093.26,1111.67,18.41,1103.7,0,0.0605,Low Risk,1,1,Maintained VIP,Normal Alignment
17597,United Kingdom,UK,Hibernating / Lost,3. High Spend (>GBP 2k),2044.37,1,2044.37,214,214.0,178.9,170.03,187.24,17.22,178.9,1,0.8784,High Churn Risk,0,0,Standard Tier,Normal Alignment
17600,United Kingdom,UK,Potential Loyalists,1. Low Spend (<GBP 500),161.67,1,161.67,18,18.0,651.79,618.48,679.68,61.2,651.79,0,0.0022,Low Risk,0,0,Standard Tier,Normal Alignment
17601,United Kingdom,UK,Hibernating / Lost,1. Low Spend (<GBP 500),116.01,1,116.01,239,240.0,163.2,154.94,170.88,15.93,163.2,1,0.9932,High Churn Risk,0,0,Standard Tier,Normal Alignment
17602,United Kingdom,UK,Champions,3. High Spend (>GBP 2k),5054.42,6,842.4,2,325.0,2002.98,1950.69,2043.55,92.86,2002.98,0,0.0648,Low Risk,1,1,Maintained VIP,Normal Alignment
17603,United Kingdom,UK,About to Sleep,1. Low Spend (<GBP 500),394.72,1,394.72,78,79.0,357.61,340.18,372.08,31.89,357.61,0,0.0201,Low Risk,0,0,Standard Tier,Normal Alignment
17604,United Kingdom,UK,At Risk,1. Low Spend (<GBP 500),309.36,2,154.68,217,313.0,238.17,228.45,247.73,19.28,238.17,1,0.5371,Elevated Risk,0,0,Standard Tier,Normal Alignment
17608,United Kingdom,UK,Loyal Customers,1. Low Spend (<GBP 500),191.99,2,96.0,33,34.0,536.11,510.64,558.27,47.63,536.11,0,0.0106,Low Risk,0,0,Standard Tier,Normal Alignment
17609,United Kingdom,UK,Loyal Customers,2. Mid Spend (GBP 500-2k),1105.78,5,221.16,41,328.0,464.39,451.6,477.24,25.64,464.39,0,0.1698,Low Risk,0,0,Standard Tier,Normal Alignment
17611,United Kingdom,UK,Champions,3. High Spend (>GBP 2k),3961.12,15,264.07,7,362.0,1685.05,1666.98,1699.13,32.15,1685.05,0,0.0275,Low Risk,1,1,Maintained VIP,Normal Alignment
17612,United Kingdom,UK,Loyal Customers,3. High Spend (>GBP 2k),2048.45,6,341.41,53,298.0,1005.09,993.42,1014.12,20.69,1005.09,0,0.0578,Low Risk,0,0,Standard Tier,Normal Alignment
17613,United Kingdom,UK,Champions,3. High Spend (>GBP 2k),4544.55,14,324.61,23,306.0,2037.62,2016.2,2053.55,37.34,2037.62,0,0.0301,Low Risk,1,1,Maintained VIP,Normal Alignment
17614,United Kingdom,UK,Need Attention,1. Low Spend (<GBP 500),386.32,1,386.32,57,58.0,423.4,403.07,440.41,37.34,423.4,0,0.0127,Low Risk,0,0,Standard Tier,Normal Alignment
17615,United Kingdom,UK,At Risk,1. Low Spend (<GBP 500),329.6,3,109.87,130,223.0,345.43,322.28,369.43,47.15,345.43,1,0.4542,Moderate Risk,0,0,Standard Tier,Normal Alignment
17616,United Kingdom,UK,At Risk,2. Mid Spend (GBP 500-2k),571.2,3,190.4,174,368.0,251.25,237.71,265.58,27.86,251.25,1,0.5239,Elevated Risk,0,0,Standard Tier,Normal Alignment
17618,United Kingdom,UK,Champions,2. Mid Spend (GBP 500-2k),930.28,3,310.09,6,363.0,396.92,390.06,403.32,13.26,396.92,0,0.3998,Moderate Risk,0,0,Standard Tier,Normal Alignment
17619,United Kingdom,UK,Hibernating / Lost,1. Low Spend (<GBP 500),214.37,1,214.37,312,313.0,130.93,124.22,137.04,12.83,130.93,1,0.9835,High Churn Risk,0,0,Standard Tier,Normal Alignment
17620,United Kingdom,UK,Need Attention,1. Low Spend (<GBP 500),81.44,1,81.44,60,60.0,416.11,396.4,432.7,36.3,416.11,0,0.0145,Low Risk,0,0,Standard Tier,Normal Alignment
17621,United Kingdom,UK,Champions,2. Mid Spend (GBP 500-2k),1379.9,3,459.97,21,355.0,579.68,565.37,592.35,26.98,579.68,0,0.459,Moderate Risk,0,0,Standard Tier,Normal Alignment
17623,United Kingdom,UK,Potential Loyalists,2. Mid Spend (GBP 500-2k),527.05,1,527.05,33,33.0,542.13,516.34,564.98,48.64,542.13,0,0.0058,Low Risk,0,0,Standard Tier,Normal Alignment
17624,United Kingdom,UK,Loyal Customers,2. Mid Spend (GBP 500-2k),843.48,2,421.74,15,219.0,451.73,440.23,461.12,20.89,451.73,0,0.447,Moderate Risk,0,0,Standard Tier,Normal Alignment
17625,United Kingdom,UK,Champions,3. High Spend (>GBP 2k),2020.4,4,505.1,18,258.0,957.02,941.25,969.35,28.1,957.02,0,0.102,Low Risk,0,0,Standard Tier,Normal Alignment
17628,United Kingdom,UK,About to Sleep,1. Low Spend (<GBP 500),75.75,1,75.75,81,82.0,349.84,332.77,364.07,31.3,349.84,0,0.0318,Low Risk,0,0,Standard Tier,Normal Alignment
17629,United Kingdom,UK,Champions,2. Mid Spend (GBP 500-2k),1814.12,8,226.76,6,360.0,807.49,793.16,822.42,29.26,807.49,0,0.0709,Low Risk,0,0,Standard Tier,Normal Alignment
17630,United Kingdom,UK,At Risk,2. Mid Spend (GBP 500-2k),503.6,2,251.8,170,233.0,301.72,288.83,314.28,25.45,301.72,1,0.6141,Elevated Risk,0,0,Standard Tier,Normal Alignment
17631,United Kingdom,UK,Champions,2. Mid Spend (GBP 500-2k),528.33,3,176.11,2,233.0,358.88,337.33,380.16,42.83,358.88,0,0.2832,Moderate Risk,0,0,Standard Tier,Normal Alignment
17633,United Kingdom,UK,Champions,2. Mid Spend (GBP 500-2k),1324.84,4,331.21,31,121.0,1275.52,1248.55,1297.69,49.14,1275.52,0,0.0459,Low Risk,1,1,Maintained VIP,Normal Alignment
17634,United Kingdom,UK,Loyal Customers,3. High Spend (>GBP 2k),2358.59,9,262.07,36,338.0,857.4,839.48,874.91,35.43,857.4,0,0.049,Low Risk,0,0,Standard Tier,Normal Alignment
17636,United Kingdom,UK,Potential Loyalists,1. Low Spend (<GBP 500),285.56,1,285.56,19,20.0,634.68,602.69,661.61,58.92,634.68,0,0.0031,Low Risk,0,0,Standard Tier,Normal Alignment
17637,United Kingdom,UK,Loyal Customers,2. Mid Spend (GBP 500-2k),547.06,2,273.53,31,116.0,538.09,516.69,556.26,39.57,538.09,0,0.2038,Low Risk,0,0,Standard Tier,Normal Alignment
17639,United Kingdom,UK,Hibernating / Lost,1. Low Spend (<GBP 500),108.5,1,108.5,276,277.0,145.07,137.66,151.9,14.24,145.07,1,0.9903,High Churn Risk,0,0,Standard Tier,Normal Alignment
17640,United Kingdom,UK,About to Sleep,2. Mid Spend (GBP 500-2k),621.66,1,621.66,87,87.0,337.62,321.1,351.46,30.35,337.62,0,0.0527,Low Risk,0,0,Standard Tier,Normal Alignment
17642,United Kingdom,UK,At Risk,2. Mid Spend (GBP 500-2k),712.29,2,356.14,120,177.0,460.21,448.13,469.63,21.51,460.21,1,0.3973,Moderate Risk,0,0,Standard Tier,Normal Alignment
17643,United Kingdom,UK,Hibernating / Lost,1. Low Spend (<GBP 500),101.55,1,101.55,373,374.0,112.36,106.58,117.6,11.02,112.36,1,0.991,High Churn Risk,0,0,Standard Tier,Normal Alignment
17644,United Kingdom,UK,Champions,3. High Spend (>GBP 2k),2895.64,11,263.24,1,261.0,1512.07,1494.62,1526.08,31.47,1512.07,0,0.0347,Low Risk,1,1,Maintained VIP,Normal Alignment
17646,United Kingdom,UK,At Risk,2. Mid Spend (GBP 500-2k),1008.39,3,336.13,219,366.0,431.07,424.33,436.41,12.07,431.07,1,0.3879,Moderate Risk,0,0,Standard Tier,Normal Alignment
17647,United Kingdom,UK,Need Attention,1. Low Spend (<GBP 500),133.06,1,133.06,65,66.0,395.67,377.2,411.52,34.32,395.67,0,0.0216,Low Risk,0,0,Standard Tier,Normal Alignment
17648,United Kingdom,UK,Loyal Customers,2. Mid Spend (GBP 500-2k),1797.5,4,449.38,61,250.0,813.63,790.92,832.96,42.04,813.63,0,0.1198,Low Risk,0,0,Standard Tier,Normal Alignment
17649,United Kingdom,UK,About to Sleep,2. Mid Spend (GBP 500-2k),868.49,1,868.49,138,139.0,247.66,235.45,258.69,23.25,247.66,1,0.9035,High Churn Risk,0,0,Standard Tier,Normal Alignment
17650,United Kingdom,UK,Potential Loyalists,1. Low Spend (<GBP 500),166.08,1,166.08,21,22.0,618.43,587.69,644.47,56.78,618.43,0,0.0024,Low Risk,0,0,Standard Tier,Normal Alignment
17651,United Kingdom,UK,Champions,3. High Spend (>GBP 2k),3945.0,10,394.5,12,178.0,2857.43,2809.95,2892.37,82.43,2857.43,0,0.0323,Low Risk,1,1,Maintained VIP,Normal Alignment
17652,United Kingdom,UK,Champions,3. High Spend (>GBP 2k),4867.72,12,405.64,25,282.0,2529.86,2501.2,2550.22,49.02,2529.86,0,0.033,Low Risk,1,1,Maintained VIP,Normal Alignment
17653,United Kingdom,UK,Loyal Customers,2. Mid Spend (GBP 500-2k),1207.56,4,301.89,37,121.0,1320.91,1292.63,1343.23,50.61,1320.91,0,0.0395,Low Risk,1,1,Maintained VIP,Normal Alignment
17654,United Kingdom,UK,Hibernating / Lost,1. Low Spend (<GBP 500),117.55,1,117.55,277,278.0,144.64,137.25,151.45,14.2,144.64,1,0.9904,High Churn Risk,0,0,Standard Tier,Normal Alignment
17655,United Kingdom,UK,Champions,3. High Spend (>GBP 2k),2638.94,7,376.99,11,367.0,935.47,924.95,943.81,18.87,935.47,0,0.0631,Low Risk,0,0,Standard Tier,Normal Alignment
17656,United Kingdom,UK,At Risk,2. Mid Spend (GBP 500-2k),1674.69,5,334.94,73,129.0,1541.92,1511.14,1565.98,54.84,1541.92,0,0.0363,Low Risk,1,1,Maintained VIP,Normal Alignment
17658,United Kingdom,UK,Loyal Customers,2. Mid Spend (GBP 500-2k),595.42,2,297.71,26,212.0,380.47,370.0,390.24,20.24,380.47,0,0.4942,Moderate Risk,0,0,Standard Tier,Normal Alignment
17659,United Kingdom,UK,Champions,3. High Spend (>GBP 2k),2999.46,12,249.96,17,373.0,1256.82,1240.85,1271.62,30.77,1256.82,0,0.0389,Low Risk,1,1,Maintained VIP,Normal Alignment
17660,United Kingdom,UK,About to Sleep,1. Low Spend (<GBP 500),178.75,1,178.75,141,142.0,243.91,231.88,254.8,22.93,243.91,1,0.9671,High Churn Risk,0,0,Standard Tier,Normal Alignment
17663,United Kingdom,UK,Champions,2. Mid Spend (GBP 500-2k),1802.91,7,257.56,26,288.0,899.99,882.5,916.02,33.52,899.99,0,0.0624,Low Risk,0,0,Standard Tier,Normal Alignment
17664,United Kingdom,UK,Loyal Customers,2. Mid Spend (GBP 500-2k),604.64,2,302.32,19,213.0,379.37,368.98,389.09,20.11,379.37,0,0.4428,Moderate Risk,0,0,Standard Tier,Normal Alignment
17666,United Kingdom,UK,Loyal Customers,2. Mid Spend (GBP 500-2k),728.16,2,364.08,4,66.0,880.71,851.47,902.46,50.99,880.71,0,0.0095,Low Risk,0,0,Standard Tier,Normal Alignment
17667,United Kingdom,UK,Loyal Customers,3. High Spend (>GBP 2k),2055.51,5,411.1,66,299.0,694.82,686.02,701.8,15.78,694.82,0,0.0874,Low Risk,0,0,Standard Tier,Normal Alignment
17668,United Kingdom,UK,Loyal Customers,1. Low Spend (<GBP 500),347.75,2,173.88,1,39.0,942.09,894.32,979.77,85.45,942.09,0,0.0073,Low Risk,0,0,Standard Tier,Normal Alignment
17669,United Kingdom,UK,Loyal Customers,3. High Spend (>GBP 2k),3406.72,7,486.67,43,250.0,1805.6,1781.02,1825.13,44.11,1805.6,0,0.0415,Low Risk,1,1,Maintained VIP,Normal Alignment
17670,United Kingdom,UK,Hibernating / Lost,1. Low Spend (<GBP 500),205.7,1,205.7,228,228.0,170.09,161.56,178.06,16.5,170.09,1,0.9954,High Churn Risk,0,0,Standard Tier,Normal Alignment
17671,United Kingdom,UK,Champions,2. Mid Spend (GBP 500-2k),1572.71,4,393.18,16,366.0,603.12,595.78,608.77,12.99,603.12,0,0.3248,Moderate Risk,0,0,Standard Tier,Normal Alignment
17672,United Kingdom,UK,Loyal Customers,3. High Spend (>GBP 2k),3178.17,2,1589.08,50,310.0,912.28,842.55,980.7,138.15,912.28,0,0.4627,Moderate Risk,0,0,Standard Tier,Normal Alignment
17673,United Kingdom,UK,Champions,2. Mid Spend (GBP 500-2k),1594.97,6,265.83,2,321.0,710.06,695.71,724.61,28.89,710.06,0,0.1012,Low Risk,0,0,Standard Tier,Normal Alignment
17674,United Kingdom,UK,At Risk,2. Mid Spend (GBP 500-2k),551.04,2,275.52,74,369.0,231.27,224.21,238.59,14.38,231.27,0,0.5348,Elevated Risk,0,0,Standard Tier,Normal Alignment
17675,United Kingdom,UK,Champions,3. High Spend (>GBP 2k),20374.28,31,657.23,1,368.0,8157.16,8071.88,8226.79,154.91,8157.16,0,0.0333,Low Risk,1,1,Maintained VIP,Normal Alignment
17676,United Kingdom,UK,Champions,2. Mid Spend (GBP 500-2k),1371.18,6,228.53,4,367.0,586.67,572.91,600.4,27.49,586.67,0,0.127,Low Risk,0,0,Standard Tier,Normal Alignment
17677,United Kingdom,UK,Champions,3. High Spend (>GBP 2k),16345.38,30,544.85,2,369.0,6312.47,6227.92,6378.19,150.27,6312.47,0,0.0333,Low Risk,1,1,Maintained VIP,Normal Alignment
17678,United Kingdom,UK,Hibernating / Lost,1. Low Spend (<GBP 500),298.11,1,298.11,264,264.0,150.96,143.26,158.09,14.83,150.96,1,0.9891,High Churn Risk,0,0,Standard Tier,Normal Alignment
17679,United Kingdom,UK,Loyal Customers,2. Mid Spend (GBP 500-2k),1992.11,2,996.06,53,86.0,785.06,762.52,803.18,40.66,785.06,0,0.0223,Low Risk,0,0,Standard Tier,Normal Alignment
17680,United Kingdom,UK,Potential Loyalists,1. Low Spend (<GBP 500),184.4,1,184.4,24,24.0,603.0,573.05,628.2,55.15,603.0,0,0.0019,Low Risk,0,0,Standard Tier,Normal Alignment
17682,United Kingdom,UK,Champions,3. High Spend (>GBP 2k),2474.33,6,412.39,10,369.0,965.25,955.25,972.9,17.65,965.25,0,0.0849,Low Risk,0,0,Standard Tier,Normal Alignment
17684,United Kingdom,UK,Need Attention,1. Low Spend (<GBP 500),239.41,1,239.41,44,44.0,482.58,459.71,501.39,41.68,482.58,0,0.0051,Low Risk,0,0,Standard Tier,Normal Alignment
17685,United Kingdom,UK,Champions,3. High Spend (>GBP 2k),3155.83,7,450.83,17,373.0,1202.03,1188.86,1210.92,22.06,1202.03,0,0.0727,Low Risk,1,1,Maintained VIP,Normal Alignment
17686,United Kingdom,UK,Champions,3. High Spend (>GBP 2k),5739.46,7,819.92,7,303.0,2028.75,1956.11,2081.07,124.96,2028.75,0,0.0365,Low Risk,1,1,Maintained VIP,Normal Alignment
17690,United Kingdom,UK,Champions,3. High Spend (>GBP 2k),4726.8,15,315.12,30,374.0,1885.15,1866.83,1898.29,31.46,1885.15,0,0.0371,Low Risk,1,1,Maintained VIP,Normal Alignment
17691,United Kingdom,UK,At Risk,1. Low Spend (<GBP 500),290.4,2,145.2,358,369.0,198.81,189.66,207.83,18.17,198.81,1,0.6823,Elevated Risk,0,0,Standard Tier,Normal Alignment
17692,United Kingdom,UK,At Risk,2. Mid Spend (GBP 500-2k),740.94,4,185.24,127,360.0,323.7,307.77,340.71,32.94,323.7,1,0.3527,Moderate Risk,0,0,Standard Tier,Normal Alignment
17693,United Kingdom,UK,About to Sleep,1. Low Spend (<GBP 500),200.47,1,200.47,137,138.0,248.94,236.66,260.02,23.36,248.94,1,0.9561,High Churn Risk,0,0,Standard Tier,Normal Alignment
17694,United Kingdom,UK,About to Sleep,1. Low Spend (<GBP 500),283.12,1,283.12,142,142.0,243.91,231.88,254.8,22.93,243.91,1,0.9502,High Churn Risk,0,0,Standard Tier,Normal Alignment
17695,United Kingdom,UK,At Risk,2. Mid Spend (GBP 500-2k),765.34,2,382.67,132,172.0,526.23,513.8,536.12,22.32,526.23,1,0.3787,Moderate Risk,0,0,Standard Tier,Normal Alignment
17696,United Kingdom,UK,Loyal Customers,3. High Spend (>GBP 2k),2285.71,8,285.71,38,365.0,996.58,986.73,1004.11,17.38,996.58,0,0.0563,Low Risk,0,0,Standard Tier,Normal Alignment
17697,United Kingdom,UK,Hibernating / Lost,1. Low Spend (<GBP 500),338.95,1,338.95,236,237.0,164.87,156.55,172.62,16.07,164.87,1,0.9906,High Churn Risk,0,0,Standard Tier,Normal Alignment
17698,United Kingdom,UK,Hibernating / Lost,1. Low Spend (<GBP 500),154.95,1,154.95,261,261.0,152.39,144.62,159.59,14.97,152.39,1,0.9938,High Churn Risk,0,0,Standard Tier,Normal Alignment
17700,United Kingdom,UK,Champions,3. High Spend (>GBP 2k),2534.64,4,633.66,17,282.0,1095.1,1066.53,1117.83,51.3,1095.1,0,0.1146,Low Risk,1,1,Maintained VIP,Normal Alignment
17701,United Kingdom,UK,Hibernating / Lost,1. Low Spend (<GBP 500),417.95,1,417.95,253,253.0,156.34,148.37,163.72,15.35,156.34,1,0.9899,High Churn Risk,0,0,Standard Tier,Normal Alignment
17702,United Kingdom,UK,Champions,2. Mid Spend (GBP 500-2k),1824.37,4,456.09,30,207.0,1087.76,1068.27,1101.32,33.05,1087.76,0,0.0724,Low Risk,1,0,Demoted from VIP,Normal Alignment
17703,United Kingdom,UK,Loyal Customers,2. Mid Spend (GBP 500-2k),798.74,3,266.25,35,139.0,790.93,770.05,807.71,37.67,790.93,0,0.0908,Low Risk,0,0,Standard Tier,Normal Alignment
17704,United Kingdom,UK,At Risk,2. Mid Spend (GBP 500-2k),885.19,2,442.6,169,240.0,444.59,433.55,455.4,21.85,444.59,1,0.5374,Elevated Risk,0,0,Standard Tier,Normal Alignment
17705,United Kingdom,UK,Champions,2. Mid Spend (GBP 500-2k),1823.52,9,202.61,3,302.0,996.11,976.32,1015.68,39.36,996.11,0,0.0597,Low Risk,0,0,Standard Tier,Normal Alignment
17706,United Kingdom,UK,Champions,3. High Spend (>GBP 2k),10504.49,17,617.91,4,367.0,4144.41,4075.08,4194.47,119.39,4144.41,0,0.0333,Low Risk,1,1,Maintained VIP,Normal Alignment
17707,United Kingdom,UK,At Risk,1. Low Spend (<GBP 500),152.4,2,76.2,185,337.0,187.85,175.64,200.1,24.46,187.85,1,0.7009,Elevated Risk,0,0,Standard Tier,Normal Alignment
17708,United Kingdom,UK,At Risk,1. Low Spend (<GBP 500),263.33,2,131.66,188,325.0,224.79,214.87,234.63,19.76,224.79,1,0.6497,Elevated Risk,0,0,Standard Tier,Normal Alignment
17709,United Kingdom,UK,About to Sleep,1. Low Spend (<GBP 500),137.45,1,137.45,170,170.0,213.71,203.14,223.45,20.31,213.71,1,0.9815,High Churn Risk,0,0,Standard Tier,Normal Alignment
17711,United Kingdom,UK,Loyal Customers,1. Low Spend (<GBP 500),385.1,2,192.55,11,290.0,250.67,239.82,261.18,21.36,250.67,0,0.5603,Elevated Risk,0,0,Standard Tier,Normal Alignment
17712,United Kingdom,UK,Need Attention,2. Mid Spend (GBP 500-2k),522.91,1,522.91,45,45.0,477.81,455.14,496.47,41.33,477.81,0,0.0043,Low Risk,0,0,Standard Tier,Normal Alignment
17714,United Kingdom,UK,Hibernating / Lost,1. Low Spend (<GBP 500),153.0,1,153.0,321,321.0,128.15,121.58,134.13,12.55,128.15,1,0.993,High Churn Risk,0,0,Standard Tier,Normal Alignment
17715,United Kingdom,UK,Hibernating / Lost,1. Low Spend (<GBP 500),326.4,1,326.4,201,201.0,187.95,178.6,196.66,18.06,187.95,1,0.9791,High Churn Risk,0,0,Standard Tier,Normal Alignment
17716,United Kingdom,UK,Champions,3. High Spend (>GBP 2k),5655.99,11,514.18,23,268.0,2778.43,2731.75,2813.14,81.39,2778.43,0,0.034,Low Risk,1,1,Maintained VIP,Normal Alignment
17718,United Kingdom,UK,Hibernating / Lost,1. Low Spend (<GBP 500),139.35,1,139.35,232,233.0,167.15,158.74,175.0,16.26,167.15,1,0.9938,High Churn Risk,0,0,Standard Tier,Normal Alignment
17719,United Kingdom,UK,Loyal Customers,3. High Spend (>GBP 2k),5396.04,15,359.74,38,256.0,2855.23,2818.41,2883.29,64.87,2855.23,0,0.0305,Low Risk,1,1,Maintained VIP,Normal Alignment
17720,United Kingdom,UK,Champions,2. Mid Spend (GBP 500-2k),1195.94,4,298.98,26,368.0,569.65,562.75,575.1,12.35,569.65,0,0.3012,Moderate Risk,0,0,Standard Tier,Normal Alignment
17722,United Kingdom,UK,At Risk,3. High Spend (>GBP 2k),2424.04,4,606.01,96,367.0,723.39,711.72,732.75,21.03,723.39,1,0.2851,Moderate Risk,0,0,Standard Tier,Normal Alignment
17723,United Kingdom,UK,Cannot Lose Them,3. High Spend (>GBP 2k),3276.4,6,546.07,127,215.0,2022.46,1981.76,2052.61,70.84,2022.46,1,0.125,Low Risk,1,1,Maintained VIP,Normal Alignment
17724,United Kingdom,UK,Loyal Customers,2. Mid Spend (GBP 500-2k),1033.0,3,344.33,71,139.0,859.0,839.62,873.02,33.41,859.0,0,0.0827,Low Risk,0,0,Standard Tier,Normal Alignment
17725,United Kingdom,UK,Champions,3. High Spend (>GBP 2k),3439.08,11,312.64,16,268.0,1837.14,1813.1,1855.84,42.74,1837.14,0,0.0342,Low Risk,1,1,Maintained VIP,Normal Alignment
17727,United Kingdom,UK,Potential Loyalists,2. Mid Spend (GBP 500-2k),1060.25,1,1060.25,15,16.0,669.86,635.12,698.77,63.65,669.86,0,0.0187,Low Risk,0,0,Standard Tier,Normal Alignment
17728,United Kingdom,UK,Champions,3. High Spend (>GBP 2k),2876.01,3,958.67,4,87.0,3093.87,2913.29,3247.94,334.65,3093.87,0,0.0227,Low Risk,1,1,Maintained VIP,Normal Alignment
17730,United Kingdom,UK,Champions,3. High Spend (>GBP 2k),5298.48,13,407.58,3,327.0,2389.07,2365.09,2405.76,40.67,2389.07,0,0.03,Low Risk,1,1,Maintained VIP,Normal Alignment
17731,United Kingdom,UK,At Risk,2. Mid Spend (GBP 500-2k),1240.11,4,310.03,79,184.0,647.59,632.28,660.74,28.46,647.59,0,0.0713,Low Risk,0,0,Standard Tier,Normal Alignment
17732,United Kingdom,UK,Hibernating / Lost,1. Low Spend (<GBP 500),303.97,1,303.97,373,373.0,112.62,106.83,117.87,11.04,112.62,1,0.9946,High Churn Risk,0,0,Standard Tier,Normal Alignment
17733,United Kingdom,UK,Loyal Customers,2. Mid Spend (GBP 500-2k),692.19,2,346.1,39,262.0,404.25,394.03,413.33,19.3,404.25,0,0.5107,Elevated Risk,0,0,Standard Tier,Normal Alignment
17734,United Kingdom,UK,Loyal Customers,2. Mid Spend (GBP 500-2k),700.63,3,233.54,54,234.0,541.12,529.1,551.71,22.61,541.12,0,0.2459,Low Risk,0,0,Standard Tier,Normal Alignment
17735,United Kingdom,UK,Champions,3. High Spend (>GBP 2k),13110.02,19,690.0,2,368.0,5240.23,5174.1,5292.78,118.68,5240.23,0,0.0329,Low Risk,1,1,Maintained VIP,Normal Alignment
17736,United Kingdom,UK,Champions,1. Low Spend (<GBP 500),377.44,3,125.81,9,114.0,475.15,432.35,520.81,88.45,475.15,0,0.1295,Low Risk,0,0,Standard Tier,Normal Alignment
17737,United Kingdom,UK,Loyal Customers,1. Low Spend (<GBP 500),168.24,2,84.12,9,59.0,655.59,612.36,694.15,81.78,655.59,0,0.0113,Low Risk,0,0,Standard Tier,Normal Alignment
17738,United Kingdom,UK,Champions,2. Mid Spend (GBP 500-2k),1879.05,4,469.76,19,283.0,684.8,668.68,697.81,29.12,684.8,0,0.1428,Low Risk,0,0,Standard Tier,Normal Alignment
17739,United Kingdom,UK,Champions,3. High Spend (>GBP 2k),2791.35,7,398.76,12,361.0,1130.92,1119.8,1139.32,19.52,1130.92,0,0.0751,Low Risk,1,1,Maintained VIP,Normal Alignment
17742,United Kingdom,UK,At Risk,1. Low Spend (<GBP 500),355.11,2,177.56,113,333.0,184.19,171.57,197.21,25.64,184.19,1,0.6706,Elevated Risk,0,0,Standard Tier,Normal Alignment
17744,United Kingdom,UK,Champions,3. High Spend (>GBP 2k),2322.4,6,387.07,4,359.0,935.29,926.0,942.61,16.61,935.29,0,0.1027,Low Risk,0,0,Standard Tier,Normal Alignment
17746,United Kingdom,UK,Hibernating / Lost,1. Low Spend (<GBP 500),110.25,1,110.25,240,241.0,162.65,154.42,170.3,15.89,162.65,1,0.9888,High Churn Risk,0,0,Standard Tier,Normal Alignment
17747,United Kingdom,UK,About to Sleep,1. Low Spend (<GBP 500),71.4,1,71.4,113,113.0,285.73,271.8,298.13,26.33,285.73,1,0.9726,High Churn Risk,0,0,Standard Tier,Normal Alignment
17749,United Kingdom,UK,At Risk,2. Mid Spend (GBP 500-2k),674.52,2,337.26,178,257.0,337.7,328.58,345.32,16.75,337.7,1,0.5488,Elevated Risk,0,0,Standard Tier,Normal Alignment
17750,United Kingdom,UK,Champions,2. Mid Spend (GBP 500-2k),1710.45,9,190.05,5,165.0,1416.01,1373.51,1452.96,79.45,1416.01,0,0.0405,Low Risk,1,1,Maintained VIP,Normal Alignment
17752,United Kingdom,UK,Hibernating / Lost,1. Low Spend (<GBP 500),80.64,1,80.64,359,360.0,116.14,110.17,121.54,11.37,116.14,1,0.9679,High Churn Risk,0,0,Standard Tier,Normal Alignment
17754,United Kingdom,UK,Champions,2. Mid Spend (GBP 500-2k),1664.65,5,332.93,1,261.0,933.58,920.74,942.75,22.02,933.58,0,0.0838,Low Risk,0,0,Standard Tier,Normal Alignment
17757,United Kingdom,UK,Champions,3. High Spend (>GBP 2k),5593.39,30,186.45,1,373.0,2363.6,2334.36,2387.51,53.15,2363.6,0,0.0287,Low Risk,1,1,Maintained VIP,Normal Alignment
17758,United Kingdom,UK,Champions,3. High Spend (>GBP 2k),3408.2,8,426.02,19,251.0,1722.75,1692.02,1745.34,53.32,1722.75,0,0.0348,Low Risk,1,1,Maintained VIP,Normal Alignment
17759,United Kingdom,UK,Champions,2. Mid Spend (GBP 500-2k),819.96,3,273.32,17,170.0,674.47,648.58,696.82,48.24,674.47,0,0.1418,Low Risk,0,0,Standard Tier,Normal Alignment
17760,United Kingdom,UK,Loyal Customers,1. Low Spend (<GBP 500),287.59,2,143.79,22,374.0,186.21,176.23,195.83,19.6,186.21,0,0.5731,Elevated Risk,0,0,Standard Tier,Normal Alignment
17761,United Kingdom,UK,Potential Loyalists,2. Mid Spend (GBP 500-2k),712.78,1,712.78,33,33.0,542.13,516.34,564.98,48.64,542.13,0,0.0126,Low Risk,0,0,Standard Tier,Normal Alignment
17763,United Kingdom,UK,Hibernating / Lost,1. Low Spend (<GBP 500),15.0,1,15.0,263,264.0,150.96,143.26,158.09,14.83,150.96,1,0.9809,High Churn Risk,0,0,Standard Tier,Normal Alignment
17764,United Kingdom,UK,Loyal Customers,2. Mid Spend (GBP 500-2k),772.55,2,386.28,51,212.0,513.1,498.73,526.23,27.5,513.1,0,0.4483,Moderate Risk,0,0,Standard Tier,Normal Alignment
17765,United Kingdom,UK,At Risk,1. Low Spend (<GBP 500),367.63,3,122.54,159,257.0,341.06,321.65,360.12,38.48,341.06,1,0.4655,Moderate Risk,0,0,Standard Tier,Normal Alignment
17767,United Kingdom,UK,Potential Loyalists,1. Low Spend (<GBP 500),271.2,1,271.2,15,16.0,669.86,635.12,698.77,63.65,669.86,0,0.0025,Low Risk,0,0,Standard Tier,Normal Alignment
17768,United Kingdom,UK,Champions,3. High Spend (>GBP 2k),2081.9,3,693.97,8,167.0,1434.3,1374.44,1484.55,110.11,1434.3,0,0.0892,Low Risk,1,1,Maintained VIP,Normal Alignment
17769,United Kingdom,UK,Champions,3. High Spend (>GBP 2k),3957.43,10,395.74,13,321.0,1785.08,1767.25,1798.45,31.19,1785.08,0,0.0305,Low Risk,1,1,Maintained VIP,Normal Alignment
17770,United Kingdom,UK,At Risk,2. Mid Spend (GBP 500-2k),1143.27,5,228.65,199,283.0,461.68,445.05,478.13,33.08,461.68,1,0.1852,Low Risk,0,0,Standard Tier,Normal Alignment
17771,United Kingdom,UK,Loyal Customers,1. Low Spend (<GBP 500),245.81,2,122.9,57,324.0,216.0,205.27,226.52,21.25,216.0,0,0.4914,Moderate Risk,0,0,Standard Tier,Normal Alignment
17772,United Kingdom,UK,Loyal Customers,1. Low Spend (<GBP 500),173.45,2,86.72,11,11.0,719.74,680.92,751.21,70.29,719.74,0,0.0208,Low Risk,0,0,Standard Tier,Normal Alignment
17774,United Kingdom,UK,At Risk,2. Mid Spend (GBP 500-2k),1213.73,4,303.43,97,306.0,624.7,614.8,632.51,17.71,624.7,1,0.2111,Low Risk,0,0,Standard Tier,Normal Alignment
17775,United Kingdom,UK,Hibernating / Lost,1. Low Spend (<GBP 500),56.4,1,56.4,255,255.0,155.33,147.42,162.67,15.26,155.33,1,0.992,High Churn Risk,0,0,Standard Tier,Normal Alignment
17777,United Kingdom,UK,Champions,2. Mid Spend (GBP 500-2k),647.56,3,215.85,25,101.0,877.49,845.57,903.74,58.17,877.49,0,0.0614,Low Risk,0,0,Standard Tier,Normal Alignment
17779,United Kingdom,UK,Champions,2. Mid Spend (GBP 500-2k),650.32,3,216.77,21,144.0,593.03,565.85,619.88,54.03,593.03,0,0.1231,Low Risk,0,0,Standard Tier,Normal Alignment
17781,United Kingdom,UK,At Risk,1. Low Spend (<GBP 500),188.02,2,94.01,159,254.0,245.65,230.6,260.15,29.56,245.65,1,0.6429,Elevated Risk,0,0,Standard Tier,Normal Alignment
17783,United Kingdom,UK,Loyal Customers,1. Low Spend (<GBP 500),283.47,2,141.74,72,248.0,288.15,276.11,300.0,23.89,288.15,0,0.4759,Moderate Risk,0,0,Standard Tier,Normal Alignment
17785,United Kingdom,UK,Need Attention,1. Low Spend (<GBP 500),131.94,1,131.94,53,54.0,438.77,417.79,456.36,38.58,438.77,0,0.0124,Low Risk,0,0,Standard Tier,Normal Alignment
17786,United Kingdom,UK,At Risk,1. Low Spend (<GBP 500),266.85,2,133.43,85,318.0,231.52,221.6,241.26,19.66,231.52,0,0.5095,Elevated Risk,0,0,Standard Tier,Normal Alignment
17787,United Kingdom,UK,At Risk,2. Mid Spend (GBP 500-2k),1817.54,4,454.38,153,372.0,559.79,553.02,565.4,12.39,559.79,1,0.3498,Moderate Risk,0,0,Standard Tier,Normal Alignment
17788,United Kingdom,UK,At Risk,2. Mid Spend (GBP 500-2k),1117.9,2,558.95,74,130.0,1143.84,1072.4,1204.74,132.34,1143.84,0,0.2482,Low Risk,1,1,Maintained VIP,Normal Alignment
17789,United Kingdom,UK,Hibernating / Lost,1. Low Spend (<GBP 500),225.9,1,225.9,281,282.0,142.93,135.62,149.65,14.03,142.93,1,0.9944,High Churn Risk,0,0,Standard Tier,Normal Alignment
17790,United Kingdom,UK,Champions,2. Mid Spend (GBP 500-2k),1964.3,14,140.31,27,365.0,917.56,898.13,937.83,39.7,917.56,0,0.0724,Low Risk,0,0,Standard Tier,Normal Alignment
17791,United Kingdom,UK,Potential Loyalists,1. Low Spend (<GBP 500),106.1,1,106.1,30,30.0,561.01,534.08,583.89,49.8,561.01,0,0.0042,Low Risk,0,0,Standard Tier,Normal Alignment
17793,United Kingdom,UK,Potential Loyalists,1. Low Spend (<GBP 500),300.34,1,300.34,25,26.0,588.32,559.58,612.73,53.15,588.32,0,0.0042,Low Risk,0,0,Standard Tier,Normal Alignment
17795,United Kingdom,UK,At Risk,1. Low Spend (<GBP 500),342.83,2,171.42,180,265.0,279.64,268.88,290.44,21.55,279.64,1,0.5153,Elevated Risk,0,0,Standard Tier,Normal Alignment
17796,United Kingdom,UK,Loyal Customers,2. Mid Spend (GBP 500-2k),690.0,4,172.5,40,370.0,380.12,366.86,393.12,26.26,380.12,0,0.3678,Moderate Risk,0,0,Standard Tier,Normal Alignment
17797,United Kingdom,UK,Champions,2. Mid Spend (GBP 500-2k),780.43,3,260.14,22,183.0,556.25,541.95,569.44,27.48,556.25,0,0.1589,Low Risk,0,0,Standard Tier,Normal Alignment
17799,United Kingdom,UK,Champions,3. High Spend (>GBP 2k),3039.17,10,303.92,22,362.0,1297.51,1285.24,1306.86,21.61,1297.51,0,0.0377,Low Risk,1,1,Maintained VIP,Normal Alignment
17800,United Kingdom,UK,Loyal Customers,2. Mid Spend (GBP 500-2k),1187.21,9,131.91,37,335.0,644.34,622.68,669.21,46.53,644.34,0,0.0833,Low Risk,0,0,Standard Tier,Normal Alignment
17802,United Kingdom,UK,At Risk,2. Mid Spend (GBP 500-2k),1285.04,3,428.35,82,373.0,570.57,555.86,583.69,27.83,570.57,0,0.3536,Moderate Risk,0,0,Standard Tier,Normal Alignment
17805,United Kingdom,UK,About to Sleep,2. Mid Spend (GBP 500-2k),512.31,1,512.31,74,74.0,371.35,353.38,386.24,32.86,371.35,0,0.0224,Low Risk,0,0,Standard Tier,Normal Alignment
17806,United Kingdom,UK,Potential Loyalists,2. Mid Spend (GBP 500-2k),546.04,1,546.04,11,12.0,709.18,671.24,740.15,68.92,709.18,0,0.0071,Low Risk,0,0,Standard Tier,Normal Alignment
17809,United Kingdom,UK,Champions,3. High Spend (>GBP 2k),5411.91,12,450.99,16,374.0,2254.09,2224.15,2275.73,51.58,2254.09,0,0.0441,Low Risk,1,1,Maintained VIP,Normal Alignment
17811,United Kingdom,UK,Champions,3. High Spend (>GBP 2k),7761.82,39,199.02,4,334.0,3544.11,3500.07,3577.82,77.75,3544.11,0,0.0325,Low Risk,1,1,Maintained VIP,Normal Alignment
17812,United Kingdom,UK,Champions,2. Mid Spend (GBP 500-2k),699.81,4,174.95,13,369.0,356.16,341.8,370.45,28.65,356.16,0,0.3178,Moderate Risk,0,0,Standard Tier,Normal Alignment
17813,United Kingdom,UK,Champions,2. Mid Spend (GBP 500-2k),1698.07,5,339.61,14,72.0,2299.46,2227.86,2352.46,124.59,2299.46,0,0.0234,Low Risk,1,1,Maintained VIP,Normal Alignment
17816,United Kingdom,UK,Loyal Customers,1. Low Spend (<GBP 500),36.56,4,9.14,37,366.0,181.85,159.79,206.01,46.21,181.85,0,0.4108,Moderate Risk,0,0,Standard Tier,Normal Alignment
17817,United Kingdom,UK,Champions,1. Low Spend (<GBP 500),387.68,3,129.23,4,278.0,240.89,228.06,253.17,25.11,240.89,0,0.5156,Elevated Risk,0,0,Standard Tier,Normal Alignment
17819,United Kingdom,UK,Loyal Customers,3. High Spend (>GBP 2k),3704.87,7,529.27,72,372.0,1360.06,1342.72,1372.32,29.6,1360.06,0,0.0842,Low Risk,1,1,Maintained VIP,Normal Alignment
17824,United Kingdom,UK,Need Attention,1. Low Spend (<GBP 500),298.4,1,298.4,51,52.0,446.89,425.56,464.71,39.14,446.89,0,0.0159,Low Risk,0,0,Standard Tier,Normal Alignment
17827,United Kingdom,UK,Champions,2. Mid Spend (GBP 500-2k),1987.33,5,397.47,5,365.0,417.77,411.01,423.19,12.18,417.77,0,0.1688,Low Risk,0,0,Standard Tier,Normal Alignment
17828,Malta,International,Champions,2. Mid Spend (GBP 500-2k),1820.09,4,455.02,23,185.0,933.81,916.45,947.19,30.74,1090.73,0,0.0796,Low Risk,0,0,Standard Tier,Normal Alignment
17829,United Arab Emirates,International,Hibernating / Lost,2. Mid Spend (GBP 500-2k),889.24,1,889.24,299,299.0,136.09,129.12,142.46,13.34,200.96,1,0.9416,High Churn Risk,0,0,Standard Tier,Normal Alignment
17830,United Kingdom,UK,Champions,1. Low Spend (<GBP 500),398.7,3,132.9,2,289.0,294.01,275.95,312.69,36.74,294.01,0,0.5387,Elevated Risk,0,0,Standard Tier,Normal Alignment
17831,United Kingdom,UK,Potential Loyalists,1. Low Spend (<GBP 500),35.4,1,35.4,33,34.0,536.11,510.64,558.27,47.63,536.11,0,0.0198,Low Risk,0,0,Standard Tier,Normal Alignment
17832,United Kingdom,UK,Need Attention,1. Low Spend (<GBP 500),155.37,1,155.37,50,50.0,455.31,433.62,473.36,39.74,455.31,0,0.0195,Low Risk,0,0,Standard Tier,Normal Alignment
17835,United Kingdom,UK,Champions,1. Low Spend (<GBP 500),342.24,3,114.08,3,24.0,1306.85,1208.22,1386.69,178.48,1306.85,0,0.0135,Low Risk,1,1,Maintained VIP,Normal Alignment
17836,United Kingdom,UK,Need Attention,1. Low Spend (<GBP 500),110.21,1,110.21,47,48.0,464.05,441.98,482.34,40.37,464.05,0,0.0111,Low Risk,0,0,Standard Tier,Normal Alignment
17837,United Kingdom,UK,Loyal Customers,2. Mid Spend (GBP 500-2k),1541.23,8,192.65,42,164.0,1411.98,1374.17,1444.8,70.63,1411.98,0,0.059,Low Risk,1,1,Maintained VIP,Normal Alignment
17838,United Kingdom,UK,Champions,3. High Spend (>GBP 2k),2720.8,5,544.16,27,373.0,923.31,910.24,933.41,23.17,923.31,0,0.1265,Low Risk,0,0,Standard Tier,Normal Alignment
17839,United Kingdom,UK,Need Attention,1. Low Spend (<GBP 500),318.15,1,318.15,42,43.0,487.45,464.37,506.5,42.13,487.45,0,0.0098,Low Risk,0,0,Standard Tier,Normal Alignment
17841,United Kingdom,UK,Champions,3. High Spend (>GBP 2k),40519.84,124,326.77,2,374.0,16285.72,16128.1,16414.09,285.99,16285.72,0,0.0365,Low Risk,1,1,Maintained VIP,Normal Alignment
17843,United Kingdom,UK,Hibernating / Lost,1. Low Spend (<GBP 500),205.48,1,205.48,303,304.0,134.2,127.33,140.48,13.15,134.2,1,0.9852,High Churn Risk,0,0,Standard Tier,Normal Alignment
17844,Canada,International,About to Sleep,1. Low Spend (<GBP 500),51.56,1,51.56,107,107.0,296.24,281.85,308.99,27.14,296.24,1,0.9718,High Churn Risk,0,0,Standard Tier,Normal Alignment
17846,United Kingdom,UK,About to Sleep,3. High Spend (>GBP 2k),2033.1,1,2033.1,85,86.0,340.0,323.37,353.91,30.54,340.0,0,0.0873,Low Risk,0,0,Standard Tier,Normal Alignment
17848,United Kingdom,UK,Cannot Lose Them,2. Mid Spend (GBP 500-2k),901.2,9,100.13,81,359.0,509.03,486.94,534.82,47.88,509.03,0,0.1491,Low Risk,0,0,Standard Tier,Normal Alignment
17849,United Kingdom,UK,At Risk,2. Mid Spend (GBP 500-2k),605.8,4,151.45,218,334.0,341.48,324.43,359.73,35.3,341.48,1,0.4422,Moderate Risk,0,0,Standard Tier,Normal Alignment
17850,United Kingdom,UK,Cannot Lose Them,3. High Spend (>GBP 2k),5391.21,34,158.56,372,374.0,1368.85,1242.26,1493.69,251.43,1368.85,1,0.1482,Low Risk,1,1,Maintained VIP,Normal Alignment
17852,United Kingdom,UK,Loyal Customers,1. Low Spend (<GBP 500),114.34,2,57.17,12,12.0,709.18,671.24,740.15,68.92,709.18,0,0.0142,Low Risk,0,0,Standard Tier,Normal Alignment
17854,United Kingdom,UK,At Risk,1. Low Spend (<GBP 500),311.26,2,155.63,185,228.0,321.92,310.05,333.54,23.49,321.92,1,0.6618,Elevated Risk,0,0,Standard Tier,Normal Alignment
17855,United Kingdom,UK,Hibernating / Lost,1. Low Spend (<GBP 500),208.97,1,208.97,373,373.0,112.62,106.83,117.87,11.04,112.62,1,0.9798,High Churn Risk,0,0,Standard Tier,Normal Alignment
17856,United Kingdom,UK,Champions,2. Mid Spend (GBP 500-2k),1418.03,4,354.51,2,282.0,642.46,631.29,651.81,20.52,642.46,0,0.2154,Low Risk,0,0,Standard Tier,Normal Alignment
17857,United Kingdom,UK,Champions,3. High Spend (>GBP 2k),26879.04,23,1168.65,4,366.0,10459.7,10311.9,10572.79,260.9,10459.7,0,0.05,Low Risk,1,1,Maintained VIP,Normal Alignment
17858,United Kingdom,UK,Champions,3. High Spend (>GBP 2k),5140.66,12,428.39,6,370.0,2108.89,2089.52,2124.23,34.71,2108.89,0,0.0347,Low Risk,1,1,Maintained VIP,Normal Alignment
17859,United Kingdom,UK,Hibernating / Lost,1. Low Spend (<GBP 500),141.92,1,141.92,305,305.0,133.83,126.97,140.09,13.12,133.83,1,0.993,High Churn Risk,0,0,Standard Tier,Normal Alignment
17860,United Kingdom,UK,Hibernating / Lost,1. Low Spend (<GBP 500),226.45,1,226.45,369,369.0,113.68,107.83,118.97,11.14,113.68,1,0.9965,High Churn Risk,0,0,Standard Tier,Normal Alignment
17861,United Kingdom,UK,Champions,3. High Spend (>GBP 2k),2097.88,8,262.24,3,320.0,1006.33,993.96,1016.82,22.86,1006.33,0,0.0562,Low Risk,0,0,Standard Tier,Normal Alignment
17862,United Kingdom,UK,Hibernating / Lost,1. Low Spend (<GBP 500),330.9,1,330.9,324,324.0,127.14,120.62,133.07,12.45,127.14,1,0.9946,High Churn Risk,0,0,Standard Tier,Normal Alignment
17863,United Kingdom,UK,Loyal Customers,3. High Spend (>GBP 2k),3160.0,6,526.67,59,370.0,1223.22,1204.88,1237.14,32.26,1223.22,0,0.0837,Low Risk,1,1,Maintained VIP,Normal Alignment
17864,United Kingdom,UK,Champions,2. Mid Spend (GBP 500-2k),554.85,3,184.95,13,276.0,369.21,353.66,384.41,30.75,369.21,0,0.3464,Moderate Risk,0,0,Standard Tier,Normal Alignment
17865,United Kingdom,UK,Champions,3. High Spend (>GBP 2k),10526.32,20,526.32,31,365.0,4104.16,4053.31,4143.57,90.26,4104.16,0,0.0333,Low Risk,1,1,Maintained VIP,Normal Alignment
17866,United Kingdom,UK,About to Sleep,1. Low Spend (<GBP 500),329.65,1,329.65,143,143.0,242.69,230.71,253.53,22.82,242.69,1,0.9615,High Churn Risk,0,0,Standard Tier,Normal Alignment
17867,United Kingdom,UK,Champions,2. Mid Spend (GBP 500-2k),1157.87,6,192.98,30,289.0,717.14,707.82,724.47,16.65,717.14,0,0.108,Low Risk,0,0,Standard Tier,Normal Alignment
17869,United Kingdom,UK,At Risk,1. Low Spend (<GBP 500),428.18,5,85.64,107,369.0,250.46,232.1,270.83,38.73,250.46,1,0.5329,Elevated Risk,0,0,Standard Tier,Normal Alignment
17870,United Kingdom,UK,Champions,2. Mid Spend (GBP 500-2k),1865.89,12,155.49,2,367.0,785.62,769.46,802.33,32.87,785.62,0,0.0615,Low Risk,0,0,Standard Tier,Normal Alignment
17871,United Kingdom,UK,Hibernating / Lost,1. Low Spend (<GBP 500),155.9,1,155.9,205,205.0,185.07,175.9,193.66,17.76,185.07,1,0.9852,High Churn Risk,0,0,Standard Tier,Normal Alignment
17873,United Kingdom,UK,At Risk,2. Mid Spend (GBP 500-2k),1848.96,5,369.79,80,374.0,777.52,768.86,784.31,15.45,777.52,0,0.2328,Low Risk,0,0,Standard Tier,Normal Alignment
17874,United Kingdom,UK,Cannot Lose Them,2. Mid Spend (GBP 500-2k),683.46,6,113.91,185,256.0,517.43,507.06,526.82,19.76,517.43,1,0.2112,Low Risk,0,0,Standard Tier,Normal Alignment
17877,United Kingdom,UK,About to Sleep,1. Low Spend (<GBP 500),237.61,1,237.61,170,171.0,212.77,202.23,222.47,20.24,212.77,1,0.9813,High Churn Risk,0,0,Standard Tier,Normal Alignment
17878,United Kingdom,UK,Need Attention,1. Low Spend (<GBP 500),379.45,1,379.45,44,44.0,482.58,459.71,501.39,41.68,482.58,0,0.0058,Low Risk,0,0,Standard Tier,Normal Alignment
17879,United Kingdom,UK,About to Sleep,1. Low Spend (<GBP 500),178.52,1,178.52,174,174.0,210.0,199.57,219.59,20.02,210.0,1,0.9826,High Churn Risk,0,0,Standard Tier,Normal Alignment
17880,United Kingdom,UK,Hibernating / Lost,1. Low Spend (<GBP 500),458.92,1,458.92,365,365.0,114.76,108.86,120.1,11.24,114.76,1,0.985,High Churn Risk,0,0,Standard Tier,Normal Alignment
17881,United Kingdom,UK,Hibernating / Lost,1. Low Spend (<GBP 500),133.35,1,133.35,304,305.0,133.83,126.97,140.09,13.12,133.83,1,0.9885,High Churn Risk,0,0,Standard Tier,Normal Alignment
17883,United Kingdom,UK,Champions,2. Mid Spend (GBP 500-2k),664.34,4,166.08,3,247.0,518.98,500.63,537.23,36.6,518.98,0,0.1762,Low Risk,0,0,Standard Tier,Normal Alignment
17884,United Kingdom,UK,Champions,2. Mid Spend (GBP 500-2k),695.07,4,173.77,4,372.0,354.04,339.82,368.22,28.4,354.04,0,0.3405,Moderate Risk,0,0,Standard Tier,Normal Alignment
17885,United Kingdom,UK,Potential Loyalists,1. Low Spend (<GBP 500),156.34,1,156.34,12,13.0,698.92,661.83,729.5,67.67,698.92,0,0.0138,Low Risk,0,0,Standard Tier,Normal Alignment
17886,United Kingdom,UK,Champions,2. Mid Spend (GBP 500-2k),869.28,3,289.76,32,250.0,542.48,532.45,551.19,18.73,542.48,0,0.214,Low Risk,0,0,Standard Tier,Normal Alignment
17887,United Kingdom,UK,About to Sleep,1. Low Spend (<GBP 500),111.35,1,111.35,129,130.0,259.63,246.86,271.11,24.25,259.63,1,0.9731,High Churn Risk,0,0,Standard Tier,Normal Alignment
17888,United Kingdom,UK,Champions,2. Mid Spend (GBP 500-2k),716.0,8,89.5,21,358.0,460.43,438.97,485.56,46.59,460.43,0,0.1996,Low Risk,0,0,Standard Tier,Normal Alignment
17889,United Kingdom,UK,At Risk,1. Low Spend (<GBP 500),201.37,2,100.68,212,323.0,206.63,194.99,217.93,22.94,206.63,1,0.6798,Elevated Risk,0,0,Standard Tier,Normal Alignment
17890,United Kingdom,UK,At Risk,2. Mid Spend (GBP 500-2k),586.89,2,293.44,323,362.0,194.4,184.4,204.09,19.69,194.4,1,0.5066,Elevated Risk,0,0,Standard Tier,Normal Alignment
17891,United Kingdom,UK,About to Sleep,1. Low Spend (<GBP 500),203.86,1,203.86,162,163.0,220.54,209.65,230.54,20.9,220.54,1,0.9326,High Churn Risk,0,0,Standard Tier,Normal Alignment
17892,United Kingdom,UK,Loyal Customers,1. Low Spend (<GBP 500),244.1,3,81.37,56,156.0,403.31,370.6,438.02,67.43,403.31,0,0.3433,Moderate Risk,0,0,Standard Tier,Normal Alignment
17893,United Kingdom,UK,Hibernating / Lost,1. Low Spend (<GBP 500),107.21,1,107.21,225,226.0,171.3,162.72,179.32,16.6,171.3,1,0.9923,High Churn Risk,0,0,Standard Tier,Normal Alignment
17894,United Kingdom,UK,Loyal Customers,2. Mid Spend (GBP 500-2k),1118.96,8,139.87,72,367.0,576.47,558.17,597.37,39.21,576.47,0,0.1201,Low Risk,0,0,Standard Tier,Normal Alignment
17895,United Kingdom,UK,Need Attention,1. Low Spend (<GBP 500),95.45,1,95.45,44,45.0,477.81,455.14,496.47,41.33,477.81,0,0.0154,Low Risk,0,0,Standard Tier,Normal Alignment
17896,United Kingdom,UK,Potential Loyalists,1. Low Spend (<GBP 500),256.32,1,256.32,23,24.0,603.0,573.05,628.2,55.15,603.0,0,0.0049,Low Risk,0,0,Standard Tier,Normal Alignment
17897,United Kingdom,UK,At Risk,2. Mid Spend (GBP 500-2k),541.81,3,180.6,173,374.0,293.46,282.11,304.46,22.35,293.46,1,0.4004,Moderate Risk,0,0,Standard Tier,Normal Alignment
17898,United Kingdom,UK,At Risk,1. Low Spend (<GBP 500),152.06,2,76.03,85,208.0,271.19,252.38,289.78,37.4,271.19,0,0.5338,Elevated Risk,0,0,Standard Tier,Normal Alignment
17899,United Kingdom,UK,About to Sleep,1. Low Spend (<GBP 500),154.55,1,154.55,159,160.0,223.6,212.56,233.72,21.16,223.6,1,0.9682,High Churn Risk,0,0,Standard Tier,Normal Alignment
17900,United Kingdom,UK,At Risk,1. Low Spend (<GBP 500),112.2,2,56.1,190,191.0,195.55,185.72,204.57,18.85,195.55,1,0.5825,Elevated Risk,0,0,Standard Tier,Normal Alignment
17901,United Kingdom,UK,Potential Loyalists,1. Low Spend (<GBP 500),110.38,1,110.38,29,30.0,561.01,534.08,583.89,49.8,561.01,0,0.0042,Low Risk,0,0,Standard Tier,Normal Alignment
17904,United Kingdom,UK,Potential Loyalists,1. Low Spend (<GBP 500),181.07,1,181.07,21,22.0,618.43,587.69,644.47,56.78,618.43,0,0.0023,Low Risk,0,0,Standard Tier,Normal Alignment
17905,United Kingdom,UK,Loyal Customers,2. Mid Spend (GBP 500-2k),798.99,4,199.75,71,374.0,384.85,372.22,397.4,25.18,384.85,0,0.3803,Moderate Risk,0,0,Standard Tier,Normal Alignment
17906,United Kingdom,UK,Hibernating / Lost,1. Low Spend (<GBP 500),72.9,1,72.9,247,248.0,158.91,150.83,166.4,15.57,158.91,1,0.9884,High Churn Risk,0,0,Standard Tier,Normal Alignment
17908,United Kingdom,UK,Hibernating / Lost,1. Low Spend (<GBP 500),232.03,1,232.03,374,374.0,112.36,106.58,117.6,11.02,112.36,1,0.992,High Churn Risk,0,0,Standard Tier,Normal Alignment
17911,United Kingdom,UK,Potential Loyalists,1. Low Spend (<GBP 500),366.23,1,366.23,9,10.0,730.62,690.88,763.04,72.16,730.62,0,0.0042,Low Risk,0,0,Standard Tier,Normal Alignment
17912,United Kingdom,UK,At Risk,1. Low Spend (<GBP 500),310.06,5,62.01,310,365.0,249.92,231.27,270.64,39.37,249.92,1,0.5248,Elevated Risk,0,0,Standard Tier,Normal Alignment
17913,United Kingdom,UK,Loyal Customers,1. Low Spend (<GBP 500),408.65,2,204.32,59,356.0,219.03,210.73,227.37,16.64,219.03,0,0.5042,Elevated Risk,0,0,Standard Tier,Normal Alignment
17914,United Kingdom,UK,Potential Loyalists,1. Low Spend (<GBP 500),329.36,1,329.36,4,4.0,803.5,757.04,840.96,83.92,803.5,0,0.0069,Low Risk,0,0,Standard Tier,Normal Alignment
17917,United Kingdom,UK,Loyal Customers,1. Low Spend (<GBP 500),335.03,3,111.68,45,363.0,248.31,234.25,263.19,28.94,248.31,0,0.4392,Moderate Risk,0,0,Standard Tier,Normal Alignment
17919,United Kingdom,UK,About to Sleep,2. Mid Spend (GBP 500-2k),1304.04,1,1304.04,88,89.0,332.97,316.66,346.65,29.99,332.97,0,0.0654,Low Risk,0,0,Standard Tier,Normal Alignment
17920,United Kingdom,UK,Champions,3. High Spend (>GBP 2k),4119.5,17,242.32,4,374.0,1628.23,1608.25,1645.02,36.77,1628.23,0,0.0363,Low Risk,1,1,Maintained VIP,Normal Alignment
17921,United Kingdom,UK,Loyal Customers,2. Mid Spend (GBP 500-2k),820.23,4,205.06,64,267.0,485.51,468.29,502.59,34.29,485.51,0,0.1928,Low Risk,0,0,Standard Tier,Normal Alignment
17923,United Kingdom,UK,Hibernating / Lost,1. Low Spend (<GBP 500),207.5,1,207.5,282,283.0,142.51,135.22,149.21,13.98,142.51,1,0.9855,High Churn Risk,0,0,Standard Tier,Normal Alignment
17924,United Kingdom,UK,Champions,3. High Spend (>GBP 2k),2962.5,7,423.21,12,374.0,1158.11,1131.63,1179.24,47.61,1158.11,0,0.1104,Low Risk,1,1,Maintained VIP,Normal Alignment
17925,United Kingdom,UK,Hibernating / Lost,1. Low Spend (<GBP 500),244.08,1,244.08,373,373.0,112.62,106.83,117.87,11.04,112.62,1,0.9934,High Churn Risk,0,0,Standard Tier,Normal Alignment
17926,United Kingdom,UK,At Risk,1. Low Spend (<GBP 500),397.29,2,198.64,133,204.0,344.4,331.07,357.74,26.66,344.4,1,0.5279,Elevated Risk,0,0,Standard Tier,Normal Alignment
17928,United Kingdom,UK,Loyal Customers,1. Low Spend (<GBP 500),212.54,2,106.27,45,247.0,272.76,258.96,285.82,26.87,272.76,0,0.6175,Elevated Risk,0,0,Standard Tier,Normal Alignment
17929,United Kingdom,UK,Champions,2. Mid Spend (GBP 500-2k),843.0,4,210.75,11,309.0,473.67,459.83,487.95,28.12,473.67,0,0.3385,Moderate Risk,0,0,Standard Tier,Normal Alignment
17930,United Kingdom,UK,Loyal Customers,2. Mid Spend (GBP 500-2k),1740.48,5,348.1,36,240.0,972.91,958.73,984.13,25.4,972.91,0,0.0621,Low Risk,0,0,Standard Tier,Normal Alignment
17931,United Kingdom,UK,At Risk,1. Low Spend (<GBP 500),408.36,2,204.18,134,256.0,254.92,240.81,268.27,27.45,254.92,1,0.5145,Elevated Risk,0,0,Standard Tier,Normal Alignment
17932,United Kingdom,UK,Champions,2. Mid Spend (GBP 500-2k),1331.57,3,443.86,29,212.0,670.5,659.4,679.65,20.25,670.5,0,0.1599,Low Risk,0,0,Standard Tier,Normal Alignment
17934,United Kingdom,UK,Loyal Customers,2. Mid Spend (GBP 500-2k),704.25,2,352.12,52,59.0,637.98,592.76,678.67,85.91,637.98,0,0.0091,Low Risk,0,0,Standard Tier,Normal Alignment
17935,United Kingdom,UK,At Risk,1. Low Spend (<GBP 500),145.79,2,72.9,138,142.0,333.65,304.67,360.58,55.9,333.65,1,0.534,Elevated Risk,0,0,Standard Tier,Normal Alignment
17936,United Kingdom,UK,Potential Loyalists,1. Low Spend (<GBP 500),380.13,1,380.13,5,6.0,777.64,733.48,814.41,80.92,777.64,0,0.0069,Low Risk,0,0,Standard Tier,Normal Alignment
17937,United Kingdom,UK,Champions,3. High Spend (>GBP 2k),4301.22,7,614.46,9,363.0,1309.72,1294.22,1320.24,26.02,1309.72,0,0.0713,Low Risk,1,1,Maintained VIP,Normal Alignment
17939,United Kingdom,UK,About to Sleep,1. Low Spend (<GBP 500),99.14,1,99.14,160,160.0,223.6,212.56,233.72,21.16,223.6,1,0.9784,High Churn Risk,0,0,Standard Tier,Normal Alignment
17940,United Kingdom,UK,Loyal Customers,3. High Spend (>GBP 2k),4020.04,10,402.0,49,303.0,1583.51,1566.22,1596.06,29.85,1583.51,0,0.1091,Low Risk,1,1,Maintained VIP,Normal Alignment
17941,United Kingdom,UK,About to Sleep,1. Low Spend (<GBP 500),304.56,1,304.56,131,131.0,258.25,245.53,269.67,24.14,258.25,1,0.9535,High Churn Risk,0,0,Standard Tier,Normal Alignment
17942,United Kingdom,UK,Potential Loyalists,1. Low Spend (<GBP 500),77.5,1,77.5,8,8.0,753.4,711.44,787.33,75.88,753.4,0,0.0051,Low Risk,0,0,Standard Tier,Normal Alignment
17946,United Kingdom,UK,At Risk,1. Low Spend (<GBP 500),149.58,2,74.79,233,260.0,260.59,247.37,273.18,25.81,260.59,1,0.6684,Elevated Risk,0,0,Standard Tier,Normal Alignment
17947,United Kingdom,UK,Need Attention,1. Low Spend (<GBP 500),176.68,1,176.68,37,38.0,513.34,489.04,533.72,44.68,513.34,0,0.005,Low Risk,0,0,Standard Tier,Normal Alignment
17948,United Kingdom,UK,About to Sleep,1. Low Spend (<GBP 500),358.56,1,358.56,147,148.0,236.74,225.06,247.37,22.31,236.74,1,0.9677,High Churn Risk,0,0,Standard Tier,Normal Alignment
17949,United Kingdom,UK,Champions,3. High Spend (>GBP 2k),58510.48,45,1300.23,1,372.0,23031.23,22745.09,23275.36,530.27,23031.23,0,0.0504,Low Risk,1,1,Maintained VIP,Normal Alignment
17950,United Kingdom,UK,Loyal Customers,1. Low Spend (<GBP 500),482.2,3,160.73,72,366.0,222.91,215.5,230.54,15.04,222.91,0,0.4399,Moderate Risk,0,0,Standard Tier,Normal Alignment
17951,United Kingdom,UK,Loyal Customers,2. Mid Spend (GBP 500-2k),1008.54,3,336.18,40,374.0,407.89,401.11,413.17,12.06,407.89,0,0.4388,Moderate Risk,0,0,Standard Tier,Normal Alignment
17954,United Kingdom,UK,Champions,3. High Spend (>GBP 2k),2314.13,12,192.84,5,372.0,1046.77,1028.36,1065.29,36.93,1046.77,0,0.0522,Low Risk,0,0,Standard Tier,Normal Alignment
17955,United Kingdom,UK,At Risk,2. Mid Spend (GBP 500-2k),557.3,4,139.32,199,220.0,408.36,387.63,427.97,40.33,408.36,1,0.2263,Low Risk,0,0,Standard Tier,Normal Alignment
17956,United Kingdom,UK,Hibernating / Lost,1. Low Spend (<GBP 500),12.75,1,12.75,249,250.0,157.87,149.83,165.32,15.49,157.87,1,0.9753,High Churn Risk,0,0,Standard Tier,Normal Alignment
17957,United Kingdom,UK,Need Attention,1. Low Spend (<GBP 500),111.68,1,111.68,66,67.0,392.46,374.07,408.21,34.14,392.46,0,0.0491,Low Risk,0,0,Standard Tier,Normal Alignment
17958,United Kingdom,UK,About to Sleep,2. Mid Spend (GBP 500-2k),508.46,1,508.46,117,117.0,279.13,265.49,291.3,25.81,279.13,1,0.9526,High Churn Risk,0,0,Standard Tier,Normal Alignment
17960,United Kingdom,UK,About to Sleep,1. Low Spend (<GBP 500),73.78,1,73.78,171,172.0,211.84,201.34,221.5,20.17,211.84,1,0.9827,High Churn Risk,0,0,Standard Tier,Normal Alignment
17961,United Kingdom,UK,Champions,2. Mid Spend (GBP 500-2k),1296.44,39,33.24,21,373.0,658.65,627.95,693.27,65.32,658.65,0,0.1661,Low Risk,0,0,Standard Tier,Normal Alignment
17962,United Kingdom,UK,About to Sleep,1. Low Spend (<GBP 500),102.41,1,102.41,142,143.0,242.69,230.71,253.53,22.82,242.69,1,0.9722,High Churn Risk,0,0,Standard Tier,Normal Alignment
17964,United Kingdom,UK,Loyal Customers,1. Low Spend (<GBP 500),463.21,2,231.6,32,373.0,213.76,205.92,221.55,15.62,213.76,0,0.4621,Moderate Risk,0,0,Standard Tier,Normal Alignment
17965,United Kingdom,UK,Loyal Customers,3. High Spend (>GBP 2k),2599.19,14,185.66,38,370.0,1195.09,1176.24,1212.56,36.31,1195.09,0,0.039,Low Risk,1,1,Maintained VIP,Normal Alignment
17966,United Kingdom,UK,Loyal Customers,2. Mid Spend (GBP 500-2k),1098.43,5,219.69,38,262.0,690.67,679.07,700.31,21.23,690.67,0,0.1376,Low Risk,0,0,Standard Tier,Normal Alignment
17967,United Kingdom,UK,Hibernating / Lost,1. Low Spend (<GBP 500),112.27,1,112.27,372,372.0,112.88,107.08,118.14,11.07,112.88,1,0.9929,High Churn Risk,0,0,Standard Tier,Normal Alignment
17968,United Kingdom,UK,Hibernating / Lost,1. Low Spend (<GBP 500),265.1,1,265.1,374,374.0,112.36,106.58,117.6,11.02,112.36,1,0.9783,High Churn Risk,0,0,Standard Tier,Normal Alignment
17969,United Kingdom,UK,At Risk,1. Low Spend (<GBP 500),228.2,2,114.1,166,362.0,187.67,177.08,197.91,20.83,187.67,1,0.6719,Elevated Risk,0,0,Standard Tier,Normal Alignment
17970,United Kingdom,UK,Hibernating / Lost,2. Mid Spend (GBP 500-2k),562.79,1,562.79,211,212.0,180.24,171.31,188.63,17.32,180.24,1,0.9579,High Churn Risk,0,0,Standard Tier,Normal Alignment
17972,United Kingdom,UK,Hibernating / Lost,1. Low Spend (<GBP 500),135.19,1,135.19,242,242.0,162.1,153.89,169.74,15.84,162.1,1,0.9906,High Churn Risk,0,0,Standard Tier,Normal Alignment
17973,United Kingdom,UK,Need Attention,1. Low Spend (<GBP 500),337.04,1,337.04,52,52.0,446.89,425.56,464.71,39.14,446.89,0,0.0074,Low Risk,0,0,Standard Tier,Normal Alignment
17974,United Kingdom,UK,Champions,2. Mid Spend (GBP 500-2k),703.99,3,234.66,25,220.0,543.13,529.28,555.52,26.25,543.13,0,0.2201,Low Risk,0,0,Standard Tier,Normal Alignment
17975,United Kingdom,UK,Champions,3. High Spend (>GBP 2k),4483.26,13,344.87,15,367.0,1839.6,1822.04,1852.58,30.54,1839.6,0,0.0326,Low Risk,1,1,Maintained VIP,Normal Alignment
17976,United Kingdom,UK,Hibernating / Lost,1. Low Spend (<GBP 500),321.79,1,321.79,372,373.0,112.62,106.83,117.87,11.04,112.62,1,0.9965,High Churn Risk,0,0,Standard Tier,Normal Alignment
17977,United Kingdom,UK,Potential Loyalists,1. Low Spend (<GBP 500),288.14,1,288.14,29,30.0,561.01,534.08,583.89,49.8,561.01,0,0.004,Low Risk,0,0,Standard Tier,Normal Alignment
17978,United Kingdom,UK,Hibernating / Lost,1. Low Spend (<GBP 500),300.92,1,300.92,365,366.0,114.49,108.6,119.82,11.22,114.49,1,0.9768,High Churn Risk,0,0,Standard Tier,Normal Alignment
17979,United Kingdom,UK,Loyal Customers,2. Mid Spend (GBP 500-2k),732.41,4,183.1,36,260.0,456.18,443.62,467.96,24.35,456.18,0,0.1961,Low Risk,0,0,Standard Tier,Normal Alignment
17980,United Kingdom,UK,At Risk,2. Mid Spend (GBP 500-2k),811.45,3,270.48,166,360.0,352.04,343.39,360.76,17.37,352.04,1,0.4817,Moderate Risk,0,0,Standard Tier,Normal Alignment
17984,United Kingdom,UK,About to Sleep,1. Low Spend (<GBP 500),152.68,1,152.68,145,146.0,239.08,227.29,249.8,22.51,239.08,1,0.9566,High Churn Risk,0,0,Standard Tier,Normal Alignment
17985,United Kingdom,UK,Potential Loyalists,2. Mid Spend (GBP 500-2k),631.35,1,631.35,22,23.0,610.62,580.37,636.23,55.86,610.62,0,0.0084,Low Risk,0,0,Standard Tier,Normal Alignment
17986,United Kingdom,UK,Need Attention,1. Low Spend (<GBP 500),20.8,1,20.8,56,57.0,427.14,406.64,444.37,37.73,427.14,0,0.0239,Low Risk,0,0,Standard Tier,Normal Alignment
17987,United Kingdom,UK,Hibernating / Lost,1. Low Spend (<GBP 500),198.57,1,198.57,185,186.0,199.59,189.58,208.77,19.19,199.59,1,0.9596,High Churn Risk,0,0,Standard Tier,Normal Alignment
17988,United Kingdom,UK,Champions,1. Low Spend (<GBP 500),201.12,7,28.73,12,327.0,253.1,228.4,281.05,52.65,253.1,0,0.3413,Moderate Risk,0,0,Standard Tier,Normal Alignment
17990,United Kingdom,UK,At Risk,2. Mid Spend (GBP 500-2k),630.84,3,210.28,237,362.0,331.57,322.06,341.18,19.12,331.57,1,0.5004,Elevated Risk,0,0,Standard Tier,Normal Alignment
17991,United Kingdom,UK,At Risk,1. Low Spend (<GBP 500),93.35,2,46.68,225,227.0,269.75,253.11,285.4,32.29,269.75,1,0.6465,Elevated Risk,0,0,Standard Tier,Normal Alignment
17994,United Kingdom,UK,At Risk,2. Mid Spend (GBP 500-2k),674.89,4,168.72,122,291.0,375.62,356.36,396.37,40.01,375.62,1,0.2635,Moderate Risk,0,0,Standard Tier,Normal Alignment
17995,United Kingdom,UK,Hibernating / Lost,1. Low Spend (<GBP 500),76.1,1,76.1,282,282.0,142.93,135.62,149.65,14.03,142.93,1,0.9941,High Churn Risk,0,0,Standard Tier,Normal Alignment
17997,United Kingdom,UK,Cannot Lose Them,2. Mid Spend (GBP 500-2k),1962.46,8,245.31,74,165.0,1567.15,1532.58,1595.3,62.71,1567.15,0,0.0378,Low Risk,1,1,Maintained VIP,Normal Alignment
17999,United Kingdom,UK,Loyal Customers,1. Low Spend (<GBP 500),380.39,2,190.2,37,367.0,213.16,205.08,221.3,16.22,213.16,0,0.4808,Moderate Risk,0,0,Standard Tier,Normal Alignment
18001,United Kingdom,UK,Loyal Customers,1. Low Spend (<GBP 500),415.13,2,207.56,12,87.0,606.53,577.79,631.96,54.17,606.53,0,0.0144,Low Risk,0,0,Standard Tier,Normal Alignment
18004,United Kingdom,UK,Hibernating / Lost,1. Low Spend (<GBP 500),157.92,1,157.92,362,363.0,115.31,109.38,120.67,11.3,115.31,1,0.9924,High Churn Risk,0,0,Standard Tier,Normal Alignment
18005,United Kingdom,UK,Loyal Customers,1. Low Spend (<GBP 500),226.47,2,113.24,4,48.0,742.35,694.26,783.35,89.09,742.35,0,0.0146,Low Risk,0,0,Standard Tier,Normal Alignment
18006,United Kingdom,UK,Potential Loyalists,1. Low Spend (<GBP 500),444.68,1,444.68,23,24.0,603.0,573.05,628.2,55.15,603.0,0,0.0037,Low Risk,0,0,Standard Tier,Normal Alignment
18008,United Kingdom,UK,Loyal Customers,3. High Spend (>GBP 2k),2116.19,9,235.13,70,319.0,1074.4,1059.53,1087.64,28.11,1074.4,0,0.0657,Low Risk,0,0,Standard Tier,Normal Alignment
18009,United Kingdom,UK,Hibernating / Lost,1. Low Spend (<GBP 500),247.39,1,247.39,235,236.0,165.43,157.09,173.21,16.12,165.43,1,0.9963,High Churn Risk,0,0,Standard Tier,Normal Alignment
18010,United Kingdom,UK,Hibernating / Lost,1. Low Spend (<GBP 500),174.8,1,174.8,257,257.0,154.34,146.47,161.64,15.16,154.34,1,0.9881,High Churn Risk,0,0,Standard Tier,Normal Alignment
18011,United Kingdom,UK,Hibernating / Lost,1. Low Spend (<GBP 500),102.79,1,102.79,373,374.0,112.36,106.58,117.6,11.02,112.36,1,0.9911,High Churn Risk,0,0,Standard Tier,Normal Alignment
18013,United Kingdom,UK,At Risk,1. Low Spend (<GBP 500),187.29,2,93.65,155,156.0,227.82,216.57,238.1,21.53,227.82,1,0.469,Moderate Risk,0,0,Standard Tier,Normal Alignment
18014,United Kingdom,UK,Potential Loyalists,1. Low Spend (<GBP 500),162.22,1,162.22,28,29.0,567.59,540.21,590.85,50.64,567.59,0,0.0043,Low Risk,0,0,Standard Tier,Normal Alignment
18015,United Kingdom,UK,Potential Loyalists,1. Low Spend (<GBP 500),120.03,1,120.03,4,5.0,790.36,745.05,827.75,82.7,790.36,0,0.0042,Low Risk,0,0,Standard Tier,Normal Alignment
18016,United Kingdom,UK,Champions,2. Mid Spend (GBP 500-2k),1477.66,5,295.53,32,365.0,673.35,664.44,680.52,16.08,673.35,0,0.1891,Low Risk,0,0,Standard Tier,Normal Alignment
18017,United Kingdom,UK,At Risk,2. Mid Spend (GBP 500-2k),523.0,3,174.33,81,311.0,335.62,321.92,349.26,27.34,335.62,0,0.5133,Elevated Risk,0,0,Standard Tier,Normal Alignment
18018,United Kingdom,UK,At Risk,1. Low Spend (<GBP 500),122.14,2,61.07,108,200.0,296.73,278.2,314.08,35.88,296.73,1,0.5938,Elevated Risk,0,0,Standard Tier,Normal Alignment
18019,United Kingdom,UK,Need Attention,1. Low Spend (<GBP 500),38.45,1,38.45,52,52.0,446.89,425.56,464.71,39.14,446.89,0,0.0304,Low Risk,0,0,Standard Tier,Normal Alignment
18022,United Kingdom,UK,Need Attention,2. Mid Spend (GBP 500-2k),612.72,1,612.72,36,36.0,524.48,499.6,545.45,45.84,524.48,0,0.0123,Low Risk,0,0,Standard Tier,Normal Alignment
18024,United Kingdom,UK,At Risk,1. Low Spend (<GBP 500),389.78,2,194.89,153,153.0,231.08,219.68,241.49,21.82,231.08,1,0.3478,Moderate Risk,0,0,Standard Tier,Normal Alignment
18027,United Kingdom,UK,About to Sleep,1. Low Spend (<GBP 500),115.31,1,115.31,99,99.0,311.51,296.38,324.69,28.31,311.51,1,0.9514,High Churn Risk,0,0,Standard Tier,Normal Alignment
18030,United Kingdom,UK,Loyal Customers,1. Low Spend (<GBP 500),230.65,2,115.32,4,43.0,800.37,750.57,842.83,92.26,800.37,0,0.0145,Low Risk,0,0,Standard Tier,Normal Alignment
18032,United Kingdom,UK,Hibernating / Lost,1. Low Spend (<GBP 500),73.5,1,73.5,334,335.0,123.56,117.22,129.31,12.09,123.56,1,0.9892,High Churn Risk,0,0,Standard Tier,Normal Alignment
18033,United Kingdom,UK,Need Attention,1. Low Spend (<GBP 500),93.82,1,93.82,65,66.0,395.67,377.2,411.52,34.32,395.67,0,0.0399,Low Risk,0,0,Standard Tier,Normal Alignment
18034,United Kingdom,UK,Loyal Customers,1. Low Spend (<GBP 500),418.68,2,209.34,22,22.0,618.43,587.69,644.47,56.78,618.43,0,0.0073,Low Risk,0,0,Standard Tier,Normal Alignment
18035,United Kingdom,UK,Loyal Customers,2. Mid Spend (GBP 500-2k),713.89,3,237.96,36,44.0,961.58,920.59,993.6,73.01,961.58,0,0.0109,Low Risk,0,0,Standard Tier,Normal Alignment
18036,United Kingdom,UK,Champions,1. Low Spend (<GBP 500),403.12,3,134.37,32,246.0,376.25,357.15,394.27,37.12,376.25,0,0.3131,Moderate Risk,0,0,Standard Tier,Normal Alignment
18037,United Kingdom,UK,Cannot Lose Them,1. Low Spend (<GBP 500),70.02,6,11.67,154,363.0,198.05,172.08,227.13,55.05,198.05,1,0.3493,Moderate Risk,0,0,Standard Tier,Normal Alignment
18040,United Kingdom,UK,Loyal Customers,1. Low Spend (<GBP 500),357.2,2,178.6,19,246.0,266.5,252.09,280.08,27.99,266.5,0,0.6353,Elevated Risk,0,0,Standard Tier,Normal Alignment
18041,United Kingdom,UK,Champions,3. High Spend (>GBP 2k),4097.37,21,195.11,12,373.0,1646.17,1623.58,1666.34,42.75,1646.17,0,0.0298,Low Risk,1,1,Maintained VIP,Normal Alignment
18042,United Kingdom,UK,Need Attention,1. Low Spend (<GBP 500),165.05,1,165.05,54,54.0,438.77,417.79,456.36,38.58,438.77,0,0.006,Low Risk,0,0,Standard Tier,Normal Alignment
18043,United Kingdom,UK,Champions,2. Mid Spend (GBP 500-2k),529.29,3,176.43,25,367.0,250.66,237.02,265.08,28.06,250.66,0,0.3807,Moderate Risk,0,0,Standard Tier,Normal Alignment
18044,United Kingdom,UK,Champions,3. High Spend (>GBP 2k),2088.6,10,208.86,4,361.0,989.77,973.55,1006.04,32.49,989.77,0,0.0602,Low Risk,0,0,Standard Tier,Normal Alignment
18045,United Kingdom,UK,Need Attention,1. Low Spend (<GBP 500),178.34,1,178.34,45,46.0,473.14,450.67,491.67,41.01,473.14,0,0.0088,Low Risk,0,0,Standard Tier,Normal Alignment
18048,United Kingdom,UK,At Risk,1. Low Spend (<GBP 500),172.29,2,86.15,203,204.0,185.78,176.57,194.4,17.84,185.78,1,0.5852,Elevated Risk,0,0,Standard Tier,Normal Alignment
18050,United Kingdom,UK,Hibernating / Lost,1. Low Spend (<GBP 500),74.4,1,74.4,359,360.0,116.14,110.17,121.54,11.37,116.14,1,0.9892,High Churn Risk,0,0,Standard Tier,Normal Alignment
18053,United Kingdom,UK,Need Attention,1. Low Spend (<GBP 500),300.02,1,300.02,71,71.0,380.11,361.96,395.29,33.33,380.11,0,0.0259,Low Risk,0,0,Standard Tier,Normal Alignment
18055,United Kingdom,UK,Champions,3. High Spend (>GBP 2k),6761.34,10,676.13,7,370.0,2645.38,2604.55,2674.95,70.4,2645.38,0,0.0341,Low Risk,1,1,Maintained VIP,Normal Alignment
18056,United Kingdom,UK,Hibernating / Lost,1. Low Spend (<GBP 500),363.65,1,363.65,288,289.0,140.03,132.87,146.61,13.74,140.03,1,0.9919,High Churn Risk,0,0,Standard Tier,Normal Alignment
18058,United Kingdom,UK,Potential Loyalists,1. Low Spend (<GBP 500),170.16,1,170.16,10,10.0,730.62,690.88,763.04,72.16,730.62,0,0.0034,Low Risk,0,0,Standard Tier,Normal Alignment
18059,United Kingdom,UK,Champions,1. Low Spend (<GBP 500),306.46,3,102.15,23,68.0,784.42,731.25,835.61,104.36,784.42,0,0.0144,Low Risk,0,0,Standard Tier,Normal Alignment
18061,United Kingdom,UK,Champions,3. High Spend (>GBP 2k),2119.41,10,211.94,22,367.0,858.33,841.12,875.38,34.27,858.33,0,0.074,Low Risk,0,0,Standard Tier,Normal Alignment
18062,United Kingdom,UK,At Risk,2. Mid Spend (GBP 500-2k),720.52,3,240.17,173,338.0,384.56,375.73,393.13,17.4,384.56,1,0.4991,Moderate Risk,0,0,Standard Tier,Normal Alignment
18064,United Kingdom,UK,At Risk,2. Mid Spend (GBP 500-2k),814.0,2,407.0,133,236.0,408.31,398.91,415.77,16.86,408.31,1,0.562,Elevated Risk,0,0,Standard Tier,Normal Alignment
18065,United Kingdom,UK,Champions,3. High Spend (>GBP 2k),2392.83,14,170.92,6,365.0,961.11,951.21,968.5,17.29,961.11,0,0.0587,Low Risk,0,0,Standard Tier,Normal Alignment
18066,United Kingdom,UK,About to Sleep,1. Low Spend (<GBP 500),318.0,1,318.0,75,76.0,365.73,347.94,380.45,32.51,365.73,0,0.0203,Low Risk,0,0,Standard Tier,Normal Alignment
18067,United Kingdom,UK,Need Attention,1. Low Spend (<GBP 500),396.33,1,396.33,40,41.0,497.49,473.98,517.05,43.07,497.49,0,0.0043,Low Risk,0,0,Standard Tier,Normal Alignment
18068,United Kingdom,UK,Hibernating / Lost,1. Low Spend (<GBP 500),101.7,1,101.7,289,290.0,139.62,132.48,146.18,13.7,139.62,1,0.9876,High Churn Risk,0,0,Standard Tier,Normal Alignment
18069,United Kingdom,UK,Champions,3. High Spend (>GBP 2k),2009.24,5,401.85,26,328.0,902.65,891.35,910.52,19.18,902.65,0,0.1372,Low Risk,0,0,Standard Tier,Normal Alignment
18071,United Kingdom,UK,At Risk,1. Low Spend (<GBP 500),453.0,2,226.5,258,366.0,214.94,206.88,223.02,16.13,214.94,1,0.5879,Elevated Risk,0,0,Standard Tier,Normal Alignment
18072,United Kingdom,UK,Hibernating / Lost,1. Low Spend (<GBP 500),247.44,1,247.44,186,186.0,199.59,189.58,208.77,19.19,199.59,1,0.9551,High Churn Risk,0,0,Standard Tier,Normal Alignment
18073,United Kingdom,UK,Cannot Lose Them,3. High Spend (>GBP 2k),3859.82,12,321.65,114,198.0,2785.65,2742.45,2816.73,74.28,2785.65,1,0.0563,Low Risk,1,1,Maintained VIP,Normal Alignment
18074,United Kingdom,UK,Hibernating / Lost,1. Low Spend (<GBP 500),489.6,1,489.6,374,374.0,112.36,106.58,117.6,11.02,112.36,1,0.9826,High Churn Risk,0,0,Standard Tier,Normal Alignment
18075,United Kingdom,UK,Champions,3. High Spend (>GBP 2k),2611.75,10,261.18,23,361.0,1147.9,1133.16,1161.04,27.89,1147.9,0,0.0379,Low Risk,1,1,Maintained VIP,Normal Alignment
18077,United Kingdom,UK,Champions,3. High Spend (>GBP 2k),2584.41,11,234.95,8,367.0,1123.65,1107.56,1139.08,31.52,1123.65,0,0.0398,Low Risk,1,1,Maintained VIP,Normal Alignment
18078,United Kingdom,UK,At Risk,1. Low Spend (<GBP 500),336.13,2,168.06,217,260.0,263.21,250.21,275.63,25.42,263.21,1,0.6586,Elevated Risk,0,0,Standard Tier,Normal Alignment
18079,United Kingdom,UK,Loyal Customers,3. High Spend (>GBP 2k),3613.15,4,903.29,45,239.0,1236.06,1180.68,1282.78,102.09,1236.06,0,0.0876,Low Risk,1,1,Maintained VIP,Normal Alignment
18080,United Kingdom,UK,Loyal Customers,2. Mid Spend (GBP 500-2k),1231.5,2,615.75,19,243.0,391.55,382.42,398.71,16.29,391.55,0,0.5846,Elevated Risk,0,0,Standard Tier,Normal Alignment
18081,United Kingdom,UK,Loyal Customers,1. Low Spend (<GBP 500),343.45,3,114.48,36,134.0,549.15,517.85,580.46,62.61,549.15,0,0.1606,Low Risk,0,0,Standard Tier,Normal Alignment
18082,United Kingdom,UK,Potential Loyalists,2. Mid Spend (GBP 500-2k),680.84,1,680.84,26,26.0,588.32,559.58,612.73,53.15,588.32,0,0.0107,Low Risk,0,0,Standard Tier,Normal Alignment
18084,United Kingdom,UK,Potential Loyalists,1. Low Spend (<GBP 500),90.48,1,90.48,16,17.0,660.7,626.69,689.09,62.4,660.7,0,0.0089,Low Risk,0,0,Standard Tier,Normal Alignment
18085,United Kingdom,UK,At Risk,2. Mid Spend (GBP 500-2k),689.95,2,344.98,330,374.0,271.07,264.48,276.39,11.91,271.07,1,0.5558,Elevated Risk,0,0,Standard Tier,Normal Alignment
18086,United Kingdom,UK,Hibernating / Lost,1. Low Spend (<GBP 500),101.34,1,101.34,274,275.0,145.95,138.5,152.82,14.33,145.95,1,0.9932,High Churn Risk,0,0,Standard Tier,Normal Alignment
18087,United Kingdom,UK,At Risk,3. High Spend (>GBP 2k),4055.72,2,2027.86,98,291.0,516.97,492.35,539.92,47.57,516.97,1,0.6022,Elevated Risk,0,0,Standard Tier,Normal Alignment
18088,United Kingdom,UK,Need Attention,1. Low Spend (<GBP 500),166.03,1,166.03,61,62.0,409.06,390.07,425.3,35.23,409.06,0,0.0232,Low Risk,0,0,Standard Tier,Normal Alignment
18092,United Kingdom,UK,Champions,3. High Spend (>GBP 2k),9068.26,11,824.39,2,366.0,3161.7,3106.39,3202.89,96.5,3161.7,0,0.054,Low Risk,1,1,Maintained VIP,Normal Alignment
18093,United Kingdom,UK,At Risk,3. High Spend (>GBP 2k),2106.52,4,526.63,93,303.0,741.01,730.82,749.01,18.2,741.01,1,0.1758,Low Risk,0,0,Standard Tier,Normal Alignment
18094,United Kingdom,UK,Cannot Lose Them,3. High Spend (>GBP 2k),3017.3,7,431.04,82,292.0,1353.56,1324.84,1376.76,51.92,1353.56,0,0.0471,Low Risk,1,1,Maintained VIP,Normal Alignment
18095,United Kingdom,UK,At Risk,2. Mid Spend (GBP 500-2k),580.05,2,290.02,313,333.0,237.07,228.54,245.56,17.02,237.07,1,0.5644,Elevated Risk,0,0,Standard Tier,Normal Alignment
18096,United Kingdom,UK,Champions,2. Mid Spend (GBP 500-2k),849.06,3,283.02,12,64.0,1452.07,1406.05,1485.65,79.6,1452.07,0,0.011,Low Risk,1,1,Maintained VIP,Normal Alignment
18097,United Kingdom,UK,Champions,3. High Spend (>GBP 2k),2662.4,6,443.73,8,355.0,1133.63,1109.8,1151.62,41.82,1133.63,0,0.0828,Low Risk,1,1,Maintained VIP,Normal Alignment
18099,United Kingdom,UK,About to Sleep,1. Low Spend (<GBP 500),168.31,1,168.31,127,128.0,262.45,249.55,274.03,24.48,262.45,1,0.9807,High Churn Risk,0,0,Standard Tier,Normal Alignment
18101,United Kingdom,UK,Loyal Customers,1. Low Spend (<GBP 500),222.4,2,111.2,11,144.0,398.25,375.23,419.38,44.15,398.25,0,0.4117,Moderate Risk,0,0,Standard Tier,Normal Alignment
18102,United Kingdom,UK,Champions,3. High Spend (>GBP 2k),259657.3,60,4327.62,1,368.0,94226.07,92864.41,95286.42,2422.01,94226.07,0,0.0413,Low Risk,1,1,Maintained VIP,Normal Alignment
18104,United Kingdom,UK,Need Attention,2. Mid Spend (GBP 500-2k),754.64,1,754.64,37,38.0,513.34,489.04,533.72,44.68,513.34,0,0.0156,Low Risk,0,0,Standard Tier,Normal Alignment
18105,United Kingdom,UK,Need Attention,1. Low Spend (<GBP 500),113.48,1,113.48,38,38.0,513.34,489.04,533.72,44.68,513.34,0,0.0102,Low Risk,0,0,Standard Tier,Normal Alignment
18106,United Kingdom,UK,Hibernating / Lost,1. Low Spend (<GBP 500),421.9,1,421.9,330,330.0,125.16,118.74,130.99,12.25,125.16,1,0.9952,High Churn Risk,0,0,Standard Tier,Normal Alignment
18108,United Kingdom,UK,Hibernating / Lost,1. Low Spend (<GBP 500),271.0,1,271.0,254,255.0,155.33,147.42,162.67,15.26,155.33,1,0.9954,High Churn Risk,0,0,Standard Tier,Normal Alignment
18109,United Kingdom,UK,Champions,3. High Spend (>GBP 2k),8004.92,26,307.88,2,370.0,3283.77,3253.28,3308.32,55.04,3283.77,0,0.0305,Low Risk,1,1,Maintained VIP,Normal Alignment
18110,United Kingdom,UK,Potential Loyalists,1. Low Spend (<GBP 500),198.8,1,198.8,20,20.0,634.68,602.69,661.61,58.92,634.68,0,0.0023,Low Risk,0,0,Standard Tier,Normal Alignment
18112,United Kingdom,UK,Loyal Customers,1. Low Spend (<GBP 500),352.69,2,176.34,12,167.0,383.69,365.69,400.65,34.96,383.69,0,0.3398,Moderate Risk,0,0,Standard Tier,Normal Alignment
18113,United Kingdom,UK,Hibernating / Lost,1. Low Spend (<GBP 500),76.32,1,76.32,369,369.0,113.68,107.83,118.97,11.14,113.68,1,0.9913,High Churn Risk,0,0,Standard Tier,Normal Alignment
18114,United Kingdom,UK,Hibernating / Lost,1. Low Spend (<GBP 500),220.1,1,220.1,290,291.0,139.22,132.1,145.76,13.66,139.22,1,0.9857,High Churn Risk,0,0,Standard Tier,Normal Alignment
18116,United Kingdom,UK,Loyal Customers,2. Mid Spend (GBP 500-2k),1403.11,8,175.39,68,365.0,676.75,660.34,694.05,33.71,676.75,0,0.0871,Low Risk,0,0,Standard Tier,Normal Alignment
18117,United Kingdom,UK,Potential Loyalists,1. Low Spend (<GBP 500),315.65,1,315.65,26,26.0,588.32,559.58,612.73,53.15,588.32,0,0.0071,Low Risk,0,0,Standard Tier,Normal Alignment
18118,United Kingdom,UK,Champions,3. High Spend (>GBP 2k),5625.08,26,216.35,11,370.0,2255.37,2227.78,2278.44,50.66,2255.37,0,0.0264,Low Risk,1,1,Maintained VIP,Normal Alignment
18119,United Kingdom,UK,Hibernating / Lost,1. Low Spend (<GBP 500),180.7,1,180.7,368,368.0,113.95,108.09,119.25,11.17,113.95,1,0.9932,High Churn Risk,0,0,Standard Tier,Normal Alignment
18120,United Kingdom,UK,Hibernating / Lost,1. Low Spend (<GBP 500),111.15,1,111.15,214,215.0,178.24,169.39,186.56,17.16,178.24,1,0.9889,High Churn Risk,0,0,Standard Tier,Normal Alignment
18121,United Kingdom,UK,At Risk,2. Mid Spend (GBP 500-2k),653.3,2,326.65,149,155.0,320.78,294.56,345.54,50.98,320.78,1,0.4031,Moderate Risk,0,0,Standard Tier,Normal Alignment
18122,United Kingdom,UK,Champions,2. Mid Spend (GBP 500-2k),1793.06,6,298.84,8,151.0,1664.89,1633.83,1688.18,54.35,1664.89,0,0.0393,Low Risk,1,1,Maintained VIP,Normal Alignment
18123,United Kingdom,UK,Loyal Customers,2. Mid Spend (GBP 500-2k),574.44,2,287.22,24,32.0,1139.23,1090.82,1178.48,87.66,1139.23,0,0.0078,Low Risk,1,1,Maintained VIP,Normal Alignment
18125,United Kingdom,UK,Champions,2. Mid Spend (GBP 500-2k),1131.75,4,282.94,30,317.0,438.72,424.18,453.02,28.84,438.72,0,0.1961,Low Risk,0,0,Standard Tier,Normal Alignment
18126,United Kingdom,UK,Need Attention,1. Low Spend (<GBP 500),200.92,1,200.92,61,61.0,412.56,393.24,428.94,35.7,412.56,0,0.0133,Low Risk,0,0,Standard Tier,Normal Alignment
18127,United Kingdom,UK,Champions,1. Low Spend (<GBP 500),347.08,3,115.69,19,134.0,486.71,467.41,503.81,36.4,486.71,0,0.1413,Low Risk,0,0,Standard Tier,Normal Alignment
18129,United Kingdom,UK,Hibernating / Lost,1. Low Spend (<GBP 500),112.55,1,112.55,243,244.0,161.02,152.86,168.61,15.75,161.02,1,0.9904,High Churn Risk,0,0,Standard Tier,Normal Alignment
18130,United Kingdom,UK,Champions,2. Mid Spend (GBP 500-2k),1059.39,3,353.13,15,58.0,1578.89,1529.88,1616.46,86.58,1578.89,0,0.0115,Low Risk,1,1,Maintained VIP,Normal Alignment
18133,United Kingdom,UK,Hibernating / Lost,2. Mid Spend (GBP 500-2k),931.5,1,931.5,212,213.0,179.57,170.67,187.94,17.27,179.57,1,0.9444,High Churn Risk,0,0,Standard Tier,Normal Alignment
18135,United Kingdom,UK,Champions,2. Mid Spend (GBP 500-2k),681.91,5,136.38,29,191.0,670.18,641.49,699.21,57.72,670.18,0,0.1543,Low Risk,0,0,Standard Tier,Normal Alignment
18136,United Kingdom,UK,Loyal Customers,2. Mid Spend (GBP 500-2k),784.33,3,261.44,63,320.0,381.3,371.21,391.39,20.18,381.3,0,0.4461,Moderate Risk,0,0,Standard Tier,Normal Alignment
18138,United Kingdom,UK,Hibernating / Lost,1. Low Spend (<GBP 500),152.65,1,152.65,295,296.0,137.25,130.22,143.68,13.46,137.25,1,0.9896,High Churn Risk,0,0,Standard Tier,Normal Alignment
18139,United Kingdom,UK,Champions,3. High Spend (>GBP 2k),8438.34,6,1406.39,18,19.0,4131.91,3747.53,4488.36,740.83,4131.91,0,0.0227,Low Risk,1,1,Maintained VIP,Normal Alignment
18142,United Kingdom,UK,At Risk,2. Mid Spend (GBP 500-2k),1019.52,2,509.76,157,216.0,602.15,577.29,625.2,47.91,602.15,1,0.5767,Elevated Risk,0,0,Standard Tier,Normal Alignment
18143,United Kingdom,UK,At Risk,2. Mid Spend (GBP 500-2k),1000.16,2,500.08,117,142.0,679.48,660.26,696.62,36.36,679.48,1,0.2265,Low Risk,0,0,Standard Tier,Normal Alignment
18144,United Kingdom,UK,Champions,3. High Spend (>GBP 2k),2888.75,12,240.73,8,374.0,1238.41,1223.42,1251.33,27.91,1238.41,0,0.0582,Low Risk,1,1,Maintained VIP,Normal Alignment
18145,United Kingdom,UK,Champions,3. High Spend (>GBP 2k),2861.55,4,715.39,13,313.0,1136.45,1102.04,1163.49,61.44,1136.45,0,0.1414,Low Risk,1,1,Maintained VIP,Normal Alignment
18146,United Kingdom,UK,At Risk,1. Low Spend (<GBP 500),160.35,2,80.18,141,221.0,273.77,256.66,289.91,33.25,273.77,1,0.645,Elevated Risk,0,0,Standard Tier,Normal Alignment
18147,United Kingdom,UK,Loyal Customers,1. Low Spend (<GBP 500),179.34,2,89.67,46,109.0,456.79,427.04,484.23,57.2,456.79,0,0.2344,Low Risk,0,0,Standard Tier,Normal Alignment
18149,United Kingdom,UK,Loyal Customers,2. Mid Spend (GBP 500-2k),612.08,3,204.03,51,274.0,384.95,370.07,399.51,29.44,384.95,0,0.3689,Moderate Risk,0,0,Standard Tier,Normal Alignment
18150,United Kingdom,UK,Champions,2. Mid Spend (GBP 500-2k),566.58,3,188.86,32,202.0,466.5,446.48,486.34,39.86,466.5,0,0.2345,Low Risk,0,0,Standard Tier,Normal Alignment
18151,United Kingdom,UK,At Risk,2. Mid Spend (GBP 500-2k),653.35,2,326.68,135,290.0,319.24,310.89,325.72,14.83,319.24,1,0.5187,Elevated Risk,0,0,Standard Tier,Normal Alignment
18154,United Kingdom,UK,Loyal Customers,1. Low Spend (<GBP 500),399.19,2,199.59,3,44.0,885.38,839.09,920.09,81.0,885.38,0,0.0044,Low Risk,0,0,Standard Tier,Normal Alignment
18155,United Kingdom,UK,At Risk,1. Low Spend (<GBP 500),371.62,3,123.87,75,292.0,311.55,294.73,328.52,33.79,311.55,0,0.477,Moderate Risk,0,0,Standard Tier,Normal Alignment
18156,United Kingdom,UK,Loyal Customers,2. Mid Spend (GBP 500-2k),675.64,2,337.82,13,370.0,306.08,298.57,313.11,14.54,306.08,0,0.4467,Moderate Risk,0,0,Standard Tier,Normal Alignment
18158,United Kingdom,UK,Loyal Customers,1. Low Spend (<GBP 500),453.4,2,226.7,9,89.0,546.77,514.88,575.37,60.49,546.77,0,0.0226,Low Risk,0,0,Standard Tier,Normal Alignment
18159,United Kingdom,UK,Hibernating / Lost,2. Mid Spend (GBP 500-2k),530.15,1,530.15,301,302.0,134.95,128.04,141.27,13.23,134.95,1,0.9805,High Churn Risk,0,0,Standard Tier,Normal Alignment
18160,United Kingdom,UK,Loyal Customers,2. Mid Spend (GBP 500-2k),638.06,2,319.03,57,201.0,418.58,407.5,427.02,19.52,418.58,0,0.5425,Elevated Risk,0,0,Standard Tier,Normal Alignment
18161,United Kingdom,UK,Champions,2. Mid Spend (GBP 500-2k),1618.69,5,323.74,15,320.0,752.29,742.13,760.47,18.34,752.29,0,0.14,Low Risk,0,0,Standard Tier,Normal Alignment
18164,United Kingdom,UK,Need Attention,1. Low Spend (<GBP 500),399.65,1,399.65,37,38.0,513.34,489.04,533.72,44.68,513.34,0,0.0051,Low Risk,0,0,Standard Tier,Normal Alignment
18165,United Kingdom,UK,About to Sleep,1. Low Spend (<GBP 500),302.46,1,302.46,177,178.0,206.41,196.13,215.86,19.74,206.41,1,0.9654,High Churn Risk,0,0,Standard Tier,Normal Alignment
18167,United Kingdom,UK,Champions,2. Mid Spend (GBP 500-2k),1384.86,3,461.62,23,106.0,1239.29,1208.24,1262.06,53.82,1239.29,0,0.0743,Low Risk,1,1,Maintained VIP,Normal Alignment
18168,United Kingdom,UK,Cannot Lose Them,2. Mid Spend (GBP 500-2k),1160.04,6,193.34,176,373.0,513.63,499.12,529.42,30.29,513.63,1,0.187,Low Risk,0,0,Standard Tier,Normal Alignment
18169,United Kingdom,UK,Need Attention,1. Low Spend (<GBP 500),202.65,1,202.65,61,61.0,412.56,393.24,428.94,35.7,412.56,0,0.0089,Low Risk,0,0,Standard Tier,Normal Alignment
18170,United Kingdom,UK,Champions,2. Mid Spend (GBP 500-2k),980.31,3,326.77,33,218.0,620.16,608.79,629.19,20.4,620.16,0,0.2355,Low Risk,0,0,Standard Tier,Normal Alignment
18171,United Kingdom,UK,Loyal Customers,2. Mid Spend (GBP 500-2k),1231.31,5,246.26,59,334.0,593.58,580.83,606.14,25.31,593.58,0,0.1758,Low Risk,0,0,Standard Tier,Normal Alignment
18172,United Kingdom,UK,Champions,3. High Spend (>GBP 2k),7561.68,20,378.08,15,290.0,2940.84,2907.37,2965.34,57.97,2940.84,0,0.0354,Low Risk,1,1,Maintained VIP,Normal Alignment
18173,United Kingdom,UK,At Risk,3. High Spend (>GBP 2k),2106.84,4,526.71,87,275.0,803.56,792.1,812.27,20.16,803.56,0,0.1495,Low Risk,0,0,Standard Tier,Normal Alignment
18174,United Kingdom,UK,Potential Loyalists,1. Low Spend (<GBP 500),104.0,1,104.0,7,8.0,753.4,711.44,787.33,75.88,753.4,0,0.0048,Low Risk,0,0,Standard Tier,Normal Alignment
18176,United Kingdom,UK,Hibernating / Lost,1. Low Spend (<GBP 500),476.35,1,476.35,358,359.0,116.42,110.43,121.83,11.4,116.42,1,0.9859,High Churn Risk,0,0,Standard Tier,Normal Alignment
18177,United Kingdom,UK,Champions,2. Mid Spend (GBP 500-2k),1340.87,6,223.48,31,256.0,847.28,829.31,864.6,35.29,847.28,0,0.0732,Low Risk,0,0,Standard Tier,Normal Alignment
18178,United Kingdom,UK,At Risk,2. Mid Spend (GBP 500-2k),1590.81,4,397.7,129,365.0,645.25,636.76,651.64,14.89,645.25,1,0.2895,Moderate Risk,0,0,Standard Tier,Normal Alignment
18179,United Kingdom,UK,Champions,2. Mid Spend (GBP 500-2k),1793.17,6,298.86,9,337.0,789.04,777.02,799.07,22.05,789.04,0,0.0956,Low Risk,0,0,Standard Tier,Normal Alignment
18180,United Kingdom,UK,Champions,2. Mid Spend (GBP 500-2k),1843.75,6,307.29,5,143.0,1626.61,1593.73,1652.9,59.18,1626.61,0,0.0403,Low Risk,1,1,Maintained VIP,Normal Alignment
18181,United Kingdom,UK,Potential Loyalists,1. Low Spend (<GBP 500),366.85,1,366.85,24,25.0,595.57,566.3,620.37,54.07,595.57,0,0.0047,Low Risk,0,0,Standard Tier,Normal Alignment
18183,United Kingdom,UK,At Risk,2. Mid Spend (GBP 500-2k),632.07,2,316.04,227,275.0,324.94,316.53,331.74,15.21,324.94,1,0.534,Elevated Risk,0,0,Standard Tier,Normal Alignment
18184,United Kingdom,UK,Potential Loyalists,1. Low Spend (<GBP 500),49.8,1,49.8,15,16.0,669.86,635.12,698.77,63.65,669.86,0,0.0065,Low Risk,0,0,Standard Tier,Normal Alignment
18185,United Kingdom,UK,Hibernating / Lost,1. Low Spend (<GBP 500),304.25,1,304.25,249,250.0,157.87,149.83,165.32,15.49,157.87,1,0.9891,High Churn Risk,0,0,Standard Tier,Normal Alignment
18188,United Kingdom,UK,Champions,3. High Spend (>GBP 2k),2001.04,3,667.01,15,291.0,870.44,837.48,897.91,60.43,870.44,0,0.3872,Moderate Risk,0,0,Standard Tier,Normal Alignment
18189,United Kingdom,UK,At Risk,2. Mid Spend (GBP 500-2k),1090.24,2,545.12,78,268.0,389.25,379.23,397.48,18.25,389.25,0,0.5061,Elevated Risk,0,0,Standard Tier,Normal Alignment
18190,United Kingdom,UK,At Risk,1. Low Spend (<GBP 500),284.46,2,142.23,192,331.0,206.18,195.1,216.91,21.81,206.18,1,0.6691,Elevated Risk,0,0,Standard Tier,Normal Alignment
18191,United Kingdom,UK,Hibernating / Lost,1. Low Spend (<GBP 500),207.8,1,207.8,262,262.0,151.91,144.17,159.09,14.92,151.91,1,0.9961,High Churn Risk,0,0,Standard Tier,Normal Alignment
18192,United Kingdom,UK,Need Attention,2. Mid Spend (GBP 500-2k),957.97,1,957.97,72,72.0,377.14,359.06,392.22,33.16,377.14,0,0.0499,Low Risk,0,0,Standard Tier,Normal Alignment
18193,United Kingdom,UK,About to Sleep,1. Low Spend (<GBP 500),243.76,1,243.76,165,166.0,217.56,206.81,227.45,20.63,217.56,1,0.9758,High Churn Risk,0,0,Standard Tier,Normal Alignment
18194,United Kingdom,UK,About to Sleep,2. Mid Spend (GBP 500-2k),973.84,1,973.84,82,83.0,347.33,330.37,361.47,31.11,347.33,0,0.063,Low Risk,0,0,Standard Tier,Normal Alignment
18196,United Kingdom,UK,At Risk,2. Mid Spend (GBP 500-2k),686.63,2,343.32,95,291.0,277.6,268.59,286.75,18.16,277.6,1,0.4848,Moderate Risk,0,0,Standard Tier,Normal Alignment
18198,United Kingdom,UK,Champions,3. High Spend (>GBP 2k),5425.56,17,319.15,4,337.0,2408.42,2383.74,2427.09,43.35,2408.42,0,0.0281,Low Risk,1,1,Maintained VIP,Normal Alignment
18200,United Kingdom,UK,About to Sleep,1. Low Spend (<GBP 500),150.35,1,150.35,106,107.0,296.24,281.85,308.99,27.14,296.24,1,0.9652,High Churn Risk,0,0,Standard Tier,Normal Alignment
18202,United Kingdom,UK,At Risk,2. Mid Spend (GBP 500-2k),1396.99,3,465.66,200,312.0,508.87,483.75,533.06,49.31,508.87,1,0.4745,Moderate Risk,0,0,Standard Tier,Normal Alignment
18203,United Kingdom,UK,About to Sleep,1. Low Spend (<GBP 500),160.42,1,160.42,157,158.0,225.69,214.54,235.89,21.35,225.69,1,0.9792,High Churn Risk,0,0,Standard Tier,Normal Alignment
18204,United Kingdom,UK,Loyal Customers,2. Mid Spend (GBP 500-2k),1975.35,3,658.45,71,193.0,1130.11,1088.74,1164.73,75.99,1130.11,0,0.1029,Low Risk,1,1,Maintained VIP,Normal Alignment
18205,United Kingdom,UK,Loyal Customers,2. Mid Spend (GBP 500-2k),517.36,2,258.68,36,75.0,792.05,764.91,810.98,46.07,792.05,0,0.0055,Low Risk,0,0,Standard Tier,Normal Alignment
18209,United Kingdom,UK,Potential Loyalists,1. Low Spend (<GBP 500),139.1,1,139.1,29,29.0,567.59,540.21,590.85,50.64,567.59,0,0.0033,Low Risk,0,0,Standard Tier,Normal Alignment
18210,United Kingdom,UK,Champions,3. High Spend (>GBP 2k),2621.38,6,436.9,2,268.0,1461.74,1439.76,1477.2,37.44,1461.74,0,0.0516,Low Risk,1,1,Maintained VIP,Normal Alignment
18211,United Kingdom,UK,Champions,2. Mid Spend (GBP 500-2k),600.07,5,120.01,26,279.0,442.56,421.09,467.0,45.91,442.56,0,0.2366,Low Risk,0,0,Standard Tier,Normal Alignment
18212,United Kingdom,UK,Hibernating / Lost,1. Low Spend (<GBP 500),216.07,1,216.07,326,327.0,126.14,119.67,132.02,12.35,126.14,1,0.9945,High Churn Risk,0,0,Standard Tier,Normal Alignment
18213,United Kingdom,UK,Hibernating / Lost,1. Low Spend (<GBP 500),232.48,1,232.48,237,237.0,164.87,156.55,172.62,16.07,164.87,1,0.9796,High Churn Risk,0,0,Standard Tier,Normal Alignment
18215,United Kingdom,UK,About to Sleep,1. Low Spend (<GBP 500),299.34,1,299.34,89,90.0,330.69,314.49,344.3,29.81,330.69,0,0.0231,Low Risk,0,0,Standard Tier,Normal Alignment
18216,United Kingdom,UK,Potential Loyalists,1. Low Spend (<GBP 500),481.75,1,481.75,31,32.0,548.28,522.17,571.32,49.15,548.28,0,0.0039,Low Risk,0,0,Standard Tier,Normal Alignment
18217,United Kingdom,UK,Loyal Customers,2. Mid Spend (GBP 500-2k),621.75,2,310.88,29,71.0,829.94,802.12,850.51,48.39,829.94,0,0.0097,Low Risk,0,0,Standard Tier,Normal Alignment
18218,United Kingdom,UK,At Risk,2. Mid Spend (GBP 500-2k),641.92,2,320.96,211,282.0,331.53,323.41,338.38,14.97,331.53,1,0.5834,Elevated Risk,0,0,Standard Tier,Normal Alignment
18219,United Kingdom,UK,Champions,3. High Spend (>GBP 2k),2069.77,10,206.98,3,369.0,905.88,891.49,920.59,29.1,905.88,0,0.0645,Low Risk,0,0,Standard Tier,Normal Alignment
18220,United Kingdom,UK,Hibernating / Lost,1. Low Spend (<GBP 500),305.28,1,305.28,227,227.0,170.69,162.14,178.69,16.55,170.69,1,0.9883,High Churn Risk,0,0,Standard Tier,Normal Alignment
18221,United Kingdom,UK,Champions,2. Mid Spend (GBP 500-2k),1041.61,5,208.32,22,212.0,755.74,733.85,777.75,43.9,755.74,0,0.0797,Low Risk,0,0,Standard Tier,Normal Alignment
18222,United Kingdom,UK,About to Sleep,1. Low Spend (<GBP 500),443.0,1,443.0,93,93.0,324.04,308.16,337.43,29.27,324.04,1,0.8039,High Churn Risk,0,0,Standard Tier,Normal Alignment
18223,United Kingdom,UK,Champions,3. High Spend (>GBP 2k),6484.54,14,463.18,5,359.0,2606.59,2581.17,2627.55,46.38,2606.59,0,0.0342,Low Risk,1,1,Maintained VIP,Normal Alignment
18224,United Kingdom,UK,Hibernating / Lost,1. Low Spend (<GBP 500),158.95,1,158.95,264,264.0,150.96,143.26,158.09,14.83,150.96,1,0.9921,High Churn Risk,0,0,Standard Tier,Normal Alignment
18225,United Kingdom,UK,Champions,3. High Spend (>GBP 2k),5504.96,12,458.75,3,366.0,2354.47,2331.82,2373.36,41.54,2354.47,0,0.0339,Low Risk,1,1,Maintained VIP,Normal Alignment
18226,United Kingdom,UK,Loyal Customers,3. High Spend (>GBP 2k),5228.05,11,475.28,44,338.0,2232.08,2209.15,2250.5,41.35,2232.08,0,0.0304,Low Risk,1,1,Maintained VIP,Normal Alignment
18227,United Kingdom,UK,Hibernating / Lost,1. Low Spend (<GBP 500),93.75,1,93.75,218,218.0,176.29,167.52,184.53,17.01,176.29,1,0.9885,High Churn Risk,0,0,Standard Tier,Normal Alignment
18228,United Kingdom,UK,Loyal Customers,2. Mid Spend (GBP 500-2k),779.9,2,389.95,57,80.0,830.15,806.59,848.82,42.23,830.15,0,0.0092,Low Risk,0,0,Standard Tier,Normal Alignment
18229,United Kingdom,UK,Champions,3. High Spend (>GBP 2k),7276.9,20,363.84,12,374.0,2923.85,2896.8,2944.37,47.58,2923.85,0,0.0454,Low Risk,1,1,Maintained VIP,Normal Alignment
18230,United Kingdom,UK,Champions,3. High Spend (>GBP 2k),2810.2,7,401.46,9,303.0,1274.79,1261.04,1284.78,23.74,1274.79,0,0.0504,Low Risk,1,1,Maintained VIP,Normal Alignment
18231,United Kingdom,UK,At Risk,3. High Spend (>GBP 2k),2071.77,5,414.35,192,289.0,1031.4,1016.55,1040.56,24.02,1031.4,1,0.0911,Low Risk,0,0,Standard Tier,Normal Alignment
18232,United Kingdom,UK,At Risk,2. Mid Spend (GBP 500-2k),592.97,4,148.24,82,198.0,582.86,558.94,606.92,47.99,582.86,0,0.1504,Low Risk,0,0,Standard Tier,Normal Alignment
18233,United Kingdom,UK,Hibernating / Lost,1. Low Spend (<GBP 500),440.0,1,440.0,326,326.0,126.47,119.98,132.37,12.38,126.47,1,0.989,High Churn Risk,0,0,Standard Tier,Normal Alignment
18235,United Kingdom,UK,Loyal Customers,2. Mid Spend (GBP 500-2k),1796.48,3,598.83,72,218.0,990.38,957.39,1017.67,60.28,990.38,0,0.1327,Low Risk,0,0,Standard Tier,Normal Alignment
18236,United Kingdom,UK,Champions,2. Mid Spend (GBP 500-2k),882.24,6,147.04,30,241.0,667.58,643.18,692.63,49.45,667.58,0,0.1172,Low Risk,0,0,Standard Tier,Normal Alignment
18237,United Kingdom,UK,Champions,2. Mid Spend (GBP 500-2k),987.1,5,197.42,3,135.0,942.01,903.97,979.6,75.63,942.01,0,0.0549,Low Risk,0,0,Standard Tier,Normal Alignment
18239,United Kingdom,UK,At Risk,2. Mid Spend (GBP 500-2k),1561.61,5,312.32,219,373.0,588.32,578.01,597.61,19.6,588.32,1,0.233,Low Risk,0,0,Standard Tier,Normal Alignment
18240,United Kingdom,UK,Need Attention,1. Low Spend (<GBP 500),422.58,1,422.58,46,47.0,468.55,446.28,486.96,40.68,468.55,0,0.0051,Low Risk,0,0,Standard Tier,Normal Alignment
18241,United Kingdom,UK,Champions,3. High Spend (>GBP 2k),2073.09,17,121.95,10,218.0,1347.65,1305.3,1389.51,84.21,1347.65,0,0.0564,Low Risk,1,1,Maintained VIP,Normal Alignment
18242,United Kingdom,UK,Loyal Customers,3. High Spend (>GBP 2k),2232.49,4,558.12,72,214.0,1305.74,1245.11,1353.31,108.21,1305.74,0,0.0877,Low Risk,1,1,Maintained VIP,Normal Alignment
18245,United Kingdom,UK,Champions,3. High Spend (>GBP 2k),2567.06,7,366.72,7,356.0,1024.44,1007.07,1037.81,30.74,1024.44,0,0.0593,Low Risk,0,0,Standard Tier,Normal Alignment
18246,United Kingdom,UK,Loyal Customers,2. Mid Spend (GBP 500-2k),596.1,2,298.05,24,234.0,391.25,381.79,398.68,16.89,391.25,0,0.5943,Elevated Risk,0,0,Standard Tier,Normal Alignment
18248,United Kingdom,UK,At Risk,2. Mid Spend (GBP 500-2k),804.02,2,402.01,123,187.0,436.06,424.15,445.56,21.4,436.06,1,0.4726,Moderate Risk,0,0,Standard Tier,Normal Alignment
18249,United Kingdom,UK,Potential Loyalists,1. Low Spend (<GBP 500),95.34,1,95.34,17,18.0,651.79,618.48,679.68,61.2,651.79,0,0.0039,Low Risk,0,0,Standard Tier,Normal Alignment
18250,United Kingdom,UK,Hibernating / Lost,1. Low Spend (<GBP 500),349.27,1,349.27,310,311.0,131.64,124.89,137.79,12.9,131.64,1,0.9919,High Churn Risk,0,0,Standard Tier,Normal Alignment
18251,United Kingdom,UK,About to Sleep,3. High Spend (>GBP 2k),4314.72,1,4314.72,87,88.0,335.28,318.86,349.04,30.17,335.28,0,0.0802,Low Risk,0,0,Standard Tier,Normal Alignment
18252,United Kingdom,UK,Loyal Customers,2. Mid Spend (GBP 500-2k),518.27,2,259.14,51,172.0,547.86,533.71,559.13,25.41,547.86,0,0.3381,Moderate Risk,0,0,Standard Tier,Normal Alignment
18255,United Kingdom,UK,About to Sleep,1. Low Spend (<GBP 500),103.3,1,103.3,89,90.0,330.69,314.49,344.3,29.81,330.69,0,0.0427,Low Risk,0,0,Standard Tier,Normal Alignment
18257,United Kingdom,UK,Loyal Customers,3. High Spend (>GBP 2k),2337.63,8,292.2,39,297.0,1142.18,1129.26,1153.09,23.83,1142.18,0,0.0407,Low Risk,1,1,Maintained VIP,Normal Alignment
18259,United Kingdom,UK,Champions,3. High Spend (>GBP 2k),2338.6,3,779.53,25,367.0,848.94,812.91,880.63,67.72,848.94,0,0.4511,Moderate Risk,0,0,Standard Tier,Normal Alignment
18260,United Kingdom,UK,Cannot Lose Them,3. High Spend (>GBP 2k),2628.35,6,438.06,173,359.0,1109.95,1096.53,1119.62,23.09,1109.95,1,0.0741,Low Risk,1,1,Maintained VIP,Normal Alignment
18261,United Kingdom,UK,Loyal Customers,1. Low Spend (<GBP 500),324.24,2,162.12,43,96.0,512.62,482.3,540.6,58.29,512.62,0,0.1165,Low Risk,0,0,Standard Tier,Normal Alignment
18262,United Kingdom,UK,About to Sleep,1. Low Spend (<GBP 500),149.48,1,149.48,140,141.0,245.15,233.06,256.09,23.03,245.15,1,0.9648,High Churn Risk,0,0,Standard Tier,Normal Alignment
18263,United Kingdom,UK,Champions,2. Mid Spend (GBP 500-2k),1213.16,3,404.39,26,253.0,659.14,647.28,668.32,21.05,659.14,0,0.1999,Low Risk,0,0,Standard Tier,Normal Alignment
18265,United Kingdom,UK,Loyal Customers,2. Mid Spend (GBP 500-2k),801.51,2,400.76,72,159.0,496.19,483.17,506.7,23.53,496.19,0,0.268,Moderate Risk,0,0,Standard Tier,Normal Alignment
18268,United Kingdom,UK,About to Sleep,1. Low Spend (<GBP 500),25.5,1,25.5,134,135.0,252.84,240.38,264.07,23.69,252.84,1,0.9623,High Churn Risk,0,0,Standard Tier,Normal Alignment
18269,United Kingdom,UK,Hibernating / Lost,1. Low Spend (<GBP 500),168.6,1,168.6,366,367.0,114.22,108.34,119.54,11.19,114.22,1,0.9921,High Churn Risk,0,0,Standard Tier,Normal Alignment
18270,United Kingdom,UK,Loyal Customers,1. Low Spend (<GBP 500),283.15,2,141.58,38,267.0,271.27,259.98,282.35,22.37,271.27,0,0.6202,Elevated Risk,0,0,Standard Tier,Normal Alignment
18272,United Kingdom,UK,Champions,3. High Spend (>GBP 2k),3078.58,6,513.1,3,247.0,1541.75,1518.35,1558.53,40.18,1541.75,0,0.0442,Low Risk,1,1,Maintained VIP,Normal Alignment
18273,United Kingdom,UK,Champions,1. Low Spend (<GBP 500),204.0,3,68.0,2,258.0,296.24,275.25,318.67,43.42,296.24,0,0.5721,Elevated Risk,0,0,Standard Tier,Normal Alignment
18274,United Kingdom,UK,Potential Loyalists,1. Low Spend (<GBP 500),175.92,1,175.92,30,31.0,554.57,528.09,577.48,49.38,554.57,0,0.0042,Low Risk,0,0,Standard Tier,Normal Alignment
18276,United Kingdom,UK,Need Attention,1. Low Spend (<GBP 500),335.86,1,335.86,44,44.0,482.58,459.71,501.39,41.68,482.58,0,0.0038,Low Risk,0,0,Standard Tier,Normal Alignment
18277,United Kingdom,UK,Need Attention,1. Low Spend (<GBP 500),110.38,1,110.38,58,59.0,419.72,399.6,436.52,36.92,419.72,0,0.0179,Low Risk,0,0,Standard Tier,Normal Alignment
18278,United Kingdom,UK,About to Sleep,1. Low Spend (<GBP 500),173.9,1,173.9,74,74.0,371.35,353.38,386.24,32.86,371.35,0,0.0227,Low Risk,0,0,Standard Tier,Normal Alignment
18280,United Kingdom,UK,Hibernating / Lost,1. Low Spend (<GBP 500),180.6,1,180.6,278,278.0,144.64,137.25,151.45,14.2,144.64,1,0.9853,High Churn Risk,0,0,Standard Tier,Normal Alignment
18281,United Kingdom,UK,Hibernating / Lost,1. Low Spend (<GBP 500),80.82,1,80.82,181,181.0,203.8,193.62,213.15,19.53,203.8,1,0.9833,High Churn Risk,0,0,Standard Tier,Normal Alignment
18282,United Kingdom,UK,Loyal Customers,1. Low Spend (<GBP 500),178.05,2,89.02,8,127.0,409.97,382.33,435.0,52.67,409.97,0,0.4061,Moderate Risk,0,0,Standard Tier,Normal Alignment
18283,United Kingdom,UK,Champions,3. High Spend (>GBP 2k),2045.53,16,127.85,4,338.0,1029.47,1006.22,1054.08,47.86,1029.47,0,0.052,Low Risk,0,0,Standard Tier,Normal Alignment
18287,United Kingdom,UK,Loyal Customers,2. Mid Spend (GBP 500-2k),1837.28,3,612.43,43,202.0,884.21,863.83,900.4,36.57,884.21,0,0.1187,Low Risk,0,0,Standard Tier,Normal Alignment
